v -0.02219999582 0.5 -3.223100185
vn 0.07664220035 0.5611299872 -0.8241717815
v 0.5095000267 0.5 -3.087800026
vn -0.1942165494 0.09629999101 0.9762203693
v 0.5205000043 0.5 -3.142599821
vn 0.1617826074 0.3786783516 -0.9112788439
v -0.0277000051 0.5 -3.167500257
vn -0.09663092345 0.165878132 0.9814004898
v 2.038700342 0.5 -2.540599823
vn -0.4648523927 0.1658711582 0.8697119951
v 2.504499674 0.5 -2.261399984
vn -0.5536164045 0.08383370936 0.8285413384
v 2.53550005 0.5 -2.30790019
vn 0.4775081575 0.496766299 -0.7247132063
v -5.089799881 -2.520567977e-09 10.61270046
vn 2.786400101e-22 -1 1.561467868e-22
v -5.088500023 -2.520567977e-09 10.61349964
vn 2.839075309e-22 -1 1.561467868e-22
v -5.089900017 -2.520567977e-09 10.61610031
vn 7.434681069e-22 -1 -1.610710989e-21
v -5.090000153 -2.520567977e-09 10.61620045
vn 4.582272016e-20 -1 -9.907243655e-20
v -5.804599762 -2.520567977e-09 10.28909969
vn -0.5342205167 -0.1676637977 0.8285512924
v -5.090000153 -2.520567977e-09 10.61629963
vn -6.638466274e-20 -1 1.435164696e-19
v -5.090000153 -2.520567977e-09 10.61639977
vn -1.07287658e-22 -1 2.289386933e-22
v -3.17050004 -2.520568199e-09 7.223700047
vn 0.04609810933 -0.9951657057 -0.08671918511
v -5.038199902 -2.520567977e-09 10.64360046
vn -3.778081057e-22 -1 -1.813429031e-22
v -4.823500156 -2.520567977e-09 10.75409985
vn -1.879815021e-22 -1 -8.208122962e-23
v -4.823500156 -2.520567977e-09 10.75409985
vn 9.182666074e-21 -1 4.305284853e-21
v -4.819900036 -2.520567977e-09 10.75580025
vn -6.565546925e-24 -1 -2.671890819e-24
v -4.824500084 -2.520567977e-09 10.75580025
vn 8.767587534e-23 -1 -1.614905684e-22
v -5.037199974 -2.520567977e-09 10.64420033
vn 3.446109961e-21 -1 1.790655589e-21
v -5.032999992 -2.520567977e-09 10.64669991
vn 7.696217237e-23 -1 3.703277858e-23
v -5.015699863 -2.520567977e-09 10.65709972
vn 2.067558742e-22 -1 1.032072276e-22
v -4.913300037 -2.520567977e-09 10.7116003
vn -1.738524858e-22 -1 -8.869867452e-23
v -4.967700005 -2.520567977e-09 10.68589973
vn -4.446951864e-23 -1 -2.252422552e-23
v -4.866399765 -2.520567977e-09 10.73379993
vn -2.953422023e-23 -1 3.945554082e-24
v -5.010099888 -2.520567977e-09 10.7652998
vn -0.4526976943 -0.1350623965 0.8813756108
v -5.037899971 -2.520567977e-09 10.64379978
vn -6.031423626e-20 -1 -3.132965634e-20
v -5.037899971 -2.520567977e-09 10.64379978
vn 1.672036071e-20 -1 8.686032973e-21
v -5.010099888 0.5 10.7652998
vn -0.4773344398 0.1855011582 0.8589186072
v -4.172599792 0.5 11.16139984
vn -0.3761478066 0.1841489077 0.9080759883
v -4.95720005 0.5 10.68599987
vn -0.003349796403 0.9999928474 -0.001769541646
v -5.804599762 0.5 10.28909969
vn -0.5593085289 0.184970513 0.8080593348
v -5.752099991 0.5 10.2105999
vn 0.3488007784 0.7667096853 -0.5389751792
v -9.909500122 -2.520568421e-09 2.450000048
vn -8.445909699e-25 -1 -2.671890819e-24
v -10 -2.520568421e-09 2.440000057
vn -0.9859886765 -0.1668123305 7.937549057e-18
v -9.909999847 -2.520568421e-09 2.440000057
vn -4.919860704e-25 -1 -2.671890819e-24
v -9.869999886 -2.520568421e-09 3.254600048
vn 5.636057166e-25 -1 3.945554082e-24
v -9.905599594 0.5 2.440000057
vn 0.7762371898 0.6303483248 -0.01080839336
v -9.860600471 0.5 1.524000049
vn 0.7573084235 0.6487824321 0.07460092753
v -10 0.5 2.440000057
vn -0.9361390471 0.3516300023 -1.802103954e-17
v -9.954500198 0.5 1.514700055
vn -0.9794763923 0.1848643124 -0.08031921834
v -9.954500198 -2.520568643e-09 1.514700055
vn -0.9767198563 -0.1827360243 -0.1123650223
v -9.954500198 0.5 3.36529994
vn -0.9903960824 0.09797723591 0.09755016863
v -9.954500198 -2.520568421e-09 3.36529994
vn -0.9739771485 -0.2053420693 0.09593296796
v -9.730400085 -2.520568643e-09 0.6158999801
vn -7.409127561e-25 -1 -2.671890819e-24
v -9.818599701 -2.520568643e-09 0.5983000398
vn -0.9471204281 -0.259760797 -0.1883804649
v -9.864999771 -2.520568643e-09 1.523499966
vn -7.377844789e-25 -1 -2.671890819e-24
v -9.869999886 -2.520568643e-09 1.62530005
vn -8.874261171e-25 -1 3.945554082e-24
v -9.869600296 -2.520568421e-09 3.262500048
vn 3.643120272e-23 -1 2.818782525e-22
v -9.869299889 -2.520568421e-09 3.269200087
vn -2.481256743e-23 -1 -2.011952378e-22
v -9.869999886 -2.520568421e-09 3.28730011
vn -1.215185478e-23 -1 -4.237656022e-23
v -9.867300034 -2.520568421e-09 3.309499979
vn 3.775128177e-24 -1 1.056299898e-23
v -9.864999771 -2.520568421e-09 3.356400013
vn -9.257421562e-24 -1 -8.208122962e-23
v -9.862700462 -2.520568421e-09 3.371599913
vn 3.831839782e-24 -1 2.379788878e-23
v -9.833800316 -2.520568421e-09 3.585099936
vn 2.274620151e-23 -1 1.056299898e-23
v -9.818599701 -2.520568421e-09 4.281700134
vn -0.9673093557 -0.1652162075 0.1923959702
v -9.725999832 0.5 4.263199806
vn 0.8432822824 0.5093100667 -0.1716923863
v -9.848799706 0.5 3.435800076
vn 0.003213020507 0.9996216297 -0.02731810138
v -9.818599701 0.5 4.281700134
vn -0.9206056595 0.3449016809 0.1831066906
v -9.905599594 0.4167000055 2.440000057
vn 0.04425202683 0.9990180731 0.00215010345
v -9.860600471 0.4167000055 1.524000049
vn 0.01699626818 0.9998541474 0.001674268162
v -9.905099869 0.4167000055 2.450000048
vn 0.0163649153 0.9998657703 -0.0008038998349
v -9.869999886 0.4167000055 3.164700031
vn 0.2439501882 0.9697138071 -0.01197810099
v -9.818599701 0.5 0.5983000398
vn -0.9711622596 0.1397576928 -0.193162322
v -9.730400085 -2.520568421e-09 4.263999939
vn -3.457979272e-24 -1 -2.671890819e-24
v -9.831100464 -2.520568421e-09 3.585099936
vn -3.098542295e-24 -1 -9.289335719e-24
v -9.507399559 -2.520568421e-09 5.154099941
vn -2.631455781e-24 -1 1.056299898e-23
v -9.593500137 -2.520568421e-09 5.180300236
vn -0.9295601845 -0.2374778986 0.281996727
v -9.283800125 -2.520568199e-09 5.778999805
vn -3.76067664e-24 -1 -2.671890819e-24
v -5.99119997 -2.520568421e-09 3.420300007
vn 0.08733350784 -0.9960464835 -0.01625764742
v -9.503199577 0.5 5.152900219
vn 0.4873508215 0.8593910933 -0.1547131985
v -9.593500137 0.5 5.180300236
vn -0.9527027607 0.09394867718 0.2890174091
v -9.194199562 0.5 6.01639986
vn 0.7575004697 0.5672109127 -0.3232102096
v -9.281399727 0.5 6.052499771
vn -0.8900205493 0.2428564578 0.3858551383
v -9.725999832 0.4167000055 4.263199806
vn 0.03690076247 0.9992899299 -0.007611763664
v -9.826600075 0.4167000055 3.585099936
vn 0.0597589463 0.9981734157 -0.008868180215
v -9.503199577 0.4167000055 5.152900219
vn 0.05554842949 0.9983366132 -0.01543979067
v -9.283800125 0.4167000055 5.765999794
vn 0.01337179355 0.9998991489 -0.00478504505
v -9.281399727 -2.520568199e-09 6.052499771
vn -0.9126854539 -0.1921517849 0.3606700897
v -9.593500137 -2.520568643e-09 -0.3002999723
vn -0.949791193 -0.1559813917 -0.2712315023
v -9.281399727 -2.520568643e-09 -1.172499895
vn -0.9204954505 -0.1427218765 -0.3637562692
v -9.309700012 -2.520568643e-09 -0.8267998695
vn 8.656497104e-25 -1 -2.671890819e-24
v -9.507399559 -2.520568643e-09 -0.2742000818
vn -2.077172083e-25 -1 -2.671890819e-24
v -6.097599983 -2.520568421e-09 2.339999914
vn 0.0620265156 -0.9980745316 -2.021027126e-20
v -6.070999622 -2.520568421e-09 2.882699966
vn 0.09001804888 -0.9959073067 -0.008084817789
v -5.859200001 -2.520568421e-09 3.947400093
vn 0.0842493847 -0.9961169362 -0.02555545233
v -9.86989975 -2.520568421e-09 3.28730011
vn 4.387946773e-21 -1 7.012000309e-23
v -9.869999886 -2.520568421e-09 3.28730011
vn -1.201839687e-22 -1 -4.526581314e-22
v -9.868499756 -2.520568421e-09 3.285599947
vn -1.350170465e-23 -1 -1.284033439e-22
v -9.86839962 -2.520568421e-09 3.287100077
vn 3.123486866e-23 -1 2.884956974e-22
v -9.847599983 -2.520568421e-09 3.473999977
vn 4.761076119e-24 -1 3.041533368e-23
v -9.831100464 -2.520568421e-09 3.584800005
vn -7.174012301e-24 -1 -3.575911532e-23
v -9.846199989 -2.520568421e-09 3.483500004
vn -7.187250571e-25 -1 -3.575911532e-23
v -9.593500137 0.5 -0.3002999723
vn -0.9446075559 0.1248208061 -0.303539753
v -9.503199577 0.5 -0.2729000151
vn 0.4917973876 0.8565558195 0.1563567817
v -9.725999832 0.5 0.6168000102
vn 0.6455392838 0.7508951426 0.1394113898
v -9.503199577 0.4167000055 -0.2729000151
vn 0.02518975921 0.9996579885 0.007025295403
v -9.725999832 0.4167000055 0.6168000102
vn 0.02539176494 0.9996669292 0.004619942512
v -9.281399727 0.5 -1.172499895
vn -0.8900205493 0.2428565621 -0.3858551085
v 3.174200058 0.4167000055 -1.801599979
vn 0.5828523636 0.6281189919 0.5155091286
v 3.176300287 0.4167000055 -1.799700141
vn 0.001838313299 0.9999963045 -0.002005360322
v 5.441400051 0.4167000055 -4.360699654
vn 0.04074791819 0.9985170364 0.03610114008
v 3.123599768 0.4975999892 -1.847400069
vn 0.3137937784 0.915772438 0.2507873178
v 5.566500187 0.4975999892 -4.604800224
vn 0.1702131629 0.9648097754 0.2004233748
v 3.119899988 0.4984000027 -1.850799918
vn 0.131094113 0.986817956 0.09489257634
v 2.976200104 0.5 -1.981100082
vn 0.4787911773 0.6267191768 -0.6148024797
v 2.875699997 0.4167000055 -2.055599928
vn 0.03517445177 0.9982555509 -0.04741990939
v 2.766700029 0.4167000055 -2.136499882
vn 0.09107410908 0.9882439971 -0.1227977201
v -4.260099888 0.4595000148 -1.850799918
vn -0.6863276362 0.5358057618 0.4917992949
v -4.522799969 0.5 -1.612699986
vn -0.6402314901 0.421533078 -0.6421942711
v -4.258900166 0.4620000124 -1.851899981
vn -0.632263124 0.6297214031 0.4513250291
v -6.690700054 0.4620000124 -4.596700191
vn -0.6053847075 0.5977523923 0.5255486965
v -4.248600006 0.4785000086 -1.861200094
vn -0.6247034073 0.6411777139 0.4456869066
v -4.248600006 0.4785000086 -1.861200094
vn -0.5592390895 0.6872031093 0.4636847079
v -4.238100052 0.4905000031 -1.870800018
vn -0.3660665154 0.8938483596 0.2589022815
v -4.238100052 0.4903999865 -1.870700121
vn -0.5291881561 0.7606705427 0.3759523928
v -4.242300034 0.4857000113 -1.866999984
vn -0.5047124624 0.7645070553 0.4009916186
v -6.66960001 0.4905000031 -4.615300179
vn -0.4199074209 0.8376863003 0.3492269516
v -4.231599808 0.4948000014 -1.876700163
vn -0.3441886008 0.8984249234 0.2727029622
v -4.227300167 0.4975999892 -1.88049984
vn -0.2314623147 0.9590306878 0.1633564681
v -4.216400146 0.5 -1.890399933
vn 0.008659759536 0.9998617172 -0.01419529505
v -4.220699787 0.4990999997 -1.88650012
vn -0.1267545074 0.9868651032 0.1001528725
v -4.116399765 0.5 -1.981100082
vn -0.4127222896 0.7385041118 -0.5331716537
v -4.205500126 0.4975999892 -1.900300145
vn 0.3150749505 0.9007506371 -0.2989582419
v -4.205599785 0.4975999892 -1.900200009
vn 0.1229048818 0.9854750037 -0.1171894595
v -4.209799767 0.4986000061 -1.896399975
vn 0.1189530119 0.9868593812 -0.1093559563
v -6.636700153 0.4975999892 -4.644499779
vn 0.2260008007 0.94727844 -0.2271281034
v -6.64770031 0.5 -4.634699821
vn -0.001566851861 0.9998211861 -0.01884527691
v -4.198999882 0.4932999909 -1.906199932
vn 0.3250769973 0.8977764249 -0.297190845
v -4.196499825 0.4916000068 -1.908499837
vn 0.3151923418 0.9006618261 -0.2991021574
v -6.159999847 0.4167000055 2.339999914
vn -0.01081670821 0.9999414086 -0.0004868969554
v -9.860600471 0.5 3.355999947
vn 0.4688241482 0.8829369545 -0.02502428927
v 3.183399916 0.4167000055 -1.793300033
vn 0.01864652522 0.9996143579 -0.02057866193
v 3.170700073 0.425999999 -1.804700017
vn 0.7284564972 0.44783023 0.5184585452
v 3.382600069 0.5 -1.612699986
vn 0.6368552446 0.4366715252 -0.635400176
v 3.144999981 0.4785000086 -1.82799983
vn 0.5861251354 0.6622023582 0.4668461978
v 3.140700102 0.4833999872 -1.831900001
vn 0.5197534561 0.7648101449 0.3806860149
v 3.176599979 0.4167000055 -1.799399972
vn 0.001821302227 0.9999963045 -0.002020472661
v 3.382600069 0.4167000055 -1.612699986
vn 0.01643148623 0.9997030497 -0.01799349114
v 3.155299902 0.4620000124 -1.818700075
vn 0.6831104755 0.5306800604 0.5017357469
v 3.161099911 0.4494999945 -1.81340003
vn 0.6578862667 0.5334256887 0.5316415429
v 5.542500019 0.4620000124 -4.513199806
vn 0.6032226682 0.5920383334 0.5344277024
v -0.5454000235 0.4975999892 7.928800106
vn 0.3547224104 0.9345512986 0.0280344747
v -0.5454000235 0.4975999892 11.75580025
vn 0.2610785961 0.9653093219 0.003986490425
v -0.5307999849 0.4905000031 11.75580025
vn 0.5168095827 0.8560809493 0.005768249277
v 2.976200104 0.4167000055 -1.981100082
vn 0.03688957915 0.99827528 -0.04566894844
v 3.056600094 0.4307999909 -1.908200026
vn -0.6480539441 0.4474592805 -0.6162842512
v 3.043200016 0.4167000055 -1.920300126
vn 0.05126520991 0.9970832467 -0.05654104054
v 3.995500088 0.4167000055 -2.978600264
vn -0.01134526916 0.9998851418 -0.01005116943
v 3.046799898 0.4167000055 -1.917099953
vn 0.006656418554 0.9999509454 -0.007333317306
v 3.049700022 0.4167000055 -1.914399981
vn 0.006670184899 0.9999509454 -0.007321241777
v 3.051300049 0.4167000055 -1.913000107
vn 0.006520688068 0.9999509454 -0.007452373393
v 3.051300049 0.4167000055 -1.913000107
vn -0.6675315499 0.4522727132 -0.5914820433
v 3.060399771 0.4410000145 -1.904800057
vn -0.6297967434 0.5144406557 -0.5819852948
v -9.861300468 0.4167000055 3.341599941
vn 0.1179356351 0.9930042624 -0.005809224676
v -9.163499832 0.4167000055 3.269200087
vn -0.003935729619 0.9994661808 -0.03243180364
v -9.864899635 0.4167000055 3.269200087
vn 0.1179368049 0.9930041432 -0.005799784791
v 3.070199966 0.4620000124 -1.895900011
vn -0.5650872588 0.6426134109 -0.5174208879
v 3.070100069 0.4616999924 -1.895999908
vn -0.6090360284 0.5347056985 -0.5858028531
v 3.066200256 0.4535000026 -1.899500012
vn -0.6100504398 0.5334672928 -0.5858763456
v -0.6036000252 0.4785000086 11.75580025
vn -0.6915312409 0.7222618461 0.01106217783
v -0.5893999934 0.4905000031 7.92909956
vn -0.5869060755 0.808052361 0.05091776326
v -0.6036000252 0.4785000086 7.92840004
vn -0.7310304046 0.6792892218 0.06450362504
v -9.860699654 0.4167000055 3.353800058
vn -0.07147496194 0.786160171 -0.6138758063
v -9.860600471 0.4210999906 3.355999947
vn -0.04325394332 0.4450898767 -0.8944406509
v 3.076300144 0.4717999995 -1.890300035
vn -0.5497711301 0.6449832916 -0.5307996869
v 3.080499887 0.4785000086 -1.886600018
vn -0.4873408079 0.7447547913 -0.455893904
v 3.091099977 0.4905000031 -1.876899838
vn -0.3756382763 0.855673492 -0.3559757471
v -9.835700035 0.4167000055 3.523900032
vn 0.01105794404 0.9999375343 -0.001635638182
v -7.677999973 0.4167000055 3.255800009
vn 0.001605314086 0.9999112487 0.01322760619
v 3.101799965 0.4975999892 -1.867200017
vn -0.1891291291 0.9651330113 -0.1809654385
v -9.838399887 0.4410000145 3.505800009
vn 0.1169251129 0.447042495 0.8868379593
v -9.836600304 0.4167000055 3.517800093
vn 0.107670866 0.4495256245 0.8867545724
v -9.855099678 0.4785000086 3.392800093
vn -0.08501066267 0.6455420256 -0.7589787245
v -9.857199669 0.4620000124 3.378999949
vn -0.08426312357 0.6434592605 -0.7608284354
v -9.857199669 0.4620000124 3.378999949
vn -0.0965147242 0.5368577838 -0.8381340504
v -9.858300209 0.4501999915 3.371599913
vn -0.09114822 0.5358578563 -0.8393737674
v 3.112699986 0.5 -1.857299924
vn 0.02488514036 0.9995722175 0.01536685508
v -9.860899925 0.4167000055 3.350399971
vn 0.1377229095 0.9904481173 -0.006698783021
v -9.859100342 0.4410000145 3.365799904
vn -0.1014988869 0.4673592448 -0.8782216907
v -9.844499588 0.4905000031 3.464799881
vn 0.1619828343 0.7649288177 0.6234143376
v -9.844499588 0.4905000031 3.464799881
vn 0.1005002186 0.8981688619 0.4280097783
v -9.843099594 0.4826999903 3.473999977
vn 0.2147912383 0.7593246102 0.6142401099
v -9.842399597 0.4785000086 3.478899956
vn 0.1295763701 0.7626577616 0.6336900592
v -6.113900661 0.4855999947 3.01789999
vn 0.04072971269 0.7638952136 0.6440537572
v -9.846599579 0.4975999892 3.450400114
vn 0.07681036741 0.9646860957 0.2519540787
v -9.850899696 0.4975999892 3.421299934
vn -0.03881958127 0.9349063635 -0.3527650535
v -9.852999687 0.4905000031 3.406899929
vn -0.06201441959 0.8180596828 -0.5717801452
v -9.855099678 0.4785000086 3.392800093
vn -0.07015838474 0.7639703751 -0.6414257884
v 3.134399891 0.4905000031 -1.837600112
vn 0.4492714405 0.818359971 0.3583881855
v -9.859100342 0.4410000145 3.365799904
vn -0.09107098728 0.5367420912 -0.8388170004
v -9.83619976 0.4167000055 3.520200014
vn 0.01105526648 0.9999375343 -0.001658773283
v -9.836600304 0.4167000055 3.51789999
vn 0.01103411149 0.9999374151 -0.001841576421
v -9.838399887 0.4410000145 3.505800009
vn 0.1088303253 0.5360042453 0.8371710777
v -9.840299606 0.4614000022 3.493000031
vn 0.4883615375 0.4962588251 0.717795372
v -9.840299606 0.4620000124 3.492599964
vn 0.1960530728 0.6383700967 0.7443432212
v -0.5026999712 0.4620000124 11.75580025
vn 0.7956282496 0.6055586338 0.01656686701
v -0.4893999994 0.4410000145 11.75580025
vn 0.8632504344 0.50388515 0.0299746953
v -0.5026999712 0.4620000124 7.926700115
vn 0.8259434104 0.5482812524 0.1311686486
v -0.5166000128 0.4785000086 7.927400112
vn 0.7231069803 0.6887036562 0.05294870958
v -0.5101000071 0.4708000124 7.927100182
vn 0.7629606128 0.6384345889 0.1014517173
v -9.842399597 0.4785000086 3.478899956
vn 0.2074370086 0.6409832835 0.7389927506
v -6.112600327 0.4785000086 3.026200056
vn 0.004946345463 0.7100208998 0.7041631937
v -0.560100019 0.5 11.75580025
vn -0.04056967795 0.9991766214 0.0004708623164
v -0.5701000094 0.4984000027 7.929999828
vn -0.1611284614 0.9869334102 0.0002105756867
v -0.5748000145 0.4975999892 11.75580025
vn -0.2899318635 0.9570450783 0.002058425453
v -9.198300362 -2.520568199e-09 6.018000126
vn 5.791502799e-24 -1 1.056299898e-23
v -8.805999756 -2.520568199e-09 6.847499847
vn 2.431426885e-24 -1 -2.671890819e-24
v -8.885299683 -2.520568199e-09 6.889999866
vn -0.8745542169 -0.1291312575 0.4674184918
v -8.380000114 -2.520568199e-09 7.558300018
vn -8.382200898e-24 -1 -9.289335719e-24
v -8.409099579 -2.520568199e-09 7.684599876
vn -0.8142240644 -0.2026515305 0.5440326929
v -8.802100182 0.5 6.845499992
vn 0.566157341 0.7622440457 -0.3137671649
v -9.194199562 0.4167000055 6.01639986
vn 0.01434270572 0.999876678 -0.006400073413
v -8.802100182 0.4167000055 6.845499992
vn 0.02297415026 0.9996672273 -0.01173115894
v -8.380000114 0.4167000055 7.549699783
vn 0.03924585506 0.9989526272 -0.02352466993
v -8.330599785 0.5 7.632100105
vn 0.4659739435 0.827637434 -0.3128650486
v -0.560100019 0.5 7.929499626
vn 0.05804839358 0.9982947707 0.006163012702
v -8.885299683 0.5 6.889999866
vn -0.8487902284 0.2715845406 0.4536485374
v -8.409099579 0.5 7.684599876
vn -0.8233113289 0.1397981942 0.5501044393
v -0.6175000072 0.4620000124 11.75580025
vn -0.7952910662 0.6053008437 0.03351093829
v -7.814499855 -2.520568199e-09 8.335399628
vn -1.801278365e-23 -1 -9.289335719e-24
v -7.857200146 -2.520568199e-09 8.428700447
vn -0.7645901442 -0.2171711475 0.606826663
v -8.222100258 -2.520568199e-09 7.78579998
vn 3.97807645e-24 -1 1.056299898e-23
v -7.787700176 -2.520568199e-09 8.371500015
vn -1.19808179e-23 -1 -9.289335719e-24
v -7.214799881 -2.520568199e-09 9.003600121
vn 2.962865319e-23 -1 3.703277858e-23
v -7.235099792 -2.520567977e-09 9.115099907
vn -0.7020572424 -0.1192920133 0.7020577192
v -7.202000141 -2.520568199e-09 9.017800331
vn -1.379315341e-22 -1 -1.350207888e-22
v -7.171500206 -2.520568199e-09 9.051400185
vn -1.101090411e-22 -1 -1.085510092e-22
v -7.063600063 -2.520567977e-09 9.149200439
vn 2.840393086e-23 -1 2.379788878e-23
v -8.23029995 -2.520568199e-09 7.774799824
vn 1.40307053e-23 -1 1.718044388e-23
v -5.164400101 -2.520568421e-09 5.416500092
vn 0.0513147153 -0.9980789423 -0.03471685573
v -7.857200146 0.5 8.428700447
vn -0.756547749 0.1249055266 0.6418988705
v -7.235099792 0.5 9.115099907
vn -0.6618870497 0.3518671691 0.6618875265
v -7.784200191 0.5 8.368800163
vn 0.4884372354 0.7742688656 -0.4024137557
v -7.168300152 0.5 9.048299789
vn 0.4936086535 0.7146995664 -0.4955351055
v -7.784200191 0.4167000055 8.368800163
vn 0.01249756198 0.9998683929 -0.01034246013
v -8.216600418 0.4167000055 7.78579998
vn 0.03105186298 0.9992523789 -0.023031611
v -7.208799839 0.4167000055 9.003600121
vn 0.03200104833 0.9990668893 -0.02900582366
v -7.168300152 0.4167000055 9.048299789
vn 0.0151098771 0.9997622967 -0.01571600139
v -7.063600063 0.4167000055 9.143199921
vn 0.01832843758 0.9996275306 -0.02022109739
v -0.4893999994 0.4410000145 7.926000118
vn 0.8804203868 0.4740922451 0.009820685722
v -0.4772999883 0.4167000055 11.75580025
vn 0.05204424635 0.9986426234 0.002085791901
v -0.5893999934 0.4905000031 11.75580025
vn -0.5167800784 0.8560308814 0.01222690288
v -0.5748000145 0.4975999892 7.929799557
vn -0.4058042765 0.9132227302 0.0367028974
v -0.6175000072 0.4620000124 7.927700043
vn -0.8212482929 0.5659717321 0.07229955494
v -0.6308000088 0.4410000145 11.75580025
vn -0.8630951047 0.5037948489 0.03546264768
v -0.5166000128 0.4785000086 11.75580025
vn 0.6913968325 0.7221204042 0.02264004573
v 3.155200243 0.462199986 -1.818799973
vn 0.6191720963 0.6416513324 0.4526692331
v 1.532899976 0.4167000055 7.517399788
vn 0.008474285714 0.9996834397 0.02369061857
v 1.569100022 0.5 7.504499912
vn 0.3289113343 0.4976791739 0.8025788069
v 1.128299952 0.4167000055 7.662199974
vn 0.003504368477 0.999945879 0.009792963043
v 1.559100032 0.4167000055 7.508100033
vn 0.008448567241 0.9996832013 0.02370863967
v 1.569100022 0.4167000055 7.504499912
vn 0.01046624407 0.999696672 0.02229478396
v 1.863500118 0.4167000055 7.365200043
vn 0.01997125335 0.9989088178 0.04221715033
v 1.052600026 0.5 7.689300537
vn 0.2552878559 0.3922643363 0.8837175965
v 3.016299963 0.4167000055 11.07419968
vn -0.01178265177 0.9994859695 -0.02981650643
v 3.539000034 0.4167000055 10.3149004
vn -0.0241999533 0.9996264577 0.01269961707
v 3.165100098 0.4410000145 -1.809800029
vn 0.6880873442 0.4650082886 0.5570485592
v 1.547700047 0.5 7.452799797
vn -0.3775714636 0.1633150578 -0.9114647508
v 1.547700047 -2.520568199e-09 7.452799797
vn -0.3826798499 -0.01249803137 -0.9237964749
v 1.036399961 0.5 7.635800362
vn -0.2885236144 0.1116816401 -0.9509370923
v 0.5205000043 0.4167000055 7.822599888
vn 0.003928665072 0.9998683333 0.01574544609
v 1.052600026 0.4167000055 7.689300537
vn 0.005516211037 0.9997662902 0.02090246044
v 0.5095000267 0.5 7.767799854
vn -0.1924196929 0.1658942848 -0.9671885967
v 0.5095000267 -2.520568199e-09 7.767799854
vn -0.1951173842 -0.007871082053 -0.9807482958
v 1.036399961 -2.520568199e-09 7.635800362
vn -0.2902834117 -0.01973987557 -0.9567371011
v 5.50330019 0.4410000145 -4.662199974
vn -0.6680024862 0.5057064891 -0.5459245443
v -2.176599979 0.5 7.635800362
vn 0.2749093473 0.1411083192 -0.9510590434
v -2.687900066 0.5 7.452799797
vn 0.3131317794 0.6020917892 -0.7344617248
v -2.709300041 0.5 7.504499912
vn -0.317951113 0.5884933472 0.7433590293
v -2.192800045 0.5 7.689300537
vn -0.2757044435 0.3418875933 0.8983874321
v -1.660699964 0.5 7.822599888
vn -0.1572155654 0.5246087909 0.8367012143
v -1.649700046 0.5 7.767799854
vn 0.1779215932 0.1114401892 -0.9777141809
v -2.873100042 0.4167000055 7.365200043
vn 0.427390933 0.02642815933 -0.903680563
v -2.880100012 0.4167000055 7.361899853
vn 0.4271976054 0.01125204749 -0.9040882587
v -4.245299816 0.4167000055 -1.788900018
vn 0.6553949714 0.2184349597 0.7230100632
v -4.235599995 0.4309000075 -1.797700167
vn 0.6609473825 0.00571494922 0.7504104972
v -4.402900219 0.4167000055 -1.646000147
vn 0.6707074046 0.04994392768 0.7400386333
v -2.687900066 0.4167000055 7.452799797
vn 0.4246019423 0.008063179441 -0.9053442478
v -4.262800217 0.453700006 -1.84829998
vn -0.658185482 0.5362154841 0.5284550786
v -2.681200027 0.4167000055 7.455200195
vn 0.3600675464 0.0006378497346 -0.9329259992
v -2.176599979 -2.520568199e-09 7.635800362
vn 0.3038590848 -0.001443197252 -0.9527158737
v -4.238699913 0.4167000055 -1.790599823
vn 0.6714864373 0.003958093468 0.7410063148
v -1.649700046 -2.520568199e-09 7.767799854
vn 0.2111555636 -0.003243630519 -0.9774470925
v -4.282299995 0.4167000055 -1.830599904
vn -0.01840496249 0.9996243715 -0.02030607685
v -6.709800243 0.4167000055 -4.579800129
vn -0.02158929035 0.9995859265 0.01902159676
v -4.514999866 0.4167000055 -1.619699836
vn -0.01524734031 0.9997421503 -0.01682874933
v -2.709300041 0.4167000055 7.504499912
vn -0.01836165972 0.9990603328 0.03925969079
v -2.691299915 0.4167000055 7.510900497
vn -0.03029526211 0.9959489703 0.08466282487
v -2.2026999 0.4167000055 7.685800076
vn -0.00240101479 0.9999746084 0.006709110457
v -2.192800045 0.4167000055 7.689300537
vn -0.002665360691 0.9999409914 0.01053084712
v -1.807600021 0.4167000055 7.78579998
vn -0.01061458793 0.9990452528 0.04237803817
v -4.242499828 0.4167000055 -1.791399956
vn 0.6476485133 0.2229209393 0.7285997868
v -4.240799904 0.4167000055 -1.792900085
vn 0.6447381973 0.2245892435 0.7306656837
v -4.272500038 0.4309999943 -1.83949995
vn -0.7007785439 0.4454407096 0.5572181344
v -4.279500008 0.4167000055 -1.833199978
vn -0.002658965997 0.9999923706 -0.002853403799
v -4.240799904 0.4167000055 -1.792900085
vn 0.9769908786 -0.213281095 1.305970039e-17
v -2.681200027 -2.520568199e-09 7.455200195
vn 0.05047877133 -0.9918385744 -0.1170816198
v -1.112499952 -2.520568199e-09 7.847499847
vn 0.09798813611 -0.003876053263 -0.9951800108
v -4.277900219 0.4167000055 -1.834700108
vn -0.002579895547 0.9999923706 -0.002923731226
v -4.231900215 0.4406999946 -1.80099988
vn 0.6499557495 0.01126927603 0.7598885298
v -4.231800079 0.4410000145 -1.801100016
vn 0.6491910219 0.02243349701 0.7602945566
v -4.225900173 0.4535000026 -1.806499958
vn 0.669244349 0.002707550535 0.7430374622
v -4.483300209 0.5 -1.573199868
vn 0.4792400301 0.73433429 0.4807100594
v 8.744799614 -2.520568421e-09 3.356400013
vn -4.204915573e-25 -1 3.945554082e-24
v 8.789299965 -2.520568421e-09 2.450000048
vn -2.747818237e-26 -1 3.945554082e-24
v 8.834300041 -2.520568421e-09 3.36529994
vn 0.9556628466 -0.2790129483 0.09412907809
v 8.879799843 -2.520568421e-09 2.440000057
vn 0.9921132922 -0.124284938 0.01626173966
v -4.277800083 0.4167000055 -1.834700108
vn -0.002760133008 0.9999923706 -0.002763422905
v -4.268899918 0.4406999946 -1.842799902
vn -0.7262144089 0.446462065 0.5227659345
v 8.789099693 -2.520568421e-09 2.426399946
vn 2.304670151e-24 -1 -9.289335719e-24
v 8.78730011 -2.520568421e-09 2.388299942
vn -2.266233939e-25 -1 1.296770072e-22
v 8.78979969 -2.520568421e-09 2.440000057
vn 3.473544287e-24 -1 -7.546378472e-23
v -4.229700089 0.4410000145 -1.798699975
vn 0.6632477045 0.006498183124 0.7483717799
v -4.233500004 0.4309000075 -1.795300126
vn 0.6408641934 0.01846607774 0.7674321532
v -4.240799904 0.4167000055 -1.792999864
vn -0.6680196524 0.4443072379 0.5969429016
v -4.277800083 0.4167000055 -1.834799886
vn -0.669479847 0.4472191632 0.5931203365
v -4.221899986 0.4620000124 -1.810099959
vn 0.6610352993 0.009420506656 0.7502956986
v -4.211599827 0.4785000086 -1.819399953
vn 0.6652389169 0.005539501086 0.7466100454
v -4.268799782 0.4410000145 -1.842900157
vn -0.6883715987 0.5317218304 0.4933725595
v -4.223800182 0.4535000026 -1.804099917
vn 0.6523662806 0.0180094745 0.7576898336
v -6.700699806 0.4410000145 -4.587800026
vn -0.6543517709 0.49364236 0.5728359222
v -4.219799995 0.4620000124 -1.807700157
vn 0.6482464075 0.01935264096 0.7611846924
v -4.211599827 0.4785000086 -1.819399953
vn 0.6591839194 0.01835727692 0.7517576814
v -4.205299854 0.4857000113 -1.825099826
vn 0.6653662324 0.008833662607 0.7464647889
v -4.209499836 0.4785000086 -1.816999912
vn 0.6440306306 0.03230604529 0.7643172741
v -4.201099873 0.4903999865 -1.828900099
vn 0.6593578458 0.03333296999 0.7510899901
v -4.201099873 0.4905000031 -1.828999996
vn 0.6656250954 0.02290471271 0.7459347248
v -4.203199863 0.4857000113 -1.822700024
vn 0.6046592593 0.1029419824 0.7898038626
v -0.5307999849 0.4905000031 7.928100109
vn 0.5869019628 0.8081716895 0.04903680831
v -4.198999882 0.4905000031 -1.826599956
vn 0.6275226474 0.09292307496 0.7730333805
v -4.196499825 0.4934999943 -1.833099842
vn 0.6593270898 0.01764258184 0.7516492009
v -4.11590004 0.4167000055 -1.901900053
vn 0.6720395088 0.003062792588 0.740508914
v -4.119299889 0.425999999 -1.898800015
vn 0.6838967204 0.006927581038 0.7295459509
v -4.07310009 -2.520568865e-09 -1.940699935
vn 0.05466626212 -0.9962017536 0.0677767545
v -4.124899864 0.4410000145 -1.893700004
vn 0.6939112544 0.01764560863 0.7198442817
v -4.475800037 -2.520568643e-09 -1.575700164
vn 0.0629420653 -0.9959395528 0.06436427683
v -0.6428999901 0.4167000055 11.75580025
vn -0.08465576172 0.9964085817 0.001830585999
v -1.118000031 0.4167000055 7.903100014
vn -0.0003902260214 0.9999710917 0.007594414987
v -0.7100999951 0.4167000055 11.77820015
vn 0.002321032109 0.9988806248 -0.04724581167
v -0.6308000088 0.4410000145 7.927000046
vn -0.8780379891 0.470677793 0.08667024225
v 7.185900688 -2.520568199e-09 7.672399998
vn 2.846668064e-22 -1 -3.070743436e-22
v 7.214000225 -2.520568199e-09 7.634500027
vn -2.403694267e-22 -1 2.620259178e-22
v 7.288899422 -2.520568199e-09 7.684599876
vn 0.8150105476 -0.1980252415 0.5445584059
v 7.68569994 -2.520568199e-09 6.847499847
vn 4.286593245e-24 -1 -9.289335719e-24
v 7.765100002 -2.520568199e-09 6.889999866
vn 0.8613671064 -0.1701046228 0.4786555171
v 7.269800663 -2.520568199e-09 7.541399479
vn 6.583455645e-24 -1 -1.590678062e-23
v 7.269800663 -2.520568199e-09 7.548900127
vn 2.86150395e-22 -1 1.958514562e-22
v 8.078100204 -2.520568199e-09 6.018000126
vn -4.520153265e-24 -1 1.056299898e-23
v 8.16119957 -2.520568199e-09 6.052499771
vn 0.9030691981 -0.1765912771 0.3915118575
v 8.387200356 -2.520568421e-09 5.154099941
vn 2.903691088e-24 -1 3.945554082e-24
v 8.47329998 -2.520568421e-09 5.180300236
vn 0.9370955229 -0.1765650064 0.3011259139
v 8.698399544 -2.520568421e-09 4.281700134
vn 0.9672492146 -0.1655817032 0.1923840195
v 8.610099792 -2.520568421e-09 4.263999939
vn 3.996239184e-24 -1 -2.671890819e-24
v 8.710800171 -2.520568421e-09 3.585700035
vn 2.725695866e-24 -1 -9.289335719e-24
v -5.676099777 -2.520568421e-09 4.45909977
vn 0.1197476313 -0.9914466739 -0.05190425366
v 8.710900307 -2.520568421e-09 3.585099936
vn -1.187256863e-24 -1 1.056299898e-23
v -6.133099556 0.5 2.887900114
vn -0.932007134 0.3586842716 0.05204116553
v -6.077499866 0.5 2.882400036
vn 0.7660689354 0.6413199902 -0.0429770276
v -6.159999847 0.5 2.339999914
vn -0.6159157753 0.7878110409 0.001238068449
v -6.104100227 0.5 2.339999914
vn 0.8801727295 0.4746534824 -2.121349514e-17
v 4.739099979 -2.520568421e-09 3.947400093
vn -4.54051061e-24 -1 1.718044388e-23
v 4.870999813 -2.520568421e-09 3.420300007
vn 1.700112199e-24 -1 -2.252422552e-23
v 4.913899899 -2.520568421e-09 3.131400108
vn -8.301772585e-24 -1 4.365022348e-23
v 4.950799465 -2.520568421e-09 2.882699966
vn -8.506089926e-25 -1 3.945554082e-24
v 2.940700293 0.5 -1.937899828
vn -0.6445097327 0.0868178755 0.7596511841
v 2.940700293 -2.520568865e-09 -1.937899828
vn -0.621486783 -0.0222320836 0.7831091285
v 2.504499674 -2.520568865e-09 -2.261399984
vn -0.5553675294 -0.02713891491 0.8311620951
v 4.97510004 -2.520568421e-09 2.388299942
vn -3.922339877e-24 -1 1.296770072e-22
v 4.973199844 -2.520568421e-09 2.426399946
vn 1.222740122e-24 -1 -4.899400512e-23
v 3.343100071 -2.520568643e-09 -1.573199868
vn -0.7070122361 -0.01635631733 0.7070121169
v 3.343100071 0.5 -1.573199868
vn -0.6926115751 0.201441288 0.6926114559
v -4.90719986 0.4167000055 -1.184600115
vn -0.01927661151 0.9997119904 -0.01429363061
v -4.891200066 0.4167000055 -1.206299901
vn -0.01720651798 0.9997332096 -0.01541010849
v -8.373000145 -2.520568199e-09 7.570000172
vn 1.540638027e-22 -1 2.223212484e-22
v 3.750999928 0.5 -1.206299901
vn 0.5970947742 0.6308149695 -0.4955303371
v 3.7572999 0.4167000055 -1.197799921
vn 0.01808267832 0.9997465611 -0.01340812445
v 3.750999928 0.4167000055 -1.206299901
vn 0.005993616767 0.9999673963 -0.005410321057
v 4.953199863 -2.520568421e-09 2.833899975
vn -9.738954092e-24 -1 8.335489289e-23
v 4.972099781 -2.520568421e-09 2.450000048
vn -2.553512379e-24 -1 -1.590678062e-23
v 4.953199863 -2.520568421e-09 2.833899975
vn 6.421561469e-25 -1 -2.671890819e-24
v 4.937300205 -2.520568421e-09 2.882400036
vn -0.9930161834 -0.0294689592 -0.1142385378
v 5.512899876 0.4616000056 -4.653399944
vn -0.6535781026 0.5332416296 -0.5371117592
v 4.91260004 -2.520568421e-09 3.140300035
vn 1.416673638e-25 -1 3.945554082e-24
v 4.893499851 -2.520568421e-09 3.269200087
vn 2.80367452e-25 -1 -1.590678062e-23
v 4.857600689 -2.520568421e-09 3.41960001
vn -0.977167666 -0.02517608926 -0.210972771
v -3.684000015 0.4167000055 6.981699944
vn -0.01297894865 0.9997629523 0.01747936942
v -3.719199896 0.4167000055 6.955599785
vn -0.009613120928 0.9998697639 0.01296472456
v -5.752099991 0.4167000055 10.2105999
vn 0.01749478653 0.9995324016 -0.02507894672
v 4.913300037 -2.520568421e-09 3.135900021
vn -2.44019748e-23 -1 1.296770072e-22
v 4.913700104 -2.520568421e-09 3.132800102
vn -1.204117664e-22 -1 6.45837722e-22
v 5.714300156 0.4167000055 -4.470900059
vn -0.355584383 0.8483287096 0.3922985494
v 6.043399811 0.4167000055 -4.172599792
vn -0.01152913924 0.9998526573 0.01271786541
v -4.537899971 0.4167000055 -1.596000075
vn -0.01707758568 0.9997343421 -0.01547948737
v -4.522799969 0.4167000055 -1.612699986
vn -0.01647780277 0.9997374415 -0.01592166349
v -4.483300209 0.4167000055 -1.573199868
vn 0.6874870658 0.04013821855 0.7250865102
v -4.505099773 0.4167000055 -1.549099922
vn 0.740164876 0.04643662274 0.6708200574
v -4.606100082 0.4167000055 -1.520799994
vn -0.03485395387 0.9988927841 -0.03159666806
v -4.475800037 0.4167000055 -1.575700164
vn 0.7257652283 0.006083329674 0.6879155636
v -4.893199921 0.4410000145 10.71630001
vn 0.7507930994 0.5370038152 0.3846252263
v -3.108599901 0.4410000145 7.315599918
vn 0.7098088264 0.5041841269 0.4919042885
v -3.120699644 0.4620000124 7.30989933
vn 0.7047457695 0.5586600304 0.4373011887
v 3.901299953 0.4167000055 -5.768599987
vn -0.009234619327 0.9998386502 0.01540603209
v 4.631999969 0.4167000055 -5.330599785
vn -0.0312248785 0.9985009432 0.0449546203
v -4.84070015 -2.520568643e-09 -1.173099995
vn 0.07195458561 -0.9955378175 0.06104869023
v -4.84800005 0.5 -1.17080009
vn 0.6977651715 0.4073345363 0.5892387629
v -4.84800005 0.4167000055 -1.17080009
vn 0.7449102998 0.04690364376 0.6655138135
v -4.871399879 0.4167000055 -1.139099956
vn 0.802151382 0.05351822078 0.5947175622
v -4.891200066 0.5 -1.206299901
vn -0.6236070991 0.5920276642 -0.5105070472
v -5.172599792 0.4167000055 -0.8267998695
vn -0.006484694313 0.9999673963 -0.00480830064
v -6.063600063 0.5 2.976399899
vn 0.04203257337 0.9990935326 -0.00674025435
v -6.118999958 0.5 2.983099937
vn -0.0009512439719 0.9991883039 0.04027158394
v -5.997799873 0.5 3.41960001
vn 0.8060889244 0.571074605 -0.1552237868
v -4.84070015 0.4167000055 -1.173099995
vn 0.7832756639 0.009776992723 0.6215976477
v -6.052599907 0.5 3.430599928
vn -0.8013955355 0.5768857598 0.1580129266
v -5.164400101 -2.520568643e-09 -0.7365999818
vn 0.09934740514 -0.9928361177 0.06638201326
v 4.556000233 -2.520568421e-09 4.45909977
vn 1.359869786e-24 -1 -2.671890819e-24
v -5.919300079 0.5 3.96269989
vn -0.8731235266 0.4139726162 0.2574528158
v -5.865799904 0.5 3.946500063
vn 0.7137315273 0.6691849232 -0.2068304121
v -6.098700047 0.4167000055 2.450000048
vn 0.9957386851 0.07770162076 -0.0496683754
v -6.101799488 0.4167000055 2.388299942
vn 0.9957771897 0.07770462334 -0.04888518527
v 4.837900162 -2.520568421e-09 3.552599907
vn -1.098505771e-24 -1 -1.590678062e-23
v 4.829800129 -2.520568421e-09 3.585099936
vn -1.643041219e-25 -1 -1.590678062e-23
v -6.097599983 0.4167000055 2.472500086
vn 0.9957898259 0.07763131708 -0.04874384776
v -6.097599983 0.4167000055 2.339999914
vn 0.9999529123 0.009703610092 -6.346556898e-18
v -6.134200573 0.4167000055 2.866400003
vn -0.02730786614 0.9996261597 0.001350910985
v -6.134500504 0.4167000055 2.859600067
vn -0.02730894648 0.9996261597 0.001342311734
v -6.157700062 0.4167000055 2.388299942
vn -0.05603839085 0.9984248281 0.002750716871
v -6.078700066 0.4167000055 2.859600067
vn 0.995804131 0.07752596587 -0.04861952364
v -6.070999622 0.4167000055 2.882699966
vn 0.9983292818 0.02744768746 -0.05084529147
v 7.266600132 -2.520568199e-09 7.546700001
vn -3.804063233e-22 -1 4.208445954e-22
v 8.834300041 0.5 3.36529994
vn 0.9854233265 0.1397147328 0.09706036747
v 8.879799843 0.5 2.440000057
vn 0.9699261785 0.2428794652 -0.01589806937
v 8.698399544 0.5 4.281700134
vn 0.9439014196 0.2716685236 0.187740162
v 7.235599995 -2.520568199e-09 7.598599911
vn -2.432953055e-22 -1 2.620259178e-22
v 8.785400391 0.5 2.440000057
vn -0.6776732802 0.7353623509 0.001062326599
v 8.740400314 0.5 3.355999947
vn -0.6864112616 0.7247425914 -0.059897881
v 7.255300045 -2.520568199e-09 7.570000172
vn 9.393792894e-23 -1 -1.085510092e-22
v 8.785400391 0.4167000055 2.440000057
vn -0.02210495993 0.999755621 0.0001866905222
v 8.784899712 0.4167000055 2.450000048
vn -0.02932629548 0.9995688796 -0.001440704917
v 8.784700394 0.4167000055 2.426399946
vn -0.02211705782 0.9997547865 0.001069716294
v 8.740400314 0.4167000055 3.355999947
vn -0.809867084 0.5839335918 -0.05600775778
v 8.706399918 0.4167000055 3.585099936
vn -0.4819042981 0.873298347 -0.07154195756
v 4.323699951 -2.520568421e-09 4.950399876
vn -3.63708807e-25 -1 3.945554082e-24
v 7.167699814 -2.520568199e-09 7.697000027
vn -1.000853831e-22 -1 1.098246725e-22
v 7.167300224 -2.520568199e-09 7.697500229
vn -3.12979359e-20 -1 3.394482016e-20
v -6.065700054 0.4975999892 2.961999893
vn 0.9080145955 0.3694297671 -0.1975631565
v -6.06580019 0.4975999892 2.961800098
vn 0.9175329804 0.2817406058 -0.280634135
v -6.067900181 0.4905000031 2.947700024
vn 0.9640906453 0.1526080668 -0.2173477709
v 7.167300224 -2.520568199e-09 7.697500229
vn 1.855646709e-19 -1 -2.012391748e-19
v -6.133099556 0.4167000055 2.887900114
vn -0.02729625814 0.9996263385 0.001443208894
v -6.13299942 0.4167000055 2.889100075
vn -0.07734848559 0.9969402552 0.01128601842
v 7.167200089 -2.520568199e-09 7.697599888
vn 2.771685636e-22 -1 -3.004568987e-22
v -6.059400082 0.4975999892 2.961100101
vn 0.9880633354 0.02059554867 -0.1526650339
v -6.067900181 0.4905000031 2.94749999
vn 0.9335980415 0.199405387 -0.2977116704
v -6.069099903 0.4835000038 2.939199924
vn 0.9565815926 0.1364941746 -0.2575286925
v -6.070000172 0.4785000086 2.933300018
vn 0.9490150809 0.1296570301 -0.2873315215
v -6.1220994 0.4943000078 2.961999893
vn -0.06284151226 0.8987368941 -0.4339618683
v -6.123299599 0.4905000031 2.954200029
vn -0.06714202464 0.8642748594 -0.4985187352
v 7.113900185 -2.520568199e-09 7.774799824
vn -1.0154819e-22 -1 1.098246725e-22
v 7.106299877 -2.520568199e-09 7.78579998
vn -6.098837391e-22 -1 5.995156077e-22
v -6.061500072 0.4905000031 2.946700096
vn 0.9866338372 0.02350637317 -0.1612486839
v -5.443799973 -2.520568421e-09 4.950399876
vn 0.07590922713 -0.9962230921 -0.0421580337
v -6.078700066 0.4167000055 2.859600067
vn 0.9956140518 0.07749748975 -0.05240950733
v -6.071199894 0.4688000083 2.925299883
vn 0.968767643 0.0757226795 -0.2361256927
v -6.072000027 0.4623000026 2.91989994
vn 0.9369895458 0.1521953344 -0.3144632876
v -6.124499798 0.4833999872 2.945800066
vn -0.08426021785 0.7649893761 -0.6385071874
v -6.125400066 0.4785000086 2.940099955
vn -0.1010697857 0.691126585 -0.7156318426
v -6.063600063 0.4785000086 2.932600021
vn 0.9864520431 0.02091814391 -0.1627109051
v -6.062799931 0.4835000038 2.93840003
vn 0.9857277274 0.02345281653 -0.1667059213
v -8.29240036 -2.520568199e-09 7.690999985
vn -1.342484624e-22 -1 -1.945777929e-22
v -8.334300041 -2.520568199e-09 7.634500027
vn -5.396236154e-24 -1 -9.289335719e-24
v -6.077499866 0.4167000055 2.882400036
vn 0.9956140518 0.07749748975 -0.05240950733
v -6.072000027 0.4620000124 2.91960001
vn 0.9328449368 0.1254323125 -0.3377381563
v -6.133700371 0.4167000055 2.877500057
vn 0 0 0
v -6.129399776 0.4410000145 2.913199902
vn -0.1197625995 0.4613264799 -0.8791102171
v -6.127399921 0.4623000026 2.926599979
vn -0.1070236564 0.6384600997 -0.7621775866
v -6.127399921 0.4620000124 2.926399946
vn -0.1155351326 0.5388712287 -0.8344275951
v -6.126599789 0.4686999917 2.931900024
vn -0.09915660322 0.6450096369 -0.7577140331
v 7.096099854 -2.520568199e-09 7.793500423
vn -1.881185083e-23 -1 2.379788878e-23
v 7.099400043 -2.520568199e-09 7.795800209
vn -5.989264556e-20 -1 -3.437368099e-20
v 7.099299908 -2.520568199e-09 7.795700073
vn -5.989264556e-20 -1 -3.437368099e-20
v -6.065700054 0.4620000124 2.918900013
vn 0.9853439331 0.01605352014 -0.1698222905
v 4.725699902 -2.520568421e-09 3.946500063
vn -0.9517375827 -0.02585818619 -0.305821687
v 4.693600178 -2.520568421e-09 4.074399948
vn -3.762104478e-23 -1 1.296770072e-22
v 4.688599586 -2.520568421e-09 4.088399887
vn 2.028913487e-23 -1 -4.899400512e-23
v -6.064799786 0.4688000083 2.924499989
vn 0.9817520976 0.03079720028 -0.1876550019
v -5.17140007 0.4167000055 -0.7345999479
vn 0.8298608661 0.05640806258 0.5551117659
v -5.17140007 0.5 -0.7345999479
vn 0.735558331 0.4660262465 0.4917046428
v -5.425199986 0.4167000055 -0.3111999929
vn 0.8561984301 0.05954343826 0.513204515
v -5.211800098 0.4167000055 -0.7739000916
vn -0.01817082241 0.9997444153 -0.01344998181
v -5.217899799 0.5 -0.7656001449
vn -0.7053736448 0.5411436558 -0.4578335583
v -5.217899799 0.4167000055 -0.7656001449
vn -0.01932936721 0.9997454882 -0.01163467113
v -5.164400101 0.4167000055 -0.7365999818
vn 0.8312743902 0.02162524499 0.5554414392
v -6.713600159 0.4167000055 -4.580500126
vn 0.01208091713 0.9998346567 0.01359175146
v 4.542699814 -2.520568421e-09 4.457799911
vn -0.9170273542 -0.03167547658 -0.3975644112
v -8.330599785 0.4167000055 -2.752099991
vn 0.02130423114 0.9996786714 0.01373675466
v -6.077499866 0.4167000055 2.882400036
vn 0.9893253446 0.02429728583 -0.1436836869
v -5.450600147 0.5 -0.2687998712
vn 0.6477519274 0.6786357164 0.3462238908
v -5.450600147 0.4167000055 -0.2687998712
vn 0.8801708221 0.06224923953 0.4705574512
v -6.073999882 0.4410000145 2.906399965
vn 0.9610850811 0.06577084959 -0.2683088183
v -6.073200226 0.4496999979 2.911900043
vn 0.9533575773 0.0899695605 -0.2881228924
v -6.075799942 0.4167000055 2.894399881
vn 0.3184974194 0.4857286811 -0.814019084
v -6.076300144 0.4167000055 2.891000032
vn 0.8849207163 0.4485535324 -0.1253598034
v -5.472300053 0.4167000055 -0.2230999768
vn 0.9020773768 0.06517551094 0.4266246557
v -5.494400501 0.4167000055 -0.304399848
vn -0.01448736992 0.9998573661 -0.008683186024
v -6.131700039 0.4167000055 2.897700071
vn -0.00787131954 0.9999683499 0.001170981093
v -6.128600121 0.4494999945 2.918499947
vn -0.1087100655 0.5362478495 -0.8370307088
v -5.499899864 0.4167000055 -0.2951000929
vn -0.0203295704 0.9997466207 -0.009666290134
v -5.499899864 0.5 -0.2951000929
vn -0.73895365 0.5562208295 -0.3802182376
v -5.443799973 0.4167000055 -0.2704999745
vn 0.8740512133 0.009153830819 0.4857475162
v 4.310500145 -2.520568421e-09 4.948800087
vn -0.8814098835 -0.03431018442 -0.4711045027
v -6.066800117 0.4496999979 2.911099911
vn 0.9831826687 0.02476591058 -0.1809378713
v 4.10379982 -2.520568421e-09 5.317200184
vn 1.182538153e-23 -1 -2.671890819e-24
v -5.443799973 -2.520568643e-09 -0.2704999745
vn 0.07980368286 -0.9959676862 0.04098426178
v 4.084300041 -2.520568421e-09 5.349699974
vn -9.95224583e-23 -1 1.296770072e-22
v 4.031300068 -2.520568421e-09 5.414599895
vn -0.8402583599 -0.02140275389 -0.5417636037
v -2.383300066 0.4167000055 11.60599995
vn 0.002835681895 0.9998778105 -0.0153718153
v -1.67050004 0.4167000055 7.820099831
vn -0.001201236737 0.999987781 0.004795168061
v -2.880100012 0.4167000055 11.48159981
vn 0.006628534291 0.9996276498 -0.02646947838
v -4.982800007 0.4905000031 10.67179966
vn -0.3848508298 0.8999896049 -0.204715699
v -3.185800076 0.4975999892 7.279000282
vn -0.3729725182 0.9072458148 -0.1944133192
v -3.193599939 0.4934000075 7.275400162
vn -0.389605552 0.8987646103 -0.2010713518
v -3.146100044 0.4905000031 7.297800064
vn 0.4181091785 0.8597317338 0.293336004
v -3.159300089 0.4975999892 7.291600227
vn 0.29698807 0.9368045926 0.1849195212
v -4.930799961 0.4905000031 10.69859982
vn 0.4092576206 0.8988018036 0.1570463926
v -4.893199921 0.4410000145 10.71630001
vn 0.7969756722 0.4470805526 0.4061388075
v -5.734499454 0.5 0.2007999271
vn -0.7636751533 0.5464006066 -0.3438701332
v -5.730000019 0.4167000055 0.1910999566
vn -0.01458936743 0.9998697639 -0.006901975255
v -5.732800007 0.4167000055 0.1971999854
vn -0.02052727155 0.9997439384 -0.009522775188
v -5.671000004 0.4167000055 0.1971999854
vn 0.902141571 0.06539426744 0.4264553785
v -5.676099777 0.4167000055 0.2207999676
vn 0.9054748416 0.01292894874 0.424202919
v -8.802100182 0.4167000055 -1.965500116
vn 0.02311470546 0.9996623397 0.01187218446
v -9.201199532 0.4167000055 -1.07160008
vn 0.08485066891 0.9702633619 -0.2266922295
v -4.982800007 0.4905000031 10.67179966
vn -0.4665317535 0.8024190068 -0.3721181154
v -5.006899834 0.4620000124 10.6573
vn -0.6189935803 0.6420958042 -0.4522830248
v -3.218600035 0.4688000083 7.261899948
vn -0.6865778565 0.641861558 -0.3415034115
v -5.006899834 0.4620000124 10.6573
vn -0.5370221138 0.5436237454 -0.6450429559
v -5.682800293 0.4167000055 0.2222000211
vn 0.906175673 0.06586520374 0.4177409112
v -5.682800293 0.5 0.2222000211
vn 0.7204470634 0.6093317866 0.3311657608
v 4.857600689 0.5 3.41960001
vn -0.9784506559 0.1046527624 -0.1779947281
v 4.978099823 0.5 2.987999916
vn -0.003802892053 0.9985831976 0.05307628959
v 4.937300205 0.5 2.882400036
vn -0.9896659255 0.11826206 -0.08108899742
v 4.992900372 0.5 2.887900114
vn 0.9254778028 0.375084579 0.05293790996
v 4.912399769 0.5 3.430599928
vn 0.7854219079 0.5986608863 0.157218188
v 4.725699902 0.5 3.946500063
vn -0.9509702921 0.1481681913 -0.2714805603
v 3.901299953 0.4167000055 -1.003600001
vn 0.01325115841 0.9998639226 -0.009826133959
v 4.032400131 0.4167000055 -0.8267998695
vn 0.01808138192 0.9997466207 -0.01340908185
v 7.210400105 0.4167000055 -2.752099991
vn -0.01938324794 0.9997339845 0.01249812078
v 3.707799911 0.5 -1.17080009
vn -0.7604205608 0.07433697581 0.6451624632
v 3.707799911 -2.520568643e-09 -1.17080009
vn -0.7831124067 -0.02203621529 0.6214896441
v 3.44749999 0.4167000055 -1.541000128
vn 0.03372785076 0.9989632964 -0.03057331592
v 3.389600039 0.4167000055 -1.6049999
vn 0.002176212147 0.9999957085 -0.00196981919
v 6.664000034 0.4167000055 -3.48879981
vn -0.02352935821 0.999550283 0.01859182119
v 6.106800079 0.4167000055 -4.103600025
vn -0.02106638439 0.9995957017 0.019094605
v 2.038700342 -2.520568865e-09 -2.540599823
vn -0.4713460207 -0.01239726413 0.8818612099
v 2.074300051 0.4167000055 -2.584300041
vn 0.02331009135 0.9989715219 -0.03889147192
v 2.065000296 0.5 -2.589900255
vn 0.3642672598 0.6163614988 -0.6981460452
v 2.065000296 0.4167000055 -2.589900255
vn 0.008081185631 0.9998240471 -0.01692737825
v 1.79550004 0.4167000055 -2.717400312
vn 0.007256513927 0.9998559952 -0.01533926371
v 8.685600281 0.4167000055 3.354599953
vn 0.003042218275 0.9997027516 -0.02418906614
v 3.995500088 -2.520568199e-09 5.482299805
vn 1.387817242e-22 -1 -1.813429031e-22
v 4.044300079 -2.520568421e-09 5.416500092
vn -1.607321292e-23 -1 2.379788878e-23
v 2.602999926 0.4167000055 -2.2579
vn 0.003054809989 0.9999868274 -0.004121767357
v 7.094399929 -2.520568199e-09 7.795800209
vn 3.177175477e-23 -1 -3.575911532e-23
v 3.97059989 -2.520568199e-09 5.515799999
vn 3.66911955e-23 -1 -4.899400512e-23
v 1.547700047 -2.520568865e-09 -2.772799969
vn -0.3675134182 -0.01460254472 0.9299035668
v 1.547700047 0.5 -2.772799969
vn -0.3952831924 0.1115171611 0.9117648602
v 1.578799963 0.4167000055 -2.819900274
vn 0.009716932662 0.9997417927 -0.02054074407
v 1.569100022 0.5 -2.824500084
vn 0.3225663304 0.5185819864 -0.7918483019
v 1.569100022 0.4167000055 -2.824500084
vn 0.00200998201 0.9999824166 -0.005579159595
v 1.128299952 0.4167000055 -2.982200146
vn 0.01776687615 0.9986082315 -0.04965876415
v 3.016299963 0.4167000055 -6.194200039
vn -0.01192002837 0.9995508194 0.02749610692
v 3.845400095 0.4167000055 -5.802100182
vn -0.007552887313 0.9998481274 0.01570560224
v 3.902400017 -2.520568199e-09 5.607699871
vn -1.528113996e-21 -1 1.962709156e-21
v 3.901299953 -2.520568199e-09 5.609300137
vn 1.337404739e-21 -1 -1.723207653e-21
v 3.906300068 -2.520568199e-09 5.602499962
vn -3.290831842e-22 -1 4.208445954e-22
v 3.909100056 -2.520568199e-09 5.598700047
vn -7.632997924e-23 -1 9.658978269e-23
v 2.152800083 0.4167000055 -6.503200054
vn -0.01128795836 0.9993831515 0.03325440362
v 1.64989996 0.4167000055 -6.352399349
vn 0.03784418106 0.9992401004 0.009330187924
v 3.910900354 -2.520568199e-09 5.596300125
vn -4.770347159e-22 -1 6.061330526e-22
v 3.911799908 -2.520568199e-09 5.595099926
vn 1.064727583e-22 -1 -1.416382337e-22
v 8.683600426 0.4167000055 3.370500088
vn 0.403677702 0.9135443568 0.04980936274
v 8.684100151 0.4410000145 3.366600037
vn 0.1109721437 0.4754869044 -0.872695446
v 8.682499886 0.4620000124 3.379800081
vn 0.1076336205 0.5696259737 -0.8148258924
v 8.681799889 0.4167000055 3.385400057
vn 0.7305263877 0.6770327091 0.08920679986
v -8.254599571 0.4410000145 7.720500469
vn 0.4893894196 0.4969396591 0.7166233063
v -5.127299786 0.4307000041 5.567800045
vn 0.4906300604 0.4469131529 0.7480312586
v -5.130400181 0.4410000145 5.563600063
vn 0.4561575353 0.5063433647 0.7318037152
v -6.067599773 0.4410000145 2.905699968
vn 0.9823799729 0.02135475725 -0.1856706887
v -6.131199837 0.4167000055 2.901200056
vn -0.102225624 0.5418118834 -0.8342600465
v -6.069399357 0.4167000055 2.893699884
vn 0.9834994078 0.02653093264 -0.1789553761
v 3.880500078 -2.520568199e-09 5.637300014
vn -3.401100587e-23 -1 2.379788878e-23
v 3.814100027 -2.520568199e-09 5.726799965
vn 3.701659984e-24 -1 -1.590678062e-23
v 3.890000105 -2.520568199e-09 5.624499798
vn -3.075848692e-22 -1 3.877573709e-22
v 5.371399879 -2.520567977e-09 9.667599678
vn 1.68120202e-24 -1 -2.671890819e-24
v 5.335400105 -2.520567977e-09 9.694299698
vn 2.914646354e-23 -1 -2.252422552e-23
v 2.952899933 -2.520568199e-09 6.620600224
vn 5.123735593e-24 -1 -2.671890819e-24
v 3.273400068 -2.520568199e-09 6.33010006
vn -8.806862867e-24 -1 1.056299898e-23
v 6.043399811 -2.520568199e-09 9.05850029
vn -2.802263967e-23 -1 2.379788878e-23
v 3.897099972 -2.520568199e-09 5.614900112
vn 6.318903583e-22 -1 -8.166176009e-22
v 3.707799911 -2.520568199e-09 5.850800037
vn -0.7830376625 -0.02601274103 -0.621430099
v -6.051400185 0.4167000055 3.058500051
vn 0.9004843831 0.4126107991 -0.1374052018
v -6.052400112 0.4305999875 3.051599979
vn 0.9919691682 0.01164760347 -0.1259425879
v -6.050499916 0.4167000055 3.064399958
vn 0.9004843831 0.4126107991 -0.1374052018
v -6.051400185 0.4167000055 3.058500051
vn 0.8853347301 0.4649541974 -2.84702332e-17
v 3.343100071 -2.520568199e-09 6.253200054
vn -0.7185087204 -0.01543154381 -0.6953467727
v 2.940700293 -2.520568199e-09 6.617899895
vn -0.6343122721 -0.01477306709 -0.7729357481
v 2.869400024 -2.520568199e-09 6.682499886
vn 1.438532826e-23 -1 -9.289335719e-24
v -6.050499916 0.4167000055 3.064399958
vn 0.9810934663 0.1275403798 -0.1455646306
v -6.045100212 0.4167000055 3.057699919
vn 0.9891677499 0.006342425477 -0.1466524154
v 3.720499992 -2.520568199e-09 5.853000164
vn -5.746272276e-24 -1 -2.671890819e-24
v 3.355600119 -2.520568199e-09 6.255599976
vn -1.549411328e-23 -1 1.056299898e-23
v -6.053199768 0.4410000145 3.04640007
vn 0.9912652373 0.009087271988 -0.1315700114
v -6.055099964 0.4616000056 3.033400059
vn 0.9929625392 0.02135313675 -0.1164879128
v -6.0552001 0.4620000124 3.033200026
vn 0.9925534129 0.03096072562 -0.1178096607
v 6.667399883 -2.520568199e-09 8.371500015
vn -3.345495004e-25 -1 3.945554082e-24
v -6.107900143 0.4307999909 3.058199883
vn 0.09718829393 0.4467102289 0.8893842697
v -6.097599983 0.4167000055 3.127199888
vn -0.1108660176 0.9936991334 0.01645546779
v -6.10860014 0.4410000145 3.053100109
vn 0.08997880667 0.5083863735 0.8564152718
v -6.046899796 0.4410000145 3.045599937
vn 0.9930765033 0.01732377708 -0.1161850169
v -6.04610014 0.4305999875 3.050800085
vn 0.9925333261 0.01303218398 -0.1212755591
v -8.368000031 0.4167000055 7.569699764
vn 0.01883172244 0.9997590184 -0.01128016226
v -8.356399536 0.4167000055 7.589099884
vn 0.01691486314 0.9998055696 -0.01013652328
v -5.270400047 0.4167000055 5.358099937
vn -0.01419906132 0.9998629689 0.008509979583
v -6.051400185 0.4167000055 3.058399916
vn 0.1126076207 0.4482915401 0.8867661357
v 2.516400099 -2.520568199e-09 6.944300175
vn 6.992838562e-24 -1 -9.289335719e-24
v 2.433900118 -2.520568199e-09 6.993700027
vn -5.105519769e-23 -1 3.041533368e-23
v 2.504499674 -2.520568199e-09 6.941400051
vn -0.5417891741 -0.01907162555 -0.840297997
v -6.056399822 0.4717000127 3.025099993
vn 0.9919689894 0.01611482352 -0.1254504472
v -6.057199955 0.4785000086 3.019500017
vn 0.9920397997 0.02095344104 -0.1241693646
v -6.110599995 0.4616000056 3.040199995
vn -0.1318886429 0.5186675191 0.8447422385
v -6.110599995 0.4620000124 3.039900064
vn 0.0685685724 0.5724894404 0.817039907
v 2.35710001 -2.520568199e-09 7.039800167
vn -2.351989578e-23 -1 1.056299898e-23
v -6.048799992 0.4620000124 3.032399893
vn 0.9912377 0.009082305245 -0.1317773908
v 3.918100119 -2.520567977e-09 10.64350033
vn -2.726382806e-23 -1 1.718044388e-23
v 2.148799896 -2.520568199e-09 7.164700508
vn 8.989215954e-24 -1 -2.671890819e-24
v 2.038700342 -2.520568199e-09 7.220600128
vn -0.4712282121 -0.02554977871 -0.8816412091
v -6.058400154 0.4855000079 3.011300087
vn 0.9917051196 0.02555349655 -0.1259681284
v -6.111800194 0.4717999995 3.031800032
vn 0.049159538 0.6417203546 0.7653615475
v -6.049999714 0.4717000127 3.024399996
vn 0.9918840528 0.01547000557 -0.126200825
v 2.148700237 -2.520568199e-09 7.164700508
vn -5.795295327e-23 -1 3.041533368e-23
v -6.050799847 0.4785000086 3.018699884
vn 0.9909194708 0.01529264543 -0.1335840523
v -6.059299469 0.4905000031 3.005399942
vn 0.9914675355 0.04156769067 -0.1235486194
v 1.94749999 -2.520568199e-09 7.272299767
vn -9.25127034e-23 -1 5.026766838e-23
v 1.882599831 -2.520568199e-09 7.302999973
vn -6.638569964e-23 -1 3.703277858e-23
v -6.114699841 0.4905000031 3.012099981
vn 0.002449658699 0.8598953485 0.5104645491
v 1.970700145 -2.520568199e-09 7.261400223
vn 1.322778122e-22 -1 -6.884633982e-23
v 2.050299883 -2.520568199e-09 7.223700047
vn -2.745952433e-24 -1 3.945554082e-24
v -6.052899837 0.4905000031 3.004600048
vn 0.9904837608 0.01457733102 -0.1368553638
v -6.052100182 0.4855000079 3.010499954
vn 0.9909769297 0.01721730269 -0.1329221427
v -6.061399937 0.4975999892 2.990999937
vn 0.9894550443 0.06671825796 -0.1285586655
v -6.116899967 0.4975999892 2.997699976
vn 0.01890664175 0.9347630739 0.354768306
v 1.86860013 -2.520568199e-09 7.309599876
vn 7.507275963e-22 -1 -3.931011273e-22
v 1.874299884 -2.520568199e-09 7.30700016
vn 1.601176803e-21 -1 -8.364699357e-22
v 3.847400188 -2.520567977e-09 10.68589973
vn 1.404458452e-23 -1 -2.671890819e-24
v -6.055099964 0.4975999892 2.990200043
vn 0.990001142 0.01799732633 -0.1399064809
v 1.835199833 -2.520568199e-09 7.325500011
vn 2.046928388e-23 -1 -2.671890819e-24
v 1.849300027 -2.520568199e-09 7.318799973
vn -4.963398904e-23 -1 3.041533368e-23
v 1.860299945 -2.520568199e-09 7.313600063
vn -5.620942678e-22 -1 2.951131423e-22
v -6.057199955 0.5 2.975600004
vn 0.9892275333 0.01912392862 -0.1451316625
v 1.878499985 -2.520568199e-09 7.304999828
vn 1.582659322e-22 -1 -8.208122962e-23
v -6.121200085 0.4975999892 2.968600035
vn -0.03015919402 0.9755805135 -0.2175616473
v -5.138299942 0.4620000124 5.552999973
vn 0.4530920982 0.5569390059 0.6960793734
v 1.881300092 -2.520568199e-09 7.303599834
vn -1.283037808e-21 -1 6.723075016e-22
v -5.710499763 0.4826000035 0.2996000648
vn 0.9640626907 0.136677891 0.2278206944
v -5.708899975 0.4785000086 0.2949999571
vn 0.9670058489 0.08873789012 0.2387996018
v -5.766000271 0.4905000031 0.2886000276
vn 0.2119014412 0.7633639574 -0.610223949
v -5.766000271 0.4905000031 0.2886000276
vn 0.1412906498 0.9011073709 -0.4099298716
v -5.76789999 0.4932999909 0.2940999866
vn 0.149484396 0.8993413448 -0.410900861
v -6.076600075 0.4167000055 3.269200087
vn -0.05200619623 0.998617053 0.007700641174
v -9.220199585 0.4905000031 -1.021500111
vn 0.1873889118 0.8292590976 -0.5265119076
v -9.225399971 0.4975999892 -1.007799983
vn 0.1064781472 0.9402076006 -0.323530674
v -5.706099987 0.4686999917 0.2871999741
vn 0.9640845656 0.07146047801 0.2558012903
v -5.704199791 0.4620000124 0.281899929
vn 0.9598724246 0.04579392076 0.2766728997
v 8.675600052 0.4167000055 3.436800003
vn 0.9501658082 0.290364325 0.1134613156
v 8.677300453 0.4975999892 3.422199965
vn 0.06212588027 0.934823513 -0.3496360779
v 8.675600052 0.5 3.436800003
vn 0.02135775425 0.9984075427 -0.05221372098
v 1.328699946 0.4167000055 -5.742000103
vn -0.02418251708 0.9996897578 -0.005962051451
v 0.3559000194 0.4167000055 -6.860599995
vn -0.001811536495 0.9998424053 0.01766107418
v -0.02219999582 0.4167000055 -3.223100185
vn 0.0004241686547 0.9999864101 -0.005200281274
v -5.177700043 0.4986000061 5.499899864
vn -0.09289654344 0.9869262576 -0.1317073703
v -8.303099632 0.4975999892 7.650300026
vn -0.1962877661 0.9481096268 -0.250118494
v -8.294799805 0.5 7.662399769
vn -0.03485083953 0.9991796017 -0.02062845416
v -8.341899872 0.4167000055 7.594199657
vn -0.1622190028 0.9587033987 -0.2336082608
v -5.734499454 0.4167000055 0.2007999271
vn -0.02083602548 0.9997451901 -0.008681646548
v -5.736299992 0.4167000055 0.2056000531
vn -0.02122308314 0.999745667 -0.007627124898
v -5.743700027 0.4167000055 0.2264000624
vn -0.02123683318 0.999745667 -0.007589663379
v -5.763100147 0.4833000004 0.2806000113
vn 0.2201324105 0.7642908096 -0.6061363816
v -5.761199951 0.4785000086 0.2751999497
vn 0.2373005748 0.6932188869 -0.6805409789
v -5.684000015 0.4167000055 0.2254000604
vn 0.9390823245 0.06987714767 0.3365138471
v -4.891200066 0.4167000055 5.886300087
vn -0.01621911302 0.9997611642 0.01464580465
v -4.897399902 0.4167000055 5.877799988
vn -0.003779887455 0.9999889135 0.002801139141
v -5.703399658 0.4785000086 0.2970999777
vn 0.9591494203 0.0620508343 0.2760109603
v -5.701600075 0.4499000013 0.2747000158
vn 0.9739480019 0.08310782164 0.2109936625
v -5.699699879 0.4410000145 0.2693999708
vn 0.9712743163 0.05761897936 0.2308813781
v -5.694499969 0.4167000055 0.2549000382
vn 0.9413015842 0.02428092249 0.3366923928
v -5.74669981 0.4167000055 0.2346999645
vn -0.02124420553 0.999745667 -0.007569576614
v -5.758299828 0.4686000049 0.2672999501
vn 0.2615961134 0.6449255943 -0.7180796862
v -5.756499767 0.4620000124 0.2621000707
vn 0.2740221024 0.5627117753 -0.7799149752
v -5.691400051 0.4167000055 0.2462000549
vn 0.9299299121 0.16023615 0.3309904933
v -5.14659977 0.4785000086 5.541800022
vn 0.302041024 0.7624028921 0.5722875595
v -5.151599884 0.4855999947 5.534999847
vn 0.3333251476 0.7655353546 0.5503180623
v -8.270000458 0.4785000086 7.698200226
vn 0.3916195929 0.7065113783 0.5894707441
v -5.698800087 0.4620000124 0.2839999497
vn 0.9648165703 0.05908281729 0.2561994791
v -5.700699806 0.4686999917 0.2892999947
vn 0.9637245536 0.06286906451 0.2593887448
v -8.252799988 0.4167000055 7.736999989
vn 0.8033381104 0.1075783968 -0.5857258439
v -8.250699997 0.4167000055 7.739900112
vn 0.7998361588 0.09612506628 -0.5924711823
v -8.247699738 0.4167000055 7.730499744
vn 0.08587417752 0.9884201884 0.1251047403
v -5.751999855 0.4410000145 0.2495999783
vn 0.2925291061 0.5046681166 -0.8122418523
v -5.746799946 0.4167000055 0.2351000309
vn -0.1589724869 0.9856485724 -0.05678550899
v -5.690199852 0.4167000055 0.2600000501
vn 0.9425218701 0.005136405118 0.334104985
v 8.680100441 0.4167000055 3.399199963
vn 0.8446701169 0.5255055428 0.1018644124
v 8.674099922 0.4167000055 3.448999882
vn 0.9100630283 0.3991819024 0.1115308404
v 8.672599792 0.4167000055 3.461499929
vn 0.8903700709 0.4421583116 0.1083383113
v 8.677000046 0.4167000055 3.424599886
vn 0.9098601937 0.3995591402 0.111834228
v -5.747900009 0.4167000055 0.238100037
vn 0.3080476522 0.4936323762 -0.813285768
v 8.673800468 0.4975999892 3.451400042
vn -0.01144451648 0.9652318954 0.2611443698
v -3.103800058 0.4305000007 7.317800045
vn 0.7552286983 0.4442232251 0.4819703102
v -3.991700172 0.4167000055 9.024499893
vn 0.01236525923 0.9999024868 0.006489020772
v 8.678600311 0.4167000055 3.412199974
vn 0.8908959031 0.4411402047 0.108165592
v 8.680800438 0.4785000086 3.393599987
vn 0.1004459262 0.6826591492 -0.7238004804
v 8.679100037 0.4905000031 3.407799959
vn 0.08669999242 0.8106114864 -0.5791305304
v -5.694300652 0.4410000145 0.2714999914
vn 0.9510421157 0.01741007157 0.3085705638
v 8.670999527 0.4167000055 3.474400043
vn 0.1757705361 0.9841917157 0.02171204239
v 8.671999931 0.4905000031 3.465899944
vn -0.04532315582 0.8557664752 0.5153731704
v 8.67029953 0.4785000086 3.480000019
vn -0.07027648389 0.7227015495 0.6875780821
v -5.695600033 0.4167000055 0.258000046
vn 0.670375824 0.4807329774 -0.5652362704
v -4.91779995 0.4785000086 10.70470047
vn 0.6262611151 0.7399954796 0.2453644872
v -3.13319993 0.4785000086 7.303999901
vn 0.5966612697 0.7135935426 0.3671234548
v -3.140700102 0.4855000079 7.300400257
vn 0.5507352948 0.7642201781 0.3356458545
v -5.737500191 0.4620000124 0.3920999765
vn 0.9321629405 0.01902859285 0.3615385294
v 8.667499542 0.4167000055 3.503099918
vn 0.4452328384 0.8938157558 0.05348929018
v 8.665599823 0.4167000055 3.519000053
vn -0.02245605551 0.9513386488 0.3073280156
v -5.799600124 0.4410000145 0.3828000724
vn -0.3183476031 0.5357040763 0.7820971608
v -5.799699783 0.4408999979 0.3828000724
vn -0.338717252 0.4432232082 0.8299540877
v -5.834799767 0.4167000055 0.4810999632
vn -0.03288371488 0.9993899465 -0.01176289376
v 8.666999817 0.4410000145 3.506999969
vn -0.09922099859 0.5022242665 0.8590261936
v -5.801300049 0.4309000075 0.3875000179
vn -0.3276574314 0.4467262924 0.8325119615
v 8.669300079 0.4167000055 3.488199949
vn 0.7679799795 0.6335707903 0.09378036857
v -5.744699478 0.4535000026 0.3950999975
vn 0.9397749901 0.003026902908 0.3417804241
v -5.742899895 0.4620000124 0.3900999725
vn 0.9328542352 0.01860765554 0.3597731888
v -5.865799904 0.5 0.7335000038
vn 0.6561741233 0.7277109623 0.1996804178
v -5.804500103 0.4167000055 0.3964000344
vn -0.003626255319 0.999992609 -0.00127147499
v -5.806499958 0.4167000055 0.4019999802
vn -0.003617702518 0.999992609 -0.001294157933
v -5.803800106 0.4167000055 0.3943000138
vn -0.003610545537 0.999992609 -0.001313138986
v -5.80369997 0.4167000055 0.3941999972
vn -0.002980503254 0.9999911189 -0.002984055784
v 8.668600082 0.4620000124 3.493799925
vn -0.08679777384 0.605997026 0.7907172441
v -5.80369997 0.4167000055 0.3941999972
vn -0.3170361221 0.4480011165 0.8359324932
v -5.738200188 0.4785000086 0.3769999444
vn 0.9347833395 0.02107963711 0.3545924425
v -5.796999931 0.4535999894 0.3751999736
vn -0.4138377011 0.5289860368 0.7408860326
v -5.795199871 0.4620000124 0.3702999651
vn -0.3597275615 0.6064804792 0.7090680599
v -5.919300079 0.5 0.7172999382
vn -0.8599529266 0.4375659525 -0.2627109587
v -4.930699825 0.4905000031 10.69859982
vn 0.6109486222 0.7653095126 0.2025908828
v -5.747200012 0.4420000017 0.4019999802
vn 0.9240115285 0.02910871059 0.3812550008
v -5.739299774 0.4535000026 0.3971999884
vn 0.917314589 0.04522642493 0.3955863416
v -4.943900108 0.4975999892 10.69229984
vn 0.2676659822 0.9600127339 0.0820395276
v -5.735399723 0.4855999947 0.3689999282
vn 0.9341224432 0.02860790305 0.3558044732
v -5.790500164 0.4785000086 0.3571999371
vn -0.3071359694 0.6701128483 0.6757339239
v -5.732800007 0.4785000086 0.3790999651
vn 0.8856799006 0.1106714383 0.4509135187
v -5.733500004 0.4903999865 0.3637000322
vn 0.9363832474 0.02284815349 0.3502346873
v -5.733500004 0.4905000031 0.3636000156
vn 0.9304023981 0.0517270267 0.3628714383
v -5.785699844 0.4903999865 0.3439000249
vn -0.2964738011 0.7583547235 0.5805182457
v -5.785699844 0.4905000031 0.3438000083
vn -0.20347251 0.8952905536 0.396300137
v -5.787599564 0.4857000113 0.3491000533
vn -0.2616486549 0.763764739 0.5900875926
v -5.728000164 0.4905000031 0.3657000363
vn 0.8849855065 0.1602243781 0.4371827543
v -5.729899883 0.4855999947 0.3710999489
vn 0.884028554 0.1434935778 0.4448630214
v -9.241000175 0.4905000031 -0.9666998982
vn -0.2239354402 0.8375805616 0.498308897
v -5.728499889 0.4975999892 0.3498000205
vn 0.9319019914 0.08214292675 0.3532862365
v -5.730500221 0.4947000146 0.3553999662
vn 0.9340518117 0.03318374604 0.3555924892
v 8.605799675 0.4167000055 4.263199806
vn -0.03073372319 0.9995042682 -0.006831227336
v 8.706299782 0.4167000055 3.585700035
vn -0.4457537532 0.8927093148 -0.06613366306
v 8.33220005 0.4167000055 3.478600025
vn -0.003430938348 0.99959445 0.02827046253
v -5.782700062 0.4948000014 0.3354999423
vn -0.1777442545 0.8993788958 0.3994053006
v -5.780799866 0.4975999892 0.3300000131
vn -0.1299974173 0.9587987661 0.2525978088
v -5.725000381 0.4947000146 0.3574999869
vn 0.8732315302 0.2314974219 0.4288072586
v -5.723100185 0.4975999892 0.3519000411
vn 0.8719893694 0.2673269212 0.4100864232
v -5.723599434 0.5 0.3360000253
vn 0.02092925832 0.999758482 0.006703647785
v -5.725599766 0.4990999997 0.3415999711
vn 0.9266454577 0.1328632236 0.351675421
v -5.775800228 0.5 0.3162000179
vn 0.009704248048 0.9991704226 -0.03955135122
v -5.77780056 0.4990999997 0.3216999471
vn -0.06602148712 0.9868062735 0.1478328109
v -5.720099926 0.4990999997 0.3436999917
vn 0.8977949023 0.2418989092 0.3680342436
v -5.718100071 0.5 0.3381000459
vn 0.1711296588 0.9845425487 0.03729059547
v -5.718599796 0.4975999892 0.3222000301
vn 0.9376015067 0.241148144 0.2505013943
v -5.769899845 0.4961999953 0.2996000648
vn 0.1427587122 0.8989542723 -0.4141269922
v -5.770899773 0.4975999892 0.3024000227
vn 0.06340418011 0.9820437431 -0.1776794195
v -5.713200092 0.4975999892 0.3243000507
vn 0.4537575841 0.8890805244 -0.06033106893
v -5.71570015 0.4934000075 0.3139999807
vn 0.953034699 0.1493137777 0.2634963095
v -5.713700294 0.4905000031 0.3085000515
vn 0.9525382519 0.1059141606 0.2853999138
v -5.713700294 0.4905000031 0.3084000349
vn 0.9658975601 0.1261182576 0.2261328548
v -5.71089983 0.4833999872 0.3005000353
vn 0.9562276006 0.07116458565 0.2838386297
v -5.708199978 0.4905000031 0.3105000556
vn 0.8996171355 0.4359523356 0.02518964931
v -5.710199833 0.4934000075 0.3161000013
vn 0.7107376456 0.6962418556 -0.1004950181
v -5.70539999 0.4833999872 0.3025000393
vn 0.9508606195 0.0360661149 0.3075114787
v -6.105999947 0.4167000055 3.071199894
vn -0.008814573288 0.9999603033 0.001314094756
v -6.106500149 0.4167000055 3.067500114
vn -0.008912842721 0.9999594092 0.001299561001
v -6.106800079 0.4167000055 3.06520009
vn -0.0009398611146 0.9999995232 0.0001225609303
v -6.106999874 0.4181999862 3.064399958
vn 0.1063158959 0.4488036036 0.8872836232
v -6.106800079 0.4167000055 3.06520009
vn 0.1057152748 0.4789417982 0.871457994
v -6.106800079 0.4167000055 3.06520009
vn 0 0 0
v -5.186399937 0.4934000075 5.488100052
vn -0.2518179417 0.8991234303 -0.3580010235
v -8.311400414 0.4905000031 7.638299942
vn -0.3347418904 0.8225361109 -0.4597631991
v -8.22480011 0.4167000055 7.774799824
vn 0.01581246033 0.9998059869 -0.01174727175
v 5.608099937 0.4410000145 -4.567200184
vn 0.6524471045 0.4713415205 0.5934222341
v 5.607999802 0.4411999881 -4.567299843
vn 0.6226244569 0.5347877145 0.5712625384
v -8.254199982 0.4167000055 7.735099792
vn 0.7839412093 0.04909791797 -0.6188905835
v -8.256799698 0.4167000055 7.717299938
vn -0.7800855637 0.3134897649 0.5414708257
v -8.254300117 0.4167000055 7.735000134
vn 0.794326365 0.1539798081 -0.5876528025
v -8.254300117 0.4167000055 7.735099792
vn 0.6990526319 -0.1340274662 -0.7023973465
v -4.994999886 0.4785000086 10.66450024
vn -0.5801644325 0.6388828754 -0.5052107573
v -4.994999886 0.4785000086 10.66450024
vn -0.531024158 0.7649189234 -0.3645714819
v -3.211600065 0.4785000086 7.265999794
vn -0.6654187441 0.6721411943 -0.3247216344
v -8.29240036 0.4167000055 7.683599949
vn 0.7904026508 0.1782582849 -0.586078167
v -8.27820015 0.4905000031 7.686399937
vn 0.297114253 0.8370885253 0.4593538344
v -8.28069973 0.4167000055 7.682799816
vn -0.8185812831 0.0904641971 0.5672221184
v 1.128299952 -2.520568199e-09 7.610199928
vn 9.046006051e-24 -1 -2.671890819e-24
v 1.559100032 -2.520568199e-09 7.456099987
vn -1.10277272e-24 -1 1.056299898e-23
v 3.017999887 -2.520567977e-09 11.07820034
vn 9.470746117e-24 -1 -2.671890819e-24
v -4.136499882 0.4167000055 11.07419968
vn 0.02401748672 0.9978142381 -0.06156215817
v -3.272999763 0.4167000055 11.38319969
vn 0.003948311321 0.9999180436 -0.01217637956
v -8.265399933 0.4167000055 7.704999924
vn -0.7386713624 0.438726902 0.5117453337
v 0.5202000141 -2.520568199e-09 7.77120018
vn -1.227149579e-23 -1 3.945554082e-24
v -0.01730000228 -2.520568199e-09 7.850900173
vn 2.362779775e-23 -1 -2.671890819e-24
v -8.262200356 0.4620000124 7.709600449
vn 0.4464379549 0.599065721 0.6646904945
v -0.0277000051 -2.520568199e-09 7.847499847
vn -0.08166018128 -0.007782035507 -0.9966298342
v -8.273200035 0.4167000055 7.693600178
vn -0.8183968067 0.1143646687 0.5631583929
v 1.047399998 -2.520568199e-09 7.639100075
vn -2.721193363e-23 -1 3.945554082e-24
v -8.287799835 0.4167000055 7.672500134
vn -0.8202194571 0.08058710396 0.5663442016
v -2.177299976 -2.520568199e-09 7.635599613
vn 1.703449199e-23 -1 3.945554082e-24
v -2.67930007 -2.520568199e-09 7.456099987
vn -1.101495869e-23 -1 -2.671890819e-24
v -1.6602 -2.520568199e-09 7.766200066
vn 2.795072711e-23 -1 3.945554082e-24
v -2.167599916 -2.520568199e-09 7.639100075
vn -2.686000188e-24 -1 -2.671890819e-24
v -1.640400052 -2.520568199e-09 7.77120018
vn 5.026894003e-23 -1 1.056299898e-23
v -1.132400036 -2.520568199e-09 7.84649992
vn -3.919429217e-23 -1 -2.671890819e-24
v -3.274300098 -2.520567977e-09 11.38729954
vn 1.496959178e-23 -1 1.056299898e-23
v -8.286399841 0.4975999892 7.674499989
vn 0.14730753 0.9585898519 0.2437334359
v 7.765100002 0.5 6.889999866
vn 0.8742030263 0.1848580241 0.4489951134
v 8.16119957 0.5 6.052499771
vn 0.9021722078 0.2428623736 0.356515348
v 7.681900024 0.5 6.845499992
vn -0.6660587788 0.6558970213 -0.3551968634
v 8.383000374 0.5 5.152900219
vn -0.5289473534 0.8351085186 -0.1510245949
v 8.074000359 0.5 6.01639986
vn -0.7421514988 0.6026601195 -0.2932779193
v 8.47329998 0.5 5.180300236
vn 0.9540407658 0.1248193085 0.2724450827
v 7.681900024 0.4167000055 6.845499992
vn -0.02983657457 0.9994295835 -0.01582129486
v 7.269800663 0.4167000055 7.532999992
vn -0.047491882 0.9984658957 -0.0284668617
v 8.074000359 0.4167000055 6.01639986
vn -0.04481119663 0.9988065958 -0.01942643151
v 8.383000374 0.4167000055 5.152900219
vn -0.01469023339 0.9998809695 -0.004720273428
v 7.288899422 0.5 7.684599876
vn 0.8276013732 0.09643106163 0.5529711246
v 8.605799675 0.5 4.263199806
vn -0.6166805029 0.7788978219 -0.1141197979
v -5.190000057 0.4905000031 5.483300209
vn -0.3332481086 0.8192847371 -0.4666028321
v -8.330599785 0.4167000055 7.632100105
vn 0.8062165976 0.2071886063 -0.5541549325
v -8.350000381 0.4167000055 7.59980011
vn 0.8448938727 0.1722123474 -0.5064556003
v -5.195199966 0.483099997 5.476299763
vn -0.3733087182 0.7659917474 -0.5233519673
v -8.351699829 0.4167000055 7.596899986
vn 0.8524101973 0.116304189 -0.5097746849
v -8.332799911 0.4167000055 7.60739994
vn -0.5817955732 0.7059926987 0.4038418829
v 7.210400105 0.5 7.632100105
vn -0.1195712388 0.9901961684 -0.07221017033
v -8.294799805 0.4167000055 7.662399769
vn -0.8212420344 0.05610095337 0.5678153038
v -8.301799774 0.4167000055 7.652299881
vn -0.7845950723 0.3032820225 0.5407685041
v -8.308899879 0.4167000055 7.641900063
vn -0.8199411035 0.1105220169 0.5616773367
v -3.377300024 0.5 7.67539978
vn 0.0168637 0.9998187423 0.008838946931
v -8.316300392 0.4167000055 7.631100178
vn -0.8150696158 0.1377401203 0.5627514124
v -8.324199677 0.4167000055 7.619699955
vn -0.8035461307 0.2038825452 0.5592365861
v -8.335000038 0.4410000145 7.604199409
vn -0.503110528 0.4808501005 -0.7180967927
v -8.327400208 0.4620000124 7.615100384
vn -0.4742875099 0.5687422752 -0.6719996929
v -8.319499969 0.4785000086 7.626500607
vn -0.4252717495 0.6825364232 -0.5943803191
v 7.181900024 0.5 7.670499802
vn 0.006354734302 0.9999144673 -0.01142998133
v 6.736999989 0.5 8.428700447
vn 0.7448572516 0.2673986256 0.6112983227
v 6.664000034 0.5 8.368800163
vn -0.5691334009 0.6749010086 -0.4696762562
v -5.99119997 0.4167000055 3.420300007
vn 0.9756445289 0.0139410561 -0.2189141214
v -5.997799873 0.4167000055 3.41960001
vn 0.983948946 0.07660442591 -0.1611714065
v -5.981900215 0.4167000055 3.483200073
vn 0.9673399329 0.07432997227 -0.242339775
v -6.054200172 0.4167000055 3.420300007
vn -0.05200974271 0.9986166358 0.007733852137
v -6.052599907 0.4167000055 3.430599928
vn -0.05248028785 0.9985481501 0.01214193739
v -6.042099953 0.4167000055 3.472599983
vn -0.05259021744 0.998529315 0.01317311823
v -6.013899803 0.4167000055 3.585099936
vn -0.01346109714 0.9999036789 0.003372513689
v 0.7301000357 0.4905000031 -3.09010005
vn -0.4878108501 0.8610630035 -0.1435655206
v 1.605399966 0.4905000031 -6.640299797
vn -0.57736063 0.8096898198 -0.1051527858
v 0.7186999917 0.4805999994 -3.092900038
vn -0.6155149937 0.7641302347 -0.1929929703
v 4.96969986 0.4620000124 3.04489994
vn 0.05120382831 0.5443617105 0.8372864127
v 4.966800213 0.4280999899 3.064399958
vn -0.02451571077 0.4436612725 0.8958591819
v 4.967700005 0.4410000145 3.058000088
vn -0.09012804925 0.4482724369 0.8893417716
v -3.230799675 -2.520569087e-09 -6.518300056
vn 4.236988094e-24 -1 -2.671890819e-24
v -2.880100012 -2.520569087e-09 -6.612400055
vn -2.09574531e-23 -1 -4.237656022e-23
v -2.880100012 -2.520569087e-09 -6.606200695
vn 3.539469945e-23 -1 -1.590678062e-23
v -3.300400019 -2.520569087e-09 -6.593500137
vn -0.2886566818 -0.1062958613 -0.9515138268
v -3.274300098 -2.520569087e-09 -6.507400036
vn -1.791146353e-24 -1 -2.671890819e-24
v -4.138199806 -2.520569087e-09 -6.198299885
vn 2.29900396e-24 -1 3.945554082e-24
v -4.172599792 -2.520569087e-09 -6.281400681
vn -0.3915197551 -0.1764820665 -0.9030871391
v -4.967700005 -2.520569087e-09 -5.806000233
vn -3.702029565e-24 -1 3.945554082e-24
v -5.010099888 -2.520569087e-09 -5.885300159
vn -0.4437992275 -0.3370846212 -0.8303109407
v -5.754600048 -2.520568865e-09 -5.334300041
vn 5.521233926e-24 -1 -2.671890819e-24
v -5.804599762 -2.520568865e-09 -5.409099579
vn -0.5336560011 -0.1736780703 -0.8276757598
v -6.454999924 -2.520568865e-09 -4.814899921
vn 1.608191721e-23 -1 -9.289335719e-24
v -6.548699856 -2.520568865e-09 -4.857200146
vn -0.6151161194 -0.1447556466 -0.7750341892
v -6.491600037 -2.520568865e-09 -4.787700176
vn -8.273479773e-23 -1 7.012000309e-23
v -3.17050004 -2.520568865e-09 -2.543800354
vn 0.05675207824 -0.9927333593 0.1061113849
v -3.636600018 -2.520568865e-09 -2.264400005
vn 0.03361257538 -0.9981681705 0.05030461028
v 5.017499924 0.4167000055 2.388299942
vn 0.009179183282 0.9999577999 0.0004454356676
v -6.550700188 -2.520568865e-09 -4.734200001
vn -7.407184597e-24 -1 3.945554082e-24
v 0.8421000838 0.4167000055 -3.062000036
vn 0.000653472147 0.9999963045 -0.002635648474
v 0.8510000706 0.4167000055 -3.05979991
vn 0.001863778452 0.9999706745 -0.00742654549
v 5.577400208 0.4905000031 -4.59499979
vn 0.3407751322 0.8553575277 0.3901740313
v 4.986499786 0.4620000124 2.931299925
vn 0.09821090847 0.642816782 -0.7596980929
v 0.7719999552 0.4977000058 -3.079600334
vn 0.1691441834 0.9852169156 0.02716457658
v 1.648000002 0.4975999892 -6.629600048
vn 0.3467671275 0.9284274578 0.133322984
v 0.7670000792 0.4986000061 -3.080799818
vn 0.1604590416 0.9867069721 0.02573512122
v 1.647899985 0.4975999892 -6.629600048
vn 0.1513250917 0.9877803922 0.03729148582
v 0.75849998 0.5 -3.082999945
vn 0.06194114685 0.998015523 0.01132949162
v 4.779200077 0.5 3.96269989
vn 0.8620197773 0.4410665929 0.2497642487
v 4.542699814 0.5 4.457799911
vn -0.9242013693 0.1115220934 -0.3652597368
v 4.594400406 0.5 4.479199886
vn 0.8171987534 0.4680269063 0.336358428
v 4.310500145 0.5 4.948800087
vn -0.8788266778 0.08380442858 -0.4697238207
v 4.359799862 0.5 4.97510004
vn 0.7234901786 0.5660512447 0.3951556087
v 4.981100082 0.4947000146 2.967700005
vn 0.06375495344 0.8978770971 -0.4356053472
v 4.98029995 0.4975999892 2.973500013
vn 0.06414569169 0.8965340853 -0.438305825
v 4.031300068 0.5 5.414599895
vn -0.8197034597 0.07883977145 -0.5673363805
v 4.077799797 0.5 5.445600033
vn 0.5607489944 0.7552757859 0.3392920792
v 4.982400417 0.4905000031 2.959100008
vn 0.0733878836 0.8396945 -0.5380774736
v 4.980199814 0.4975999892 2.973500013
vn 0.02142591402 0.9865037799 -0.1623307317
v 0.7441999316 0.4975999892 -3.086499691
vn -0.2675776184 0.9601631761 -0.08055333793
v 0.7527000308 0.4990999997 -3.0843997
vn -0.1526632756 0.9870784879 -0.04868203402
v 1.052600026 0.5 -3.009299994
vn 0.2636993229 0.4565109909 -0.8497413397
v 3.707799911 0.5 5.850800037
vn -0.7581614852 0.1068927646 -0.6432457566
v 4.03760004 0.5 5.499700069
vn -0.0368559882 0.9972512722 0.06427691132
v 0.7726000547 0.4975999892 -3.079399824
vn 0.1353590041 0.9905610681 0.02160467021
v 0.7727000713 0.4975999892 -3.079399824
vn 0.4315564632 0.8973150849 0.0926534906
v 4.96780014 0.4415000081 3.057699919
vn -0.05730453134 0.5323297381 0.8445953131
v 3.750999928 0.5 5.886300087
vn 0.6202774048 0.6010909677 0.5039301515
v 1.052600026 0.4167000055 -3.009299994
vn 0.006150007248 0.999697566 -0.02381065674
v 1.0625 0.4167000055 -3.005800247
vn 0.00838193763 0.9996907711 -0.02341171727
v 0.9327999949 0.4167000055 -3.039299726
vn 0.005973768421 0.9996978641 -0.02384215221
v 0.8722000122 0.4167000055 -3.054500103
vn 0.01200670749 0.9987797141 -0.04790553823
v 0.8141000271 0.4620000124 -3.069000006
vn 0.7535853386 0.6449545622 0.1270541996
v 1.689399958 0.4620999992 -6.61920023
vn 0.7459577322 0.6396102309 0.1855959445
v 0.8087999821 0.4686000049 -3.0704
vn 0.7570407987 0.6409422755 0.1268156469
v 0.8142000437 0.4620000124 -3.069000006
vn 0.8241422176 0.5373163223 0.179111138
v 1.689499974 0.4620000124 -6.61920023
vn 0.7126702666 0.516387105 0.4748109579
v 1.689399958 0.4620999992 -6.61920023
vn 0.7247026563 0.6432794333 0.2469770014
v 0.8006999493 0.4785000086 -3.072400331
vn 0.7284662724 0.668040216 0.1518523395
v 0.8271000385 0.4410000145 -3.06580019
vn 0.8814069629 0.4453700483 0.1573761404
v 1.702399969 0.4410000145 -6.615999699
vn 0.8642213345 0.4461794496 0.2324767262
v 0.8269000053 0.4413999915 -3.06580019
vn 0.8356158137 0.5302972198 0.1432866901
v 0.8389000297 0.4167000055 -3.062800169
vn 0.7346292138 0.6540586352 0.1803529859
v 4.971700191 0.4785000086 3.031100035
vn -0.05012530461 0.6662024856 0.7440844774
v 0.8343999386 0.4259000123 -3.063999653
vn 0.8688538671 0.4479400218 0.2108143568
v 1.109300017 0.4167000055 -2.989000082
vn 0.008396045305 0.9996907115 -0.02340919338
v 0.7810999751 0.4932999909 -3.077300072
vn 0.43219769 0.8990207314 0.07047589868
v 0.7868000865 0.4905000031 -3.075900078
vn 0.5945340991 0.794431448 0.1241283491
v 1.036399961 0.5 -2.955799818
vn -0.3033080101 0.1318525374 0.943726182
v 0.7950999737 0.4833000004 -3.073800325
vn 0.6350880265 0.7652104497 0.1054333895
v -6.568500042 -2.520568865e-09 -4.718000412
vn -4.935649617e-23 -1 4.365022348e-23
v -6.653999805 -2.520568865e-09 -4.640500069
vn 6.785396543e-24 -1 -2.671890819e-24
v -6.760000229 -2.520568865e-09 -4.544400215
vn 8.408076325e-24 -1 -2.671890819e-24
v 5.513100147 0.4620000124 -4.653299332
vn -0.6150211096 0.6082606316 -0.5017649531
v 4.981999397 0.491899997 2.961999893
vn 0.062981911 0.9005038142 -0.4302628338
v 5.555699825 0.5 -4.614699841
vn -0.005771925673 0.999980092 0.002545731841
v 5.587900162 0.4785999954 -4.585499763
vn 0.432300657 0.7649623752 0.4774397612
v 5.587999821 0.4785000086 -4.585400105
vn 0.2613787055 0.6292158961 0.7319620848
v 4.975900173 0.4975999892 3.002599955
vn -0.02524845675 0.9076201916 0.4190323055
v 5.503200054 0.4408000112 -4.662199974
vn -0.7206495404 0.4466443658 -0.5302575231
v 8.782899857 0.4167000055 2.388299942
vn -0.02211710624 0.9997547865 0.001073270687
v 8.781900406 0.4167000055 2.368700027
vn -0.04316740856 0.999065578 0.002121626632
v -5.676099777 -2.520568643e-09 0.2207999676
vn 0.05663729087 -0.9981312752 0.02293756232
v 4.970499992 0.4686000049 3.039299965
vn -0.006404978223 0.6419963241 0.7666809559
v 4.988500118 0.4410000145 2.918100119
vn 0.110667184 0.5184663534 -0.8479064703
v 4.989200115 0.4309000075 2.913000107
vn 0.1267105788 0.4496330321 -0.8841801882
v -7.063600063 -2.520568865e-09 -4.269299984
vn -1.623884688e-23 -1 1.718044388e-23
v 0.8219000101 0.4494999945 -3.067100048
vn 0.832740128 0.535335362 0.1412796825
v 1.036399961 -2.520568865e-09 -2.955799818
vn -0.2746044695 -0.01186034735 0.9614841342
v 0.5095000267 -2.520568865e-09 -3.087800026
vn -0.1951006651 -0.01527019404 0.9806643724
v -6.070999622 -2.520568643e-09 1.797199965
vn 0.08428660035 -0.9964176416 0.006906179246
v 0.6721999645 0.4167000055 -3.104600191
vn 0.01149359904 0.9988772273 -0.04595828429
v 0.5674999952 0.4167000055 -3.130800247
vn 0.007435028441 0.9995306134 -0.0297191292
v 0.5303000808 0.4167000055 -3.140100002
vn 0.007459520362 0.999530673 -0.02971151657
v 0.5205000043 0.4167000055 -3.142599821
vn 0.00462153554 0.9995211959 -0.03059359267
v 0.1490000039 0.4167000055 -3.197700262
vn 0.009070364758 0.9980874062 -0.06114899367
v -0.0277000051 -2.520568865e-09 -3.167500257
vn -0.09798540175 -0.007866997272 0.995156765
v 0.689899981 0.4410000145 -3.100199938
vn -0.8375802636 0.4930390716 -0.2353119999
v 0.6779999733 0.4167000055 -3.103200197
vn 0.002352807904 0.9999600053 -0.008628988639
v 0.6758999228 0.4167000055 -3.103699923
vn 0.002097755205 0.9999600649 -0.008690661751
v 0.6780999899 0.4167000055 -3.103100061
vn -0.8666644096 0.4508001506 -0.2137101889
v 0.7027999759 0.4620000124 -3.096899986
vn -0.7698546648 0.5985838175 -0.2214072496
v 1.565199971 0.4410000145 -6.650300026
vn -0.8675578237 0.4847306013 -0.1112637743
v 1.578100085 0.4620000124 -6.647100449
vn -0.8095518947 0.5682369471 -0.1474196762
v 0.7107999921 0.4718999863 -3.094899654
vn -0.7301422954 0.6444784403 -0.2270237058
v 0.7163000703 0.4785000086 -3.093600035
vn -0.6552602053 0.7337896824 -0.1794065684
v 1.591500163 0.478399992 -6.643799782
vn -0.7540073991 0.642234385 -0.1378690749
v -4.970200062 0.4975999892 10.67930031
vn -0.1454491317 0.9720623493 -0.1842263788
v -3.183999777 0.4979999959 7.279900551
vn -0.1433502883 0.9869377613 -0.07351574302
v -2.67930007 -2.520568865e-09 -2.776200056
vn -3.081199977e-24 -1 3.945554082e-24
v 5.523300171 0.478399992 -4.643999577
vn -0.591199398 0.6449080706 -0.4843313992
v 5.52339983 0.4785000086 -4.643900394
vn -0.5351738334 0.7210536599 -0.4400802255
v -9.205499649 0.4410000145 -1.060200095
vn 0.3071771264 0.4758090675 -0.8241649866
v 4.986499786 0.4616000056 2.930999994
vn 0.1171801686 0.5333612561 -0.8377317786
v 4.985300064 0.4718999863 2.939500093
vn 0.1077463701 0.6427865624 -0.7584300637
v 4.984499931 0.4785000086 2.944999933
vn 0.08916325122 0.7444335818 -0.661716342
v -7.233099937 -2.520568865e-09 -4.103600025
vn 3.221436766e-24 -1 -2.671890819e-24
v -9.24600029 0.4785000086 -0.953400135
vn -0.2613307834 0.7167453766 0.6465154886
v -5.859200001 0.4167000055 0.7324999571
vn 0.9601112604 0.01704498939 0.2790983021
v -5.745999813 0.4167000055 0.4161000252
vn 0.9414663315 0.008001442999 0.3370120823
v -5.834799767 0.4167000055 0.6469000578
vn 0.9375094175 0.09237800539 0.3354733288
v -5.752299786 0.4167000055 0.4162000418
vn 0.865249157 0.3869463205 0.3187733889
v -5.749100208 0.4307999909 0.4074000418
vn 0.9334005117 0.008375741541 0.358738482
v -5.753600121 0.4167000055 0.4197999835
vn 0.8697440624 0.3831548691 0.311026752
v -5.75150013 0.4167000055 0.4141000211
vn 0.8673071861 0.3852234483 0.3152477145
v -5.747399807 0.4408999979 0.4026999474
vn 0.9242503047 0.02527589723 0.3809494972
v -5.75150013 0.4167000055 0.4140000045
vn 0.9766677618 0.2147559673 -1.315001032e-17
v -5.747399807 0.4410000145 0.4025999308
vn 0.9297786355 0.06202956289 0.3628553748
v -5.741899967 0.4410000145 0.4046999514
vn 0.9258432388 0.02502908558 0.3770780265
v -5.743700027 0.4307999909 0.4095000625
vn 0.9279943109 0.01828161813 0.372145623
v -5.75150013 0.4167000055 0.4140000045
vn -0.3220031261 0.4448503256 0.8357165456
v 4.972499847 0.4833000004 3.025399923
vn -0.004156428389 0.7618401051 0.6477518082
v 4.966599941 0.425999999 3.065399885
vn -0.1043283045 0.4513550699 0.8862246871
v -5.874400139 0.4167000055 4.088399887
vn -0.04378318042 0.9989182353 0.01566456817
v -5.904600143 0.4167000055 4.003799915
vn -0.02077507041 0.9997566342 0.007420838811
v 4.873700142 0.4167000055 3.585099936
vn 0.05459731072 0.9984149337 0.01366642583
v 4.779200077 0.4167000055 3.96269989
vn 0.004177121446 0.9999907017 0.00105748733
v 4.994999886 0.4167000055 2.845799923
vn 0.006872377358 0.999976337 0.0003370115592
v 4.99450016 0.4167000055 2.855799913
vn 0.02240868099 0.99974823 0.001136655454
v 5.014400482 0.4167000055 2.450000048
vn 0.05088727921 0.9987012744 0.00249889004
v -5.919300079 0.4167000055 3.96269989
vn -0.02171414346 0.9997481704 0.00566837471
v -3.266799927 0.4722000062 7.570000172
vn 0.6790317297 0.6418254375 0.3563369513
v -4.90530014 0.4620000124 10.7105999
vn 0.8082719445 0.5758141875 0.1230224818
v -3.180299997 0.4986000061 7.281700134
vn -0.1397625506 0.9875741601 -0.07185897231
v -0.3745000064 0.4167000055 -3.240400076
vn 0.002234893385 0.9989609122 -0.04552028701
v 2.543800116 0.4167000055 -2.301700115
vn 0.01379284542 0.9997314811 -0.01862032525
v 2.53550005 0.4167000055 -2.30790019
vn 0.0117042046 0.9997424483 -0.01944489218
v -9.273099899 -2.520568643e-09 -0.9292000532
vn 2.302433138e-24 -1 -2.671890819e-24
v -9.236399651 -2.520568643e-09 -1.031599998
vn 5.581446101e-24 -1 -9.289335719e-24
v -5.859200001 -2.520568643e-09 0.7324999571
vn 0.1230410486 -0.9917255044 0.03662537411
v 5.53399992 0.4905000031 -4.634299755
vn -0.4319099188 0.826787889 -0.3603825867
v -9.19960022 -2.520568643e-09 -1.13440001
vn 4.166028083e-24 -1 -9.289335719e-24
v -9.198300362 -2.520568643e-09 -1.138100028
vn -2.150225937e-23 -1 5.688511329e-23
v -5.99119997 -2.520568643e-09 1.259600043
vn 0.08762756735 -0.9960256219 0.0159472134
v -3.300400019 0.5 -6.593500137
vn -0.2819215953 0.2385336459 -0.9293125868
v -4.172599792 0.5 -6.281400681
vn -0.3565150201 0.2428637147 -0.9021719694
v -3.272999763 0.5 -6.503200054
vn 0.1997718811 0.7457422018 0.6355783343
v -4.136499882 0.5 -6.194200039
vn 0.2729576826 0.6857689023 0.6746962667
v -4.965600014 0.5 -5.802100182
vn 0.3018228412 0.7507418394 0.587613523
v -5.010099888 0.5 -5.885300159
vn -0.4667643309 0.1397102177 -0.8732766509
v -5.752099991 0.5 -5.330599785
vn 0.3579002917 0.7509085536 0.5550168753
v -5.804599762 0.5 -5.409099579
vn -0.5593084693 0.1849709898 -0.8080592752
v -6.488800049 0.5 -4.784200191
vn 0.3701676726 0.8069801927 0.4601726234
v 0.3652000129 -2.520569087e-09 -6.954500198
vn 0.07973466814 -0.2194949985 -0.9723498821
v -0.560100019 -2.520569087e-09 -7
vn -0.01624167152 -0.1336975396 -0.9908890724
v -0.560100019 0.5 -7
vn 0.01589806378 0.2428806275 -0.9699258804
v -1.485399961 -2.520569087e-09 -6.954500198
vn -0.1112388223 -0.2294905335 -0.96693331
v -1.485399961 0.5 -6.954500198
vn -0.08031904697 0.1848651916 -0.9794762731
v -0.560100019 0.5 -6.905600071
vn 0.009988764301 0.5776295066 0.8162379265
v 0.3559000194 0.5 -6.860599995
vn -0.0737843588 0.6741176248 0.7349294424
v -1.476099968 0.5 -6.860599995
vn 0.07551433146 0.7507822514 0.6562191844
v -2.383300066 0.5 -6.725999832
vn 0.09312562644 0.8612785935 0.4995265603
v -5.865799904 0.4167000055 0.7335000038
vn 0.9513601065 0.07178015262 0.2996022999
v -5.880400181 0.4167000055 0.7916999459
vn 0.9673607945 0.07404068112 0.2423450053
v -2.401799917 0.5 -6.818600178
vn -0.1938481629 0.1120596305 -0.9746104479
v -5.915800095 0.4167000055 0.7074000835
vn -0.005661922973 0.9999819398 -0.002025547205
v -5.919300079 0.4167000055 0.7172999382
vn -0.02160456404 0.9997491241 -0.005908411462
v -5.928899765 0.4167000055 0.7552999854
vn -0.0217282325 0.9997490048 -0.005460802931
v -5.94299984 0.4167000055 0.8115999699
vn -0.04557149112 0.9988958836 -0.01141529344
v -0.3745000064 0.4167000055 -6.896500111
vn -0.001409418066 0.9995869398 0.02870377526
v -1.476099968 0.4167000055 -6.860599995
vn 0.001772034448 0.9997648597 0.0216115322
v -0.560100019 0.4167000055 -6.905600071
vn 0.001002392033 0.9997398853 0.02278377116
v -5.99119997 0.4167000055 1.259600043
vn 0.9773500562 0.01509802788 0.2110899687
v -2.383300066 0.4167000055 -6.725999832
vn 0.06256078929 0.915006876 0.39855811
v 4.031300068 0.5 -0.7345999479
vn -0.8171393871 0.111458905 0.565561831
v -2.550199986 0.4167000055 -6.68419981
vn 0.06012889743 0.9689170718 0.2399670333
v -2.401799917 -2.520569087e-09 -6.818600178
vn -0.1903990209 -0.2176789045 -0.9572690725
v -9.259900093 0.4167000055 -0.9165999293
vn -0.01316926349 0.9993200302 0.03443956748
v -0.5101000071 0.4167000055 -6.903100014
vn -0.001116803032 0.9997399449 0.02277797274
v -2.73210001 0.5 -6.638599873
vn 0.06106966734 0.9980624914 -0.01190561522
v 4.594400406 0.5 0.2007999271
vn 0.8181468844 0.4396543503 -0.3705937862
v 4.359799862 0.5 -0.2951000929
vn 0.7002046108 0.613927722 -0.3644259572
v 4.542699814 0.5 0.2222000211
vn -0.9200588465 0.09072145075 0.3811316192
v 4.310500145 0.5 -0.2687998712
vn -0.8686448932 0.111422874 0.4827432036
v -0.5701000094 0.5 -3.250000238
vn 0.00491944328 0.7496882081 -0.6617729068
v -0.5701000094 0.5 -3.194099665
vn -0.01629964449 0.07431741804 0.9971014261
v -1.112499952 0.5 -3.167500257
vn 0.0811535418 0.111426644 0.9904535413
v -1.118000031 0.5 -3.223100185
vn -0.07673493028 0.5093149543 -0.8571522832
v -1.660699964 0.5 -3.142599821
vn -0.1564073116 0.3964346349 -0.9046415687
v -1.649700046 0.5 -3.087800026
vn 0.1942562759 0.09417198598 0.9764200449
v -4.970200062 0.4975999892 10.67930031
vn -0.1487817168 0.9857804775 -0.07810794562
v -4.976699829 0.493900001 10.67539978
vn -0.3326862454 0.8967030048 -0.2919650674
v -4.971399784 0.4968999922 10.67860031
vn -0.334030062 0.8958194256 -0.2931407094
v -4.982500076 0.4905999899 10.6718998
vn -0.3299162984 0.8985103369 -0.2895417511
v -5.018400192 0.4410000145 10.65040016
vn -0.4820493758 0.4056400955 -0.7765851617
v -5.018199921 0.4413999915 10.6505003
vn -0.4728607833 0.5016022921 -0.7244293094
v -4.960199833 0.4410000145 10.53960037
vn -0.7646532059 0.5042632222 -0.401278019
v -3.223500013 0.4620000124 7.258899689
vn -0.7431269884 0.5526866913 -0.3772263527
v -4.874599934 0.4167000055 10.35029984
vn -0.03095709905 0.9993886948 -0.0162451379
v -5.028800011 0.4167000055 10.64420033
vn -0.7558541298 0.5153058767 -0.4039114416
v -5.090000153 0.4167000055 10.60750008
vn 0.1897521168 0.9294046164 -0.3165457547
v -1.85800004 0.5 -3.093199968
vn 0.03767453879 0.9991723299 -0.01533726137
v -2.176599979 0.5 -2.955799818
vn 0.288590312 0.1858614534 0.9392396808
v -2.192800045 0.5 -3.009299994
vn -0.2866009176 0.3389703929 -0.8960797787
v -2.709300041 0.5 -2.824500084
vn -0.3301585615 0.556013763 -0.762787044
v -2.687900066 0.5 -2.772799969
vn 0.3301291168 0.557156384 0.7619655728
v -2.558099985 0.4167000055 -6.682199955
vn 0.1476806849 0.7939487696 0.5897760391
v -2.663500071 0.4411000013 -6.655799866
vn 0.8254020214 0.5346508622 -0.1812730283
v -2.676399946 0.4620000124 -6.652599812
vn 0.8448711634 0.5308682323 -0.06611824036
v -2.66050005 0.4348999858 -6.656599998
vn 0.8995004892 0.4350182414 0.0407179594
v -2.663500071 0.4410000145 -6.655799866
vn 0.8559746146 0.4739528 -0.206582278
v -2.639800072 0.4167000055 -6.661799908
vn 0.01352064218 0.9984481931 0.05402237922
v -2.648400068 0.4167000055 -6.659599781
vn 0.01371973287 0.9984484315 0.05396733433
v -2.573499918 0.4167000055 -6.342000008
vn 0.02818907239 0.999578476 -0.00695013348
v -2.651599884 0.4167000055 -6.658800125
vn 0.01350186113 0.9984481335 0.05402757227
v -2.651599884 0.4167000055 -6.658800125
vn 0.8671254516 0.4498841166 -0.21377033
v 4.639699936 0.5 0.3274000585
vn 0.01326709054 0.9996595979 0.02246492542
v -2.760499954 0.4903999865 -6.631499767
vn -0.6349820495 0.7556740642 0.1604821682
v -2.76060009 0.4902999997 -6.631499767
vn -0.5854144692 0.7744681239 0.2397687137
v 4.725699902 0.5 0.7335000038
vn -0.9363479018 0.2063793987 0.2840072513
v -1.900200009 0.4785000086 -3.082600355
vn -0.6897298694 0.7161802053 0.1065767854
v -1.891800046 0.4857000113 -3.084700346
vn -0.6299251318 0.7664176226 0.1256916821
v -2.774300098 0.4785000086 -6.628099918
vn -0.6097146273 0.7651486397 0.206871137
v 4.857600689 0.5 1.260400057
vn -0.9713896513 0.1114338636 0.2097252756
v 4.912399769 0.5 1.24940002
vn 0.814072907 0.5553591251 -0.1698868424
v -6.548699856 0.5 -4.857200146
vn -0.6418989301 0.1249051243 -0.756547749
v 4.779200077 0.5 0.7172999382
vn 0.8607651591 0.4369390011 -0.261089325
v -3.272999763 0.4167000055 -6.503200054
vn 0.00947341416 0.9994919896 0.03043036535
v -2.880100012 0.4167000055 -6.60160017
vn 0.01252735313 0.9986690283 0.05003287271
v -3.786900043 0.4167000055 -6.319300175
vn 0.02135360055 0.9979895949 0.05967259035
v 4.937300205 0.5 1.797600031
vn -0.9916864038 0.08380810916 0.09764371812
v 4.963900089 0.5 2.339999914
vn -0.9938083291 0.1111079678 -4.465327225e-19
v 5.019800186 0.5 2.339999914
vn 0.7658364773 0.6429697871 -0.009181327187
v 4.992900372 0.5 1.792099953
vn 0.8081642389 0.5819493532 -0.0905842185
v -4.136499882 0.4167000055 -6.194200039
vn 0.007670276798 0.9998271465 0.01693652757
v -4.965600014 0.4167000055 -5.802100182
vn 0.01269699074 0.9996584058 0.0228443034
v -5.752099991 0.4167000055 -5.330599785
vn 0.01753577031 0.999525249 0.02533343993
v -6.488800049 0.4167000055 -4.784200191
vn 0.1385676861 0.9731118083 0.1839902848
v 4.077799797 0.5 -0.7656001449
vn 0.7265182137 0.4929307103 -0.4787385166
v 8.075200081 0.4167000055 -1.133099914
vn -0.02074575238 0.9997571707 0.007427407429
v 8.091400146 0.4167000055 -1.087800145
vn -0.02045702562 0.999763906 0.007325334009
v 8.074000359 0.5 -1.136399984
vn -0.7628889084 0.5592449307 0.3244158626
v 8.096899986 0.4167000055 -1.07249999
vn -0.9393875003 0.07071913034 0.3354846239
v 8.096899986 0.4167000055 -1.072399855
vn -0.9376659393 0.09354266524 0.3347124159
v -6.544000149 0.4167000055 -4.734200001
vn 0.1593954712 0.9713979363 0.176008746
v -3.205200195 0.5 -2.589900255
vn -0.3356349468 0.7021449804 -0.6279662848
v -3.675699949 0.5 -2.30790019
vn -0.4935491085 0.4569379091 -0.7400115132
v -3.178899765 0.5 -2.540599823
vn 0.3329977691 0.7082522511 0.6224879026
v -3.64470005 0.5 -2.261399984
vn 0.4817361534 0.4870947301 0.7284703255
v -5.032400131 0.4167000055 10.6420002
vn 0.03756663948 0.9973216653 -0.06275512278
v -4.810900211 0.4167000055 10.75529957
vn 0.01028070226 0.9997107983 -0.02173899114
v -4.87680006 0.4167000055 10.72410011
vn 0.005434841383 0.9999194741 -0.01146621443
v -4.809700012 0.4167000055 10.75580025
vn 0.03123272769 0.9973278642 -0.0660424903
v -4.080900192 0.5 -1.937899828
vn 0.5204483867 0.5196916461 0.6775352955
v -4.880099773 0.4167000055 10.72249985
vn 0.005502987187 0.9999195337 -0.0114299031
v -4.882199764 0.4167000055 10.7215004
vn 0.005452618469 0.9999194741 -0.01145674195
v -4.136499882 0.5 11.07419968
vn 0.3087614179 0.625523448 -0.7165101767
v -4.913300037 0.4724999964 10.70680046
vn 0.7527422309 0.6327141523 0.1818019748
v -4.882199764 0.4167000055 10.7215004
vn 0.7919153571 0.4474175274 0.4155570269
v 7.222199917 0.4410000145 7.612400055
vn 0.4903590977 0.4936932921 -0.7182025313
v 7.215400219 0.4620000124 7.623799801
vn 0.2354711145 0.5887876153 -0.7732286453
v 7.247599602 0.4167000055 7.570000172
vn -0.01626843959 0.9998201132 -0.009751148522
v -4.917600155 0.4783000052 10.70479965
vn 0.754894793 0.6299837232 0.1823578775
v -2.760499954 0.4905000031 -6.631499767
vn -0.4176953733 0.8968470097 0.1455885023
v -2.746299982 0.4975999892 -6.635099888
vn -0.4116174579 0.8989668489 0.1497655809
v -2.746299982 0.4975999892 -6.635099888
vn -0.1552507728 0.9863917828 0.05411502719
v -2.73210001 0.5 -6.638599873
vn -0.1507984698 0.9870086908 0.05544088036
v -2.703900099 0.4905999899 -6.645699978
vn 0.433308512 0.8989824653 -0.06382966042
v -2.717799902 0.4975999892 -6.642199993
vn 0.3352129161 0.9402620196 -0.05949483812
v -4.91779995 0.4785000086 10.70470047
vn 0.6584668159 0.7359268665 0.1575851589
v 5.224199772 0.4167000055 6.218299866
vn 0.008433528244 0.999889791 -0.01221573073
v -4.179399967 0.5 -1.848599911
vn 0.009606824256 0.9998970032 0.01066290494
v -4.952700138 0.4991999865 10.6882
vn 0.1611902863 0.986266315 0.03600554541
v -4.95720005 0.5 10.68610001
vn 0.1581609249 0.9867811203 0.03532886878
v -4.965600014 0.5 10.6821003
vn 0.01885023899 0.9992831945 -0.03282935917
v -4.96999979 0.4977000058 10.67940044
vn -0.1486788541 0.9859297276 -0.07640164346
v -4.95870018 0.4997999966 10.68529987
vn -0.1397894323 0.9872941375 -0.07555960864
v -2.70359993 0.4905000031 -6.645800114
vn 0.4180395603 0.9027354717 -0.1015459672
v -2.70359993 0.4905000031 -6.645800114
vn 0.6340486407 0.7642836571 -0.1176981777
v -2.689899921 0.4785999954 -6.649199963
vn 0.636271596 0.7632135153 -0.1125325859
v -2.689800024 0.4785000086 -6.649199963
vn 0.7553895712 0.6398012042 -0.1415663809
v -2.676399946 0.4620000124 -6.652599812
vn 0.7405293584 0.647926867 -0.1783450991
v -2.676800013 0.4623999894 -6.652500153
vn 0.75934273 0.6404153705 -0.1151816323
v -6.050200462 0.4167000055 1.239599943
vn -0.007169255987 0.9999727011 -0.001794771524
v -6.052599907 0.4167000055 1.24940002
vn -0.02203465998 0.9997503757 -0.003694411367
v -2.818300009 0.4167000055 -6.617099762
vn 0.002281762427 0.9999560118 0.009099317715
v -2.800600052 0.4410000145 -6.621500015
vn -0.8644946218 0.4492065012 0.2255271971
v -2.814699888 0.4167000055 -6.618000031
vn 0.002238212386 0.9999560118 0.009109837003
v -2.812599897 0.4167000055 -6.618500233
vn 0.002080046805 0.9999560118 0.009148041718
v -2.192399979 0.4167000055 -4.103600025
vn -0.01693887077 0.9998478293 0.004176267423
v -2.8125 0.4167000055 -6.618500233
vn -0.8652677536 0.4536288083 0.2133838087
v -2.800600052 0.4410000145 -6.621500015
vn -0.8325334787 0.5105279088 0.2150563151
v -2.788000107 0.461499989 -6.624599934
vn -0.1064872891 0.2140085101 0.9710102081
v -2.787699938 0.4620000124 -6.624700069
vn -0.4156284332 0.4923900366 0.7647254467
v -2.774300098 0.4785000086 -6.628099918
vn -0.7231659293 0.6414784789 0.256000787
v -2.671099901 0.4620000124 -6.151599884
vn -0.7909240127 0.5800147057 0.1949928105
v -2.762900114 0.4884000123 -6.630899906
vn -0.5972552299 0.7638729215 0.24450849
v 7.231599808 0.4167000055 7.59679985
vn -0.008578247391 0.9999499917 -0.005135538522
v 7.229700089 0.4167000055 7.599899769
vn -0.008539885283 0.9999500513 -0.00519051915
v 7.228499889 0.4167000055 7.601900101
vn -0.008694958873 0.9999498725 -0.004968266003
v 7.228499889 0.4167000055 7.602000237
vn 0.5075387955 0.4492726028 -0.7352268696
v 7.210400105 0.4735000134 7.632100105
vn 0.06385076046 0.6027971506 -0.7953355908
v 7.207900047 0.4785000086 7.635499477
vn 0.3803575337 0.7363736629 -0.5595372915
v -5.997799873 0.5 1.260400057
vn 0.8120782971 0.5575505495 0.1722389311
v -5.997799873 0.4167000055 1.260400057
vn 0.9700205326 0.07463404536 0.2312787771
v -6.007100105 0.4167000055 1.323099971
vn 0.9862722754 0.07652425021 0.1463252008
v -6.077499866 0.5 1.797600031
vn 0.8700566292 0.4851810336 0.08718296885
v -6.077499866 0.4167000055 1.797600031
vn 0.9879168868 0.07643807679 0.1348238289
v -6.052599907 0.5 1.24940002
vn -0.8039911985 0.5696609616 -0.1705420464
v -6.080699444 0.4167000055 1.862400055
vn 0.9957984686 0.0774660632 0.04883061349
v -6.097599983 0.4167000055 2.207499981
vn 0.9957870245 0.07762348652 0.04881375283
v -6.104100227 0.4167000055 2.339999914
vn 0.9967018962 0.07777678221 0.0231533777
v -6.058599949 0.4167000055 1.289700031
vn -0.04462685063 0.9989817739 -0.006619691383
v -6.131499767 0.4167000055 1.781299949
vn -0.007880632766 0.9999682903 -0.001168606454
v -6.133099556 0.5 1.792099953
vn -0.8862823844 0.4550076127 -0.08643824607
v 7.199500084 0.4902999997 7.646800518
vn 0.3612374961 0.7657741308 -0.5320690274
v 7.199399948 0.4905000031 7.646999836
vn 0.3114096224 0.8344198465 -0.4547170401
v 4.063600063 0.4785000086 5.464700222
vn 0.4068615735 0.704069078 -0.5820227265
v -6.133099556 0.4167000055 1.792099953
vn -0.02226018906 0.9997515678 -0.001135523897
v -6.070999622 0.4167000055 1.797199965
vn 0.9932686687 0.01874880306 0.1143058017
v 7.190700054 0.4975999892 7.658699989
vn 0.1401197463 0.9685880542 -0.2054353505
v 7.190700054 0.4975999892 7.658699989
vn 0.2477368861 0.8979745507 -0.363686949
v 5.015600204 0.4167000055 2.426399946
vn 0.0220864173 0.9997554421 0.001109659206
v 4.994299889 0.4167000055 2.859600067
vn 0.02241113409 0.99974823 0.001117244246
v -3.300400019 -2.520567977e-09 11.47350025
vn -0.2991106212 -0.2099984139 0.930824101
v -2.384200096 -2.520567977e-09 11.61030006
vn 8.280215383e-24 -1 3.945554082e-24
v -2.401799917 -2.520567977e-09 11.69859982
vn -0.194290936 -0.08967390656 0.9768365622
v -1.485399961 -2.520567977e-09 11.83450031
vn -0.07949120551 -0.2323486656 0.9693787694
v -1.476600051 -2.520567977e-09 11.74489975
vn -3.20057246e-23 -1 -2.671890819e-24
v -1.102900028 -2.520568199e-09 7.850900173
vn -6.557162674e-23 -1 -9.289335719e-24
v -0.6007000208 -2.520568199e-09 7.875599861
vn 1.708983059e-23 -1 -2.671890819e-24
v -0.560100019 -2.520568199e-09 7.877599716
vn -5.106767432e-23 -1 -2.671890819e-24
v -0.560100019 -2.520567977e-09 11.78999996
vn 2.671871886e-23 -1 3.945554082e-24
v -1.843700051 0.4975999892 -3.09679985
vn 0.1776334941 0.9828235507 -0.05004213378
v -1.841300011 0.4963999987 -3.097400188
vn 0.418594718 0.8992410898 -0.1270586997
v -3.786900043 -2.520567977e-09 11.20390034
vn -1.729261359e-23 -1 -2.671890819e-24
v -0.5101000071 -2.520567977e-09 11.78750038
vn -1.029856965e-23 -1 -2.671890819e-24
v -1.112499952 0.5 7.847499847
vn 0.09663136303 0.165878132 -0.9814004302
v -1.118000031 0.5 7.903100014
vn -0.06881930679 0.5776338577 0.8133898377
v 8.111499786 0.4167000055 -1.031599998
vn -0.9374908209 0.09120084345 0.3358472884
v 8.097000122 0.4167000055 -1.055300117
vn 0.8178502917 0.4860082567 -0.3080857694
v 8.10229969 0.4167000055 -1.041199923
vn 0.9319202304 0.08827348799 -0.3517562449
v -1.476099968 0.5 11.74059963
vn 0.05345186964 0.7688519955 -0.6371887922
v -2.383300066 0.5 11.60599995
vn 0.1365026534 0.6920310855 -0.7088441253
v -1.485399961 0.5 11.83450031
vn -0.1123195291 0.1848652214 0.9763243198
v -0.560100019 0.5 11.88000011
vn -0.01589806005 0.2428817898 0.9699255824
v -2.401799917 0.5 11.69859982
vn -0.187740162 0.2716691494 0.9439012408
v 8.095600128 0.4410000145 -1.058900118
vn -0.3068671525 0.4776327014 -0.823225081
v 8.100299835 0.4620000124 -1.046499968
vn -0.2837783098 0.5677049756 -0.7727748156
v 8.110300064 0.4905000031 -1.020200014
vn -0.1925584972 0.8101862073 -0.5536420345
v 8.11190033 0.4167000055 -1.016100168
vn 0.9329676032 0.04656397924 -0.3569359183
v 8.105199814 0.4785000086 -1.033499837
vn -0.247418806 0.6827007532 -0.6875344515
v 8.107199669 0.4167000055 -1.02820003
vn 0.9329231381 0.05859940499 -0.3552752137
v -1.660699964 0.4167000055 7.822599888
vn -0.004260770045 0.9997662306 0.02119830996
v -1.650099993 0.4167000055 7.824200153
vn -0.003175242804 0.9997658134 0.02140562795
v -1.128800035 0.4167000055 7.901500225
vn -0.002370874863 0.9998694062 0.015986301
v -3.272999763 0.5 11.38319969
vn 0.1795884669 0.7978550792 -0.5754782557
v 8.148200035 0.4167000055 -0.9292000532
vn -0.9393146038 0.06548206508 0.3367494047
v -1.476099968 0.4167000055 11.74059963
vn 0.003914789297 0.9994501472 -0.03292609751
v -0.560100019 0.5 11.78559971
vn 0.001686369535 0.7147968411 -0.6993301511
v -3.300400019 0.5 11.47350025
vn -0.2724450231 0.1248205006 0.9540406466
v -0.560100019 -2.520567977e-09 11.88000011
vn 0.01626572385 -0.1223274693 0.9923564792
v 0.3652000129 -2.520567977e-09 11.83450031
vn 0.1112416536 -0.2293978631 0.9669549465
v 0.3652000129 0.5 11.83450031
vn 0.08031920344 0.1848654896 0.9794761539
v 1.281599998 0.5 11.69859982
vn 0.193162322 0.1397576779 0.9711622596
v 4.992900372 0.4167000055 2.887900114
vn 0.02232991531 0.9997491241 0.001760030864
v 0.3562999964 -2.520567977e-09 11.74489975
vn 1.636461498e-23 -1 -2.671890819e-24
v 1.263100028 0.5 11.60599995
vn -0.139410913 0.7508962154 -0.6455381513
v 4.987299919 0.4535000026 2.926000118
vn 0.1170432493 0.5352261662 -0.8365607262
v 0.3559000194 0.5 11.74059963
vn -0.07466511428 0.6539948583 -0.7528053522
v -0.5101000071 0.4167000055 11.78310013
vn -0.04849391058 0.152462855 -0.987118721
v -0.560100019 0.4167000055 11.78559971
vn 0.02095987648 0.5173638463 -0.8555088043
v 0.3559000194 0.4167000055 11.74059963
vn -0.001654969063 0.9998613596 -0.01657023281
v -6.561900139 0.4167000055 -4.718000412
vn 0.1593918204 0.9714364409 0.1757996827
v -6.363100052 0.4167000055 -4.438300133
vn 0.02186559327 0.9995732307 -0.0193721056
v 7.181900024 0.5 7.670499802
vn 0.09026759863 0.9869988561 -0.1329848915
v -6.585800648 0.4167000055 -4.689700127
vn 0.3155926764 0.89761132 -0.3077257574
v 7.180500031 0.4997000098 7.672399998
vn -0.1213870794 0.9863659739 0.1111188233
v 1.264000058 -2.520567977e-09 11.61030006
vn 8.075951684e-24 -1 -2.671890819e-24
v -4.96999979 0.4889999926 10.67940044
vn -0.4240871072 -6.588432734e-05 0.9056214094
v -5.015699863 0.4460000098 10.65209961
vn -0.4731761813 0.4991673529 -0.7259037495
v -6.625800133 0.4905000031 -4.654099464
vn 0.4064321816 0.8297042251 -0.3826274872
v -6.63850069 0.4167000055 -4.64289999
vn -0.6623239517 0.03193485364 -0.7485366464
v -4.970099926 0.426699996 10.67940044
vn 0.5623919368 0.0004578257212 -0.8268706799
v -4.965600014 0.4167000055 10.6821003
vn 0.4613613784 0.001926144585 -0.8872102499
v -4.95870018 0.4167000055 10.68529987
vn -0.4644410014 0.0003159315675 0.8856040239
v -4.958799839 0.4167000055 10.68529987
vn 0.4206802547 0.005906883627 -0.9071897268
v -6.61509943 0.4785000086 -4.663599968
vn 0.528247118 0.6967369318 -0.4852964282
v -6.604800224 0.4620000124 -4.672800064
vn 0.6023055911 0.5827313662 -0.5455750823
v -6.619299889 0.4167000055 -4.659900188
vn -0.6502563953 0.2107691169 -0.7298924327
v -4.968100071 0.4167000055 10.68039989
vn -0.4591614604 0.005242562387 0.8883373737
v -4.96999979 0.4167000055 10.67940044
vn 0.5144064426 0.01718350872 -0.8573743105
v -4.970099926 0.4167000055 10.67940044
vn -0.4655948877 -0.004662276246 0.8849856853
v 8.173800468 0.4167000055 -0.8575001359
vn -0.2247786522 0.9710717797 0.08058606833
v 8.184800148 0.4167000055 -0.8267998695
vn -0.4899413288 0.8539430499 0.1753246039
v 8.125100136 0.4167000055 -0.9812999964
vn 0.9337775111 0.04291100055 -0.3552720547
v 8.120599747 0.4167000055 -0.9928001165
vn 0.9339206219 0.02984418161 -0.3562325537
v 8.125900269 0.4975999892 -0.9790999889
vn 0.1116899326 0.9649239182 0.2375862002
v 8.130999565 0.4905000031 -0.9654999971
vn 0.1991848052 0.8560093045 0.4770466089
v -6.589000225 0.4167000055 -4.693399906
vn 0.6691379547 0.08348218352 0.7384342551
v -6.589000225 0.4167000055 -4.693399906
vn 0.6710264683 0.05722508579 0.7392216921
v -5.031700134 0.4167000055 10.64239979
vn 0.03817337006 0.9973168969 -0.06246400997
v -6.64770031 0.4167000055 -4.634699821
vn -0.6630528569 0.02234848216 -0.7482388616
v -6.629099846 0.4167000055 -4.651199818
vn -0.6627415419 0.03632798046 -0.7479665279
v -6.597799778 0.4167000055 -4.678999901
vn -0.6504890919 0.2004777938 -0.7325794101
v -6.609000206 0.4167000055 -4.669099808
vn -0.6607713103 0.08248645812 -0.7460410595
v -6.594799519 0.4410000145 -4.681600094
vn 0.6461097002 0.4952109456 -0.5807825327
v -6.658700466 0.4975999892 -4.625
vn -0.2377423346 0.9538140893 0.1836226732
v 8.152799606 0.4167000055 -0.9163999557
vn -0.9404108524 0.03783246502 0.337929219
v 8.116299629 0.4167000055 -1.004400015
vn 0.9358222485 0.04087914899 -0.3500936627
v 8.129500389 0.4167000055 -0.9695999026
vn 0.9190928936 0.1861960888 -0.3472740948
v 8.120599747 0.5 -0.9928001165
vn -0.005323670339 0.9984173179 -0.05598709732
v 8.13409996 0.4167000055 -0.9574001431
vn 0.9345440269 0.03630043566 -0.3539911509
v 8.138999939 0.4167000055 -0.9445001483
vn 0.9343804717 0.05380995199 -0.3521897793
v 8.136099815 0.4785000086 -0.9521000981
vn 0.2569780052 0.7235645056 0.6406377554
v 8.144300461 0.4167000055 -0.9303000569
vn 0.9266192913 0.1315534115 -0.3522362113
v 8.140999794 0.4620000124 -0.9392000437
vn 0.2909811139 0.6044532657 0.7415970564
v 1.281599998 -2.520567977e-09 11.69859982
vn 0.1883659214 -0.2600376904 0.9470473528
v 8.145700455 0.4410000145 -0.9267001152
vn 0.3107953668 0.5048707128 0.8053023219
v 2.154000282 -2.520567977e-09 11.38729954
vn -9.022808018e-24 -1 3.945554082e-24
v 2.180199862 -2.520567977e-09 11.47350025
vn 0.2726329863 -0.1192525253 0.9546989799
v 8.115400314 0.4975999892 -1.006600142
vn -0.1072428823 0.934995234 -0.3380574584
v 3.052400112 -2.520567977e-09 11.16139984
vn 0.361736238 -0.1766909659 0.915383637
v 8.383000374 0.5 -0.2729000151
vn -0.4783094227 0.865052104 0.1513439715
v 3.889899969 -2.520567977e-09 10.7652998
vn 0.4668979645 -0.137345612 0.873580277
v 4.634500027 -2.520567977e-09 10.21420002
vn -1.120852781e-23 -1 1.056299898e-23
v 4.684500217 -2.520567977e-09 10.28909969
vn 0.5545754433 -0.2248263508 0.8011860847
v -1.835100055 0.4932999909 -3.098900318
vn 0.4236699343 0.8984458447 -0.115320459
v 8.150099754 0.4167000055 -0.9152998924
vn 0.3337729871 0.5478537083 0.7671061754
v 7.836100101 0.4167000055 -0.7961999774
vn 0.0108351009 0.9995331168 0.02856847644
v 8.153900146 0.4167000055 -0.913099885
vn -0.2282237113 0.9703660607 0.07939532399
v 8.15680027 0.4167000055 -0.9049001336
vn -0.2249000371 0.9710511565 0.08049611747
v 8.152799606 0.4167000055 -0.9163999557
vn -0.9482935667 -0.02690585144 0.316252023
v 5.428500175 -2.520567977e-09 9.737199783
vn 0.6120927334 -0.2629925013 0.7457730174
v 8.152799606 0.4167000055 -0.9163999557
vn 0 0 0
v 6.114899635 -2.520567977e-09 9.115099907
vn 0.6900681257 -0.1239497736 0.7130514979
v 6.051199436 -2.520568199e-09 9.051400185
vn -3.93719752e-23 -1 3.041533368e-23
v 6.094599724 -2.520568199e-09 9.003600121
vn 6.540721867e-24 -1 3.945554082e-24
v 6.736999989 -2.520568199e-09 8.428700447
vn 0.7625598311 -0.1638399512 0.6258266568
v 7.099299908 -2.520568199e-09 7.795700073
vn 1.868208618e-21 -1 1.062736751e-21
v 7.099400043 -2.520568199e-09 7.795800209
vn 2.629173433e-22 -1 1.826165664e-22
v 7.095200062 -2.520568199e-09 7.794700146
vn 4.532938852e-21 -1 -6.090721086e-21
v 4.041200161 0.4990000129 5.494800091
vn 0.09376118332 0.9869635105 -0.1308122277
v 7.099299908 -2.520568199e-09 7.795700073
vn 0 0 0
v 4.991099834 0.4167000055 2.90019989
vn 0.03447976708 0.9993925691 0.005068147089
v 4.990300179 0.4167000055 2.905999899
vn 0.003779298626 0.9999927282 0.0005210575764
v 4.990300179 0.4167000055 2.905999899
vn 0 0 0
v 4.990300179 0.4167000055 2.905999899
vn 0.1078713387 0.4458211064 -0.8885985017
v 4.979000092 0.4990999997 2.982199907
vn 0.02383140475 0.986847043 -0.1598905772
v -0.410100013 -2.520568199e-09 7.870200157
vn 1.323024578e-23 -1 -2.671890819e-24
v 4.976799965 0.4986000061 2.996700048
vn -0.0002551201906 0.9871117473 0.1600322127
v 4.976299763 0.4981000125 2.999799967
vn -0.0002947820176 0.9859450459 0.1670698524
v -6.653999805 0.4167000055 -4.634500027
vn 0.6697413921 0.07356838137 0.7389412522
v 7.17320013 0.4975999892 7.682300091
vn -0.125020802 0.9855313897 0.1144451648
v 7.173099995 0.4975999892 7.682400227
vn -0.2162554413 0.950696826 0.222281605
v 7.16449976 0.4905000031 7.693999767
vn -0.301681906 0.8956038356 0.3269277513
v 7.16449976 0.4905000031 7.693999767
vn -0.4025462568 0.7954987288 0.4529218972
v 7.156099796 0.478700012 7.70539999
vn -0.4811337888 0.7598303556 0.4372276962
v 7.156000137 0.4785000086 7.705500126
vn -0.5163180828 0.6745374203 0.5276503563
v 7.147699833 0.4620000124 7.716599941
vn -0.5197356343 0.6401280761 0.5657834411
v 7.147699833 0.4620000124 7.716599941
vn -0.7037526369 0.5402209163 0.4614039361
v 7.104599953 0.4167000055 7.774799824
vn -0.1697939038 0.9773752689 -0.126125589
v 7.111700535 0.4167000055 7.765200138
vn -0.05906417221 0.9972942472 -0.04376726225
v 6.861100674 0.4167000055 7.549699783
vn -0.02136960067 0.9992923737 0.03095327504
v 4.130400181 0.4833000004 5.609799862
vn -0.3642717302 0.767401278 0.5276376009
v 7.156000137 0.4785000086 7.705500126
vn -0.6035687923 0.5765043497 0.5507698655
v 7.139800072 0.4410000145 7.727300167
vn -0.4965262711 0.5032498837 0.7072490454
v 7.130599976 0.4167000055 7.739699364
vn -0.05915658921 0.9972951412 -0.04362235591
v 7.125199795 0.4167000055 7.747000217
vn -0.0590602681 0.9972942472 -0.04377337918
v 7.096399784 0.4167000055 7.78579998
vn -0.1093046665 0.9906865954 -0.08119484037
v 7.132499695 0.4167000055 7.737100124
vn -0.05932334438 0.9972966313 -0.04336088151
v 7.132499695 0.4167000055 7.737100124
vn -0.5076946616 0.4490391314 0.7352618575
v -4.84070015 -2.520568199e-09 5.853000164
vn 0.09159052372 -0.9929125905 -0.07573471963
v 7.089000225 0.4167000055 7.795800209
vn -0.3111134768 0.9219370484 -0.2307389528
v -6.711800098 0.4167000055 -4.582099915
vn 0.6707053781 0.05483447015 0.7396941781
v -6.711900711 0.4167000055 -4.581999779
vn 0.7001897097 -0.1395307034 0.7001897097
v -6.716400146 0.4167000055 -4.578000069
vn 0.04303264245 0.9979451299 0.0474733077
v -6.711900711 0.4167000055 -4.581999779
vn 0.6591776609 0.08464866132 0.7472077608
v -6.697800159 0.4167000055 -4.590400219
vn -0.6571034789 0.12582618 -0.7432246208
v -6.686500072 0.4167000055 -4.600399971
vn -0.6484797597 0.2101639658 -0.7316454649
v -3.636600018 -2.520568199e-09 6.944300175
vn 0.04521914199 -0.9966950417 -0.06748498976
v -6.491600037 -2.520567977e-09 9.667599678
vn -6.682391819e-24 -1 -2.671890819e-24
v -4.07310009 -2.520568199e-09 6.620600224
vn 0.05081985518 -0.9967861176 -0.0619253777
v -4.475800037 -2.520568199e-09 6.255599976
vn 0.04743416235 -0.9976711273 -0.04901305214
v -6.760000229 -2.520567977e-09 9.424300194
vn -9.927130155e-25 -1 -2.671890819e-24
v -7.168300152 0.5 -4.168300152
vn 0.5409017205 0.6346333623 0.5519654751
v 4.775599957 0.4167000055 3.972599983
vn 0.04130377993 0.9990373254 0.01477820892
v -0.5701000094 -2.520568199e-09 7.874100208
vn 0 -0.008266937919 -0.9999658465
v -0.5101000071 -2.520568199e-09 7.875100136
vn -7.914310141e-23 -1 -9.289335719e-24
v 4.405099392 0.4167000055 4.879300117
vn 0.0501916483 0.9984574318 0.02374036983
v 4.550300121 0.4167000055 4.572199821
vn 0.02027570456 0.9997484088 0.009592530318
v 4.589799881 0.4167000055 4.488900185
vn 0.02027208731 0.9997482896 0.009612858295
v 4.594400406 0.4167000055 4.479199886
vn 0.02065964043 0.9997588992 0.00743474951
v 2.180199862 0.5 11.47350025
vn 0.3035397232 0.1248208061 0.9446075559
v 2.152800083 0.5 11.38319969
vn -0.1682769805 0.8351150155 -0.5237038732
v 4.359799862 0.4167000055 4.97510004
vn 0.001244588639 0.9999990463 0.0006077087601
v 4.391699791 0.4167000055 4.907599926
vn 0.0202759821 0.9997484684 0.009587712586
v -7.235099792 -2.520568865e-09 -4.235100269
vn -0.7019580007 -0.1204565689 -0.7019581199
v -7.13740015 -2.520568865e-09 -4.20249939
vn -6.003217605e-23 -1 6.350255819e-23
v -7.171500206 -2.520568865e-09 -4.171500206
vn -3.241848818e-23 -1 3.703277858e-23
v 4.154699802 0.4167000055 5.317200184
vn 0.1184255406 0.9904232621 0.07097266614
v 4.309500217 0.4167000055 5.058899879
vn 0.05165654048 0.9981846809 0.03096595965
v 4.354199886 0.4167000055 4.984399796
vn 0.0516256094 0.9981856346 0.03098752722
v 3.016299963 0.5 11.07419968
vn -0.3174025118 0.6026613116 -0.7321577668
v 3.052400112 0.5 11.16139984
vn 0.3858551383 0.2428565919 0.8900204897
v 3.845400095 0.5 10.6821003
vn -0.2465301305 0.8534956574 -0.4590948522
v 1.263100028 0.4167000055 11.60599995
vn -0.00481558824 0.9996380806 -0.02646715939
v 2.152800083 0.4167000055 11.38319969
vn -0.006626710761 0.9997086525 -0.0232092794
v 3.845400095 0.4167000055 10.6821003
vn -0.3192133904 0.6719202995 -0.6683008075
v 3.909800053 0.4167000055 10.64350033
vn -0.4026059806 0.6219131351 -0.67166394
v 7.681900024 0.4167000055 -1.965500116
vn -0.02971730381 0.9994418025 0.01526343077
v 4.359799862 0.4167000055 -0.2951000929
vn 0.01446229871 0.9998580217 -0.008649991825
v -7.857200146 -2.520568865e-09 -3.548700333
vn -0.7481251955 -0.2516680658 -0.6139803529
v -7.787700176 -2.520568865e-09 -3.491600275
vn -5.670391351e-26 -1 -2.671890819e-24
v -8.334300041 -2.520568865e-09 -2.75459981
vn 1.220629525e-24 -1 -2.671890819e-24
v -8.409099579 -2.520568865e-09 -2.804600239
vn -0.8093488812 -0.1765133142 -0.5601762533
v 8.091300011 0.4167000055 -1.07039988
vn -0.01379867364 0.9992250204 -0.03686380386
v -5.754600048 -2.520567977e-09 10.21420002
vn -1.057384345e-23 -1 -9.289335719e-24
v -8.805999756 -2.520568865e-09 -1.967599988
vn 2.138461497e-24 -1 -2.671890819e-24
v -8.885299683 -2.520568865e-09 -2.00999999
vn -0.8684685826 -0.1741040647 -0.4641659856
v -9.178999901 -2.520568643e-09 -1.179000139
vn -7.971630746e-25 -1 3.945554082e-24
v -3.64470005 0.5 6.941400051
vn 0.4630089402 0.5368884206 -0.7052471638
v -4.080900192 0.5 6.617899895
vn 0.5989678502 0.3433314264 -0.7234369516
v -4.116399765 0.5 6.661099911
vn -0.5211207867 0.5709550977 0.6343842745
v -3.146600008 0.5 7.235899925
vn 0.0006420628633 0.9999986291 -0.001528968569
v -3.172600031 0.5 7.285299778
vn -0.008772929199 0.9999545813 -0.003723358735
v -3.178899765 0.5 7.220600128
vn 0.06591352075 0.9916272759 -0.1110436916
v 3.889899969 0.5 10.7652998
vn 0.4536485076 0.2715847194 0.8487901688
v 4.977399826 0.4993000031 2.992399931
vn -0.0002483844291 0.9873048663 0.1588364244
v 4.973800182 0.4905000031 3.016900063
vn -0.001883454737 0.8970124722 0.4420012832
v 4.973800182 0.4905000031 3.01699996
vn -0.05004297197 0.7641456723 0.643099606
v 6.114899635 0.5 9.115099907
vn 0.6970434785 0.2430572063 0.6745765805
v 6.048099995 0.5 9.048299789
vn -0.4777961373 0.7380219102 -0.4764814079
v 5.368599892 0.5 9.664199829
vn -0.355155617 0.8358346224 -0.4186227322
v 4.631999969 0.5 10.2105999
vn -0.4196820259 0.6566664577 -0.6266227961
v 4.684500217 0.5 10.28909969
vn 0.5325243473 0.1849703938 0.825956285
v 5.428500175 0.5 9.737199783
vn 0.631616056 0.0940118432 0.7695602179
v 6.664000034 0.4167000055 8.368800163
vn -0.01566489227 0.9997931123 -0.01297367085
v 6.088699818 0.4167000055 9.003600121
vn -0.02122800983 0.9995895028 -0.01924111694
v 6.048099995 0.4167000055 9.048299789
vn -0.01597162895 0.9997634292 -0.01476567425
v 6.043399811 0.4167000055 9.052599907
vn -0.01839473471 0.9996247888 -0.02029424161
v 4.631999969 0.4167000055 10.2105999
vn -0.009341948666 0.9998595119 -0.01391609013
v 5.368599892 0.4167000055 9.664199829
vn -0.01771789789 0.9995936751 -0.0223292876
v 4.936399937 0.4167000055 3.269200087
vn 0.04037541151 0.9991666079 0.005996898748
v -9.283800125 -2.520568643e-09 -0.8991001248
vn -1.75316842e-24 -1 3.945554082e-24
v -6.656899929 0.4167000055 -4.626599789
vn -0.6636497974 0.03163753822 -0.7473741174
v -6.66629982 0.4167000055 -4.618199825
vn -0.6615233421 0.03643546626 -0.7490389347
v -6.680300713 0.4785000086 -4.605899811
vn -0.5320072174 0.7166451812 0.4509856403
v -3.675699949 0.5 6.98789978
vn -0.4414686561 0.591486454 0.674721539
v -3.205200195 0.5 7.269899845
vn -0.4383645952 0.5207247138 0.7325860262
v -6.676099777 0.4167000055 -4.609600067
vn -0.6608036757 0.04582871497 -0.7491583228
v 4.964099884 0.4167000055 3.082099915
vn 0.003337638918 0.9999943376 0.000493461499
v -4.891200066 0.5 5.886300087
vn -0.6625496745 0.5029377341 0.5550509691
v -4.84800005 0.5 5.850800037
vn 0.6063437462 0.6252746582 -0.4913032055
v -5.172500134 0.5 5.506800175
vn 0.01383644342 0.9996774793 0.02129595168
v -5.126599789 0.5 5.47510004
vn 0.002555418992 0.9999938607 -0.00240783277
v -5.17140007 0.5 5.414599895
vn 0.7083957195 0.559648335 -0.430080533
v -5.217899799 0.5 5.445600033
vn -0.5646543503 0.7506998181 0.3429508209
v -5.499899864 0.5 4.97510004
vn -0.7246152759 0.5626602769 0.3979272544
v -5.450600147 0.5 4.948800087
vn 0.7170289755 0.5746918321 -0.3944600821
v -5.734499454 0.5 4.479199886
vn -0.8072785735 0.4853188396 0.3358079195
v 4.965400219 0.4167000055 3.073299885
vn 0.00271327002 0.9999962449 0.0004070093855
v -5.682800293 0.5 4.457799911
vn 0.8155841231 0.4694760442 -0.3382525742
v -4.522799969 0.5 6.292699814
vn -0.5939053893 0.5414330363 0.5950854421
v -4.483300209 0.5 6.253200054
vn 0.534406364 0.6685323715 -0.5171791911
v -2.967700005 0.4167000055 7.32049942
vn 0.4275579751 0.004129268229 -0.9039785266
v -3.07130003 0.4167000055 7.270599842
vn 0.4277350903 0.001184145804 -0.9039033651
v -3.64470005 0.4167000055 6.941400051
vn 0.5855205655 0.02872996219 -0.8101482987
v -3.786900043 0.4167000055 6.83589983
vn 0.5954413414 0.02985170111 -0.8028439879
v 4.965899944 0.4167000055 3.070100069
vn -0.09067129344 0.6515123844 0.7532000542
v -3.621000051 0.4167000055 6.955599785
vn 0.5140236616 0.02012769878 -0.8575398326
v -3.622800112 0.4167000055 6.954500198
vn 0.5138524175 0.02010745369 -0.8576429486
v -3.636600018 0.4167000055 6.944300175
vn 0.5577732325 0.00767890783 -0.8299578428
v -3.178899765 0.4851000011 7.220600128
vn 0.5113209486 0.002626103815 -0.8593857884
v -3.180399895 0.4835999906 7.21969986
vn 0.5118191838 0.01407245081 -0.8589779139
v -3.066200018 0.4167000055 7.273900032
vn 0.4268803596 0.05763556436 -0.9024695754
v -3.077800035 0.4304000139 7.268400192
vn 0.4366649985 0.003478805302 -0.8996174335
v -3.082600117 0.4410000145 7.26609993
vn 0.4382675588 0.007025670726 -0.898817122
v -3.069600105 0.4167000055 7.272299767
vn 0.4259275198 0.05710581318 -0.9029533267
v -3.071500063 0.4167000055 7.271399975
vn 0.4461658001 0.0684133321 -0.8923316002
v -3.07159996 0.4167000055 7.271299839
vn 0.6910512447 0.2171813101 -0.6894058585
v -3.095499992 0.4167000055 7.321799755
vn -0.003160189139 0.9999742508 0.006441500504
v -3.092200041 0.4167000055 7.323400021
vn -0.02197548561 0.9986794591 0.0464371331
v 4.963900089 -2.520568421e-09 2.339999914
vn -0.999800384 -0.01997941919 4.420984657e-18
v -3.094700098 0.4620000124 7.260399818
vn 0.4285011292 0.0004564014089 -0.9035411477
v -3.097599983 0.4167000055 7.320799351
vn 0 0.9999673367 0.008085513487
v -3.097500086 0.4167000055 7.320799351
vn -0.003086818848 0.9999742508 0.006479671225
v -3.097599983 0.4167000055 7.320799351
vn 0.7923572659 0.4463819563 0.415828228
v -3.082299948 0.4410000145 7.265399933
vn 0.4409520626 0.008245856501 -0.8974927664
v -3.077399969 0.4304000139 7.267700195
vn 0.4278997779 0.0002670335816 -0.9038261771
v -3.07159996 0.4167000055 7.271299839
vn 0.8012245893 0.4444647729 0.4006122947
v -3.101900101 0.4715000093 7.256999969
vn 0.4290731251 -0.0005327285035 -0.9032695889
v -3.094300032 0.4620000124 7.259699821
vn 0.4461647868 0.01482929755 -0.8948279619
v -3.10710001 0.478399992 7.254499912
vn 0.4303477705 0.00343815377 -0.9026566148
v -3.107199907 0.4785000086 7.254499912
vn 0.4302597344 0.002860112814 -0.902700603
v -3.114700079 0.4853999913 7.250899792
vn 0.4295287132 0.00272245775 -0.9030491114
v -3.120100021 0.4905000031 7.248399734
vn 0.4297302067 0.004187776707 -0.9029476047
v -3.133100033 0.478399992 7.303999901
vn 0.08862057328 0.3861389756 0.91817379
v -3.128000021 0.4715999961 7.306399822
vn 0.08771812171 0.3952688277 0.9143675566
v -3.106899977 0.4785000086 7.253799915
vn 0.4396424294 0.01409115456 -0.8980623484
v -3.101599932 0.4715000093 7.256299973
vn 0.4516900182 0.0259700045 -0.8917968869
v 0.5205000043 0.5 7.822599888
vn 0.1464028805 0.5988701582 0.7873504758
v -0.02219999582 0.5 7.903100014
vn 0.07661201805 0.551926434 0.830366075
v -3.133300066 0.4975999892 7.242099762
vn 0.4293274283 0.01051086467 -0.9030877352
v -3.114300013 0.4853999913 7.250299931
vn 0.4441095293 0.02465064265 -0.8956333399
v -3.119800091 0.4905000031 7.247700214
vn 0.4428393245 0.02073484473 -0.8963611722
v -3.132999897 0.4975999892 7.241399765
vn 0.4795459211 0.1721954197 -0.8604559302
v -3.146600008 0.5 7.235899925
vn 0.4285070598 0.04322570562 -0.9025039077
v -3.172499895 0.5 7.285399914
vn 0.06146589294 0.9687623382 0.2402530462
v -3.146199942 0.5 7.235199928
vn 0.3884802759 0.6012529135 -0.6982678771
v 4.088799953 0.4167000055 5.427199841
vn 0.01509671565 0.9998451471 0.009044663981
v 4.079500198 0.4410000145 5.442699909
vn 0.5245553851 0.4578675628 -0.7177736163
v 4.077799797 0.4463 5.445600033
vn 0.5575760007 0.5312373042 -0.6378839612
v -3.172499895 0.5 7.285299778
vn 0 1 -6.123234263e-17
v 4.086999893 0.4167000055 5.4302001
vn 0.01509069372 0.9998451471 0.009053552523
v -3.15989995 0.4975999892 7.229599953
vn 0.4013056457 0.09254051745 -0.9112573862
v -3.154299974 0.4986000061 7.232200146
vn 0.3900184035 0.19899638 -0.8990473151
v -3.163599968 0.4955999851 7.227799892
vn 0.3701338172 0.123069942 -0.9207903147
v -3.153899908 0.4986000061 7.231500149
vn 0.4162884355 0.05999416113 -0.9072511792
v -3.159499884 0.4975999892 7.228899956
vn 0.4085208774 0.04748874158 -0.9115127325
v 4.07159996 0.462500006 5.45389986
vn 0.442702353 0.6414903998 -0.6265019774
v 4.071800232 0.4620000124 5.45359993
vn 0.4824483097 0.5357037783 -0.6930116415
v -3.167500019 0.4934999943 7.225999355
vn 0.389008075 0.08149568737 -0.9176225662
v -3.167200089 0.4934999943 7.225299835
vn 0.4187538028 0.02019172721 -0.9078752995
v -3.17050004 0.4916999936 7.223700047
vn 0.4294759035 0.0002722281788 -0.903078258
v -3.172499895 0.4907999933 7.223599911
vn 0.3875667453 0.09969646484 -0.9164347649
v 4.085700035 0.4167000055 5.432300091
vn 0.5076466799 0.4492692649 -0.7351543903
v 4.085800171 0.4167000055 5.432199955
vn 0.01495353971 0.9998453259 0.009255982935
v -3.172600031 0.4905000031 7.222400188
vn 0.5101565123 0.00434364425 -0.8600706458
v -3.377300024 0.4167000055 7.166699886
vn -0.02873397246 0.9984366894 0.04794263095
v -3.327800035 0.4167000055 7.196400642
vn -0.01493294444 0.9995779991 0.0249167867
v -3.172899961 0.4905999899 7.223400116
vn 0.4057881832 0.09689798206 -0.9088160992
v -3.173099995 0.4905000031 7.22329998
vn 0.369107157 0.06916333735 -0.9268097878
v -3.198999882 0.4905000031 7.272799969
vn -0.5689469576 0.7667002678 -0.2974392176
v -3.198800087 0.4905999899 7.272900105
vn -0.3871814013 0.9000945091 -0.1998009384
v -3.185600042 0.4785000086 7.216500282
vn 0.5107904673 0.006688093301 -0.8596792221
v -3.192500114 0.4688999951 7.21239996
vn 0.5100002289 0.002299869433 -0.8601711988
v -3.19749999 0.4620000124 7.209400177
vn 0.5125440955 0.0009484623442 -0.8586603999
v -3.279299974 0.4167000055 7.160399914
vn 0.5139380097 0.02417621017 -0.8574866056
v -3.205200195 0.4848000109 7.269899845
vn -0.5698239207 0.7667669654 -0.2955827415
v -3.275599957 0.4167000055 7.227699757
vn -0.003877634415 0.999971509 0.006472152658
v -3.234999895 0.4410000145 7.251999855
vn -0.7968112826 0.4493706524 -0.4039279521
v -3.206500053 0.4835000038 7.269099712
vn -0.5719591975 0.7647346258 -0.2967214584
v -3.249599934 0.4167000055 7.178199768
vn 0.5127128363 0.0628728047 -0.8562549353
v -3.218699932 0.4167000055 7.194799423
vn 0.5140934587 0.002140167635 -0.8577315211
v -3.179699898 0.4835999906 7.218200207
vn 0.5067389011 0.005049025174 -0.862084806
v -3.184900045 0.4785000086 7.215099812
vn 0.5117031336 0.005186316092 -0.8591466546
v -3.208899975 0.4411999881 7.202600002
vn 0.4720017016 0.02675794624 -0.8811914921
v -3.209000111 0.4410000145 7.202600002
vn 0.4984441102 0.009696782567 -0.8668676019
v -3.255800009 0.4167000055 7.239600182
vn -0.001412342186 0.9999962449 0.002351042815
v -3.241300106 0.4262999892 7.248200417
vn -0.7969934344 0.4452418685 -0.4081190825
v -3.21449995 0.4745000005 7.26429987
vn -0.6874946952 0.6406506896 -0.3419323564
v -3.229799986 0.4167000055 7.190100193
vn 0.5078753829 0.1653839648 -0.8454056382
v -3.191800117 0.4688999951 7.21089983
vn 0.5127310157 0.004839265719 -0.8585356474
v -3.196799994 0.4620000124 7.207900047
vn 0.5059974194 0.005367602222 -0.8625183105
v -3.215199709 0.4264000058 7.198800087
vn 0.4461694062 0.03941880912 -0.8940799832
v -3.248300076 0.4167000055 7.244100094
vn -0.001404119423 0.9999962449 0.002355372068
v -3.2348001 0.4411999881 7.252099991
vn -0.7565300465 0.5369464159 -0.3732972145
v -3.222300053 0.4167000055 7.194600105
vn 0.5048546195 0.1670818776 -0.8468798399
v -3.208199978 0.4410000145 7.201099873
vn 0.5070806146 0.004321625922 -0.8618878126
v -3.219399929 0.4167000055 7.196300507
vn -0.258977592 0.4466248751 -0.8564209342
v -3.245399952 0.4167000055 7.245800018
vn -0.6769938469 0.6450146437 -0.3544508219
v -3.21449995 0.4264000058 7.197299957
vn 0.5070441365 0.004365158733 -0.8619090319
v -0.5701000094 0.4167000055 -3.250000238
vn -0.0005458468804 0.9998726845 -0.01594804972
v -1.794499993 0.4492999911 -3.109100342
vn 0.8144441843 0.5364835858 -0.2210567296
v -1.877799988 0.4948000014 -3.088200092
vn -0.4296371043 0.8989698291 0.08523598313
v -1.872200131 0.4975999892 -3.089599848
vn -0.2797783613 0.9591422081 0.04207495227
v -1.807600021 0.4684999883 -3.105799675
vn 0.739284277 0.6425971389 -0.2013150007
v -1.80250001 0.4623000026 -3.10710001
vn 0.7341774702 0.6425292492 -0.219407469
v 4.885499954 0.4167000055 3.538000107
vn 0.02426508255 0.999687016 0.006087180693
v 4.909999847 0.4167000055 3.440399885
vn 0.02426522039 0.9996870756 0.00607754942
v 4.912399769 0.4167000055 3.430599928
vn 0.02429819107 0.9996977448 0.003746934468
v 8.786299706 -2.520568421e-09 2.368700027
vn 1.489744887e-24 -1 3.945554082e-24
v 4.975999832 -2.520568421e-09 2.368700027
vn -6.119538182e-25 -1 6.350255819e-23
v 4.977399826 -2.520568421e-09 2.339999914
vn -1.629980098e-24 -1 -9.289335719e-24
v 8.834300041 -2.520568643e-09 1.514700055
vn 0.9801831245 -0.1729747057 -0.09654422849
v 8.740400314 0.4167000055 1.524000049
vn -0.01682396047 0.9998570085 0.001691142214
v 5.019800186 0.4167000055 2.339999914
vn 0.008713499643 0.9999619722 -0.0004103799001
v 4.957499981 -2.520568421e-09 1.933699965
vn -1.288782571e-24 -1 -2.671890819e-24
v 8.740400314 0.5 1.524000049
vn -0.7509311438 0.6561405063 0.07471323013
v 5.018400192 0.4167000055 2.368700027
vn 0.02212845534 0.9997546077 0.001048228703
v 8.744799614 -2.520568643e-09 1.523499966
vn 4.990359724e-25 -1 -2.671890819e-24
v 8.698399544 -2.520568643e-09 0.5983000398
vn 0.9481081367 -0.255987674 -0.1885769069
v 8.610099792 -2.520568643e-09 0.6158999801
vn 5.716200011e-25 -1 -2.671890819e-24
v 8.398099899 -2.520568643e-09 -0.2308000922
vn 5.636027831e-26 -1 -2.671890819e-24
v 8.47329998 -2.520568643e-09 -0.3002999723
vn 0.9494435191 -0.1248860657 -0.2880285978
v 8.387200356 -2.520568643e-09 -0.2742000818
vn 1.730876074e-25 -1 -2.671890819e-24
v 8.152899742 -2.520568643e-09 -0.9292000532
vn -1.419448111e-24 -1 -2.671890819e-24
v 6.112800121 -2.520568865e-09 -4.103600025
vn -1.172822878e-24 -1 3.945554082e-24
v 6.081699848 -2.520568865e-09 -4.137800217
vn -6.717033068e-24 -1 -2.671890819e-24
v 6.114899635 -2.520568865e-09 -4.235100269
vn 0.711905539 -0.1361088157 -0.6889592409
v 6.051199436 -2.520568865e-09 -4.171500206
vn 5.735750055e-24 -1 1.056299898e-23
v 5.63380003 -2.520568865e-09 -4.638800144
vn -2.196557e-23 -1 -2.252422552e-23
v 5.428500175 -2.520568865e-09 -4.857200146
vn 0.6444209814 -0.08891085535 -0.7594843507
v 5.714300156 -2.520568865e-09 -4.567500114
vn 3.893016577e-23 -1 -4.899400512e-23
v 5.714300156 -2.520568865e-09 -4.476900578
vn 1.552247599e-23 -1 1.718044388e-23
v 5.687799931 -2.520568865e-09 -4.500899792
vn -8.685999753e-23 -1 -8.208122962e-23
v 5.68170023 -2.520568865e-09 -4.50649929
vn -9.607889112e-23 -1 -8.869867452e-23
v 5.703499794 -2.520568865e-09 -4.5552001
vn 1.910411749e-23 -1 3.945554082e-24
v 8.078100204 -2.520568643e-09 -1.138100028
vn 2.134066542e-27 -1 3.945554082e-24
v 8.16119957 -2.520568643e-09 -1.172499895
vn 0.909332335 -0.1330403239 -0.3942271173
v 8.079899788 -2.520568643e-09 -1.133099914
vn -2.069305059e-23 -1 -4.899400512e-23
v 7.765100002 -2.520568865e-09 -2.00999999
vn 0.8603730798 -0.1765658706 -0.4781031609
v 7.68569994 -2.520568865e-09 -1.967599988
vn -1.210645504e-24 -1 -2.671890819e-24
v 7.288899422 -2.520568865e-09 -2.804600239
vn 0.8002833128 -0.2296500355 -0.55390203
v 7.214000225 -2.520568865e-09 -2.75459981
vn -1.214119845e-24 -1 -2.671890819e-24
v 6.694200039 -2.520568865e-09 -3.455600262
vn 6.633544171e-25 -1 -2.671890819e-24
v 6.736999989 -2.520568865e-09 -3.548700333
vn 0.7472988963 -0.2557435632 -0.6133022308
v 6.667399883 -2.520568865e-09 -3.491600275
vn -2.628573283e-24 -1 -2.671890819e-24
v 8.091400146 -2.520568643e-09 -1.100900173
vn 4.7660087e-27 -1 3.945554082e-24
v 4.556000233 -2.520568643e-09 0.2207999676
vn -1.149589938e-24 -1 -2.671890819e-24
v 5.371399879 -2.520568865e-09 -4.787700176
vn -1.145002337e-23 -1 -9.289335719e-24
v 5.394800186 -2.520568865e-09 -4.766499996
vn 1.281384886e-22 -1 1.495293419e-22
v 5.489699841 -2.520568865e-09 -4.766499996
vn -4.407421098e-23 -1 1.718044388e-23
v 4.634500027 -2.520568865e-09 -5.334300041
vn -7.676715491e-24 -1 -2.671890819e-24
v 4.684500217 -2.520568865e-09 -5.409099579
vn 0.5540935993 -0.2284646928 -0.8004899621
v 3.901299953 -2.520569087e-09 -5.773700237
vn 8.877329445e-24 -1 3.945554082e-24
v 2.516400099 -2.520568865e-09 -2.264400005
vn -2.690189433e-24 -1 -2.671890819e-24
v 5.676400185 -2.520568865e-09 -4.511300087
vn 2.952574597e-22 -1 2.620259178e-22
v 5.674300194 -2.520568865e-09 -4.513199806
vn -2.71833905e-21 -1 -2.437891703e-21
v 5.672999859 -2.520568865e-09 -4.51429987
vn 5.176449724e-22 -1 4.605492648e-22
v 5.670899868 -2.520568865e-09 -4.516300201
vn 3.805389074e-21 -1 3.411929791e-21
v 5.71420002 -2.520568865e-09 -4.567299843
vn 1.169912529e-22 -1 -1.416382337e-22
v 5.714300156 -2.520568865e-09 -4.567399979
vn -2.240737929e-20 -1 2.669871799e-20
v 5.714300156 -2.520568865e-09 -4.567500114
vn -1.427145051e-19 -1 1.70072276e-19
v 5.714300156 -2.520568865e-09 -4.567500114
vn 0 0 0
v 5.714300156 -2.520568865e-09 -4.567500114
vn 0 0 0
v 5.669799805 -2.520568865e-09 -4.517199993
vn 7.702797303e-25 -1 -2.671890819e-24
v 3.176300287 -2.520568643e-09 -1.738199949
vn 4.482090234e-25 -1 -2.671890819e-24
v 5.60199976 -2.520568865e-09 -4.666999817
vn 2.027096898e-23 -1 2.379788878e-23
v 4.055099964 0.4903999865 5.476200104
vn 0.3699548542 0.7690258026 -0.5212798715
v 4.054999828 0.4905000031 5.476299763
vn 0.2525267005 0.8975653052 -0.3613956571
v 5.447500229 -2.520568865e-09 -4.718800068
vn -4.073465038e-23 -1 -4.237656022e-23
v 5.428999901 -2.520568865e-09 -4.735499859
vn -3.046927284e-23 -1 -2.914167042e-23
v 5.489799976 -2.520568865e-09 -4.766499996
vn -6.82915939e-23 -1 -2.252422552e-23
v 5.544499874 -2.520568865e-09 -4.718000412
vn 3.161640597e-23 -1 -3.575911532e-23
v 3.355600119 -2.520568643e-09 -1.575700164
vn 1.193437292e-23 -1 1.056299898e-23
v 3.193700075 -2.520568643e-09 -1.72239995
vn 6.062523537e-23 -1 5.688511329e-23
v -7.235099792 0.5 -4.235100269
vn -0.6618874073 0.3518664837 -0.6618875265
v -7.857200146 0.5 -3.548700333
vn -0.7695818543 0.09401169419 -0.6315897107
v -7.784200191 0.5 -3.48879981
vn 0.4102357924 0.8432542086 0.3473167121
v -8.409099579 0.5 -2.804600239
vn -0.825965941 0.1849750876 -0.5325077176
v -8.330599785 0.5 -2.752099991
vn 0.5430307984 0.7508930564 0.3758684993
v -8.885299683 0.5 -2.00999999
vn -0.8487901688 0.2715847492 -0.4536485374
v -8.802100182 0.5 -1.965500116
vn 0.5774092674 0.7507472634 0.32090047
v -9.194199562 0.5 -1.136399984
vn 0.7548252344 0.5710912347 0.322635442
v -7.063600063 0.4167000055 -4.263199806
vn 0.01465842966 0.9997618198 0.0161682833
v -7.168300152 0.4167000055 -4.168300152
vn 0.01537444908 0.9997578859 0.01574054547
v -7.227000237 0.4167000055 -4.103600025
vn 0.03312475607 0.9990001321 0.03002433665
v -7.784200191 0.4167000055 -3.48879981
vn 0.02688035741 0.9994130135 0.02123961411
v -9.194199562 0.4167000055 -1.136399984
vn 0.02035357058 0.9997465611 0.009619624354
v -9.194899559 0.4167000055 -1.13440001
vn 0.02114760503 0.9997478724 0.007547622081
v 4.044300079 -2.520568643e-09 -0.7365999818
vn -2.703278608e-24 -1 -9.289335719e-24
v 3.977299929 -2.520568643e-09 -0.8267998695
vn -4.956664825e-26 -1 -2.671890819e-24
v 4.049900055 0.4947000146 5.483099937
vn 0.2561613619 0.8973613977 -0.3593380749
v 4.04640007 0.4975999892 5.48789978
vn 0.1285545975 0.9748216867 -0.1821988225
v 4.323699951 -2.520568643e-09 -0.2704999745
vn -1.498055241e-24 -1 -2.671890819e-24
v 4.028900146 0.4975999892 5.511499882
vn -0.07475030422 0.9867883325 0.1437399387
v 4.028800011 0.4975999892 5.511600018
vn -0.2340982109 0.8971450329 0.3746049106
v 4.023799896 0.4934000075 5.518400192
vn -0.2075519264 0.8942109346 0.3966220617
v 4.021100044 0.4912 5.521999836
vn -0.2038750798 0.8980920315 0.3896994293
v 0.5102000237 0.4167000055 7.824099541
vn 0.003218536265 0.9997662306 0.02138035558
v 3.374900103 0.4167000055 6.299699783
vn 0.007757774554 0.9999331832 0.008567114361
v 4.077799797 0.4167000055 -0.7656001449
vn 0.01911906898 0.9997478724 -0.01177276392
v -3.675699949 0.4167000055 6.98789978
vn -0.003522060812 0.9999767542 0.005839007441
v -4.091599941 0.4167000055 6.679500103
vn -0.01296642423 0.9997630119 0.01748816296
v -4.116399765 0.4167000055 6.661099911
vn -0.006008831784 0.9999594688 0.006702345796
v -6.488800049 0.4167000055 9.664199829
vn 0.01063109003 0.9998581409 -0.01306227874
v 4.64260006 0.4986000061 0.3356999755
vn 0.07430771738 0.9866079688 0.1452002972
v 4.654300213 0.4785000086 0.3683999777
vn 0.3072355688 0.6599523425 0.6856159568
v 4.649499893 0.4905000031 0.3549000323
vn 0.2429182082 0.7940040231 0.5572686195
v -1.789299965 0.4410000145 -3.1104002
vn 0.8473826051 0.4670036435 -0.2526862621
v -1.821200013 0.4833000004 -3.102400064
vn 0.6217095256 0.7645353675 -0.1701849997
v -1.815700054 0.4785000086 -3.103800058
vn 0.6958456635 0.6873584986 -0.20817554
v -9.211299896 0.4167000055 -1.088700056
vn 0.9250605106 0.1817195415 0.333528161
v -9.203800201 0.4167000055 -1.109499931
vn 0.0167903807 0.9998408556 0.006025562529
v -9.215499878 0.4167000055 -1.077000022
vn 0.9054880142 0.2752714753 0.322981596
v -9.214400291 0.4167000055 -1.08009994
vn 0.9256999493 0.1807105094 0.3323001266
v 8.116200447 -2.520568643e-09 -1.031599998
vn -1.74060443e-24 -1 -2.671890819e-24
v -9.231699944 0.4167000055 -1.031599998
vn 0.9137399197 0.2410840541 0.3270440996
v -9.212200165 0.4167000055 -1.042500019
vn -0.7792321444 0.5522397757 -0.296358794
v -9.217200279 0.4167000055 -1.029500127
vn -0.922096014 0.1585102379 -0.3530062437
v -9.22179985 0.4167000055 -1.017399907
vn -0.9318717718 0.08433429897 -0.3528495133
v -9.215200424 0.4785000086 -1.034800172
vn 0.2414762974 0.6993505955 -0.6727539897
v -9.206899643 0.4167000055 -1.056599855
vn -0.7916383743 0.5326824784 -0.2992625535
v -9.21020031 0.4620000124 -1.047800064
vn 0.2823431194 0.5768230557 -0.7665230036
v 4.739099979 -2.520568643e-09 0.7324999571
vn -1.217184643e-25 -1 3.945554082e-24
v -3.178899765 0.4167000055 -2.540599823
vn 0.4281216562 0.004290846176 0.9037109017
v -3.184999943 0.4167000055 -2.536900282
vn 0.5140238404 0.01900208928 0.857565403
v -3.205200195 0.4167000055 -2.589900255
vn -0.01064399071 0.9997414947 -0.02009238862
v -3.212500095 0.4167000055 -2.58550024
vn -0.02337545902 0.9989657402 -0.03900053352
v -3.19569993 0.4167000055 -2.594399929
vn -0.007282834966 0.9998549819 -0.01539531723
v 4.870999813 -2.520568643e-09 1.259600043
vn -4.955880586e-25 -1 3.945554082e-24
v -3.636600018 0.4167000055 -2.264400005
vn 0.5555665493 0.004214811604 0.83146137
v -3.17050004 0.4167000055 -2.543800354
vn 0.4716160595 0.00341576268 0.8817973733
v -2.682100058 0.4167000055 -2.774899721
vn 0.3787581921 0.0003063938639 0.9254956245
v -2.687900066 0.4167000055 -2.772799969
vn 0.426510483 0.01516581792 0.9043554664
v -3.64470005 0.4167000055 -2.261399984
vn 0.5165014863 0.01939329132 0.8560666442
v -3.657700062 0.4167000055 -2.251699924
vn 0.5954342484 0.0289841257 0.802881062
v -9.273400307 0.4167000055 -0.9152000546
vn 0.9396890998 0.06253038347 0.3362653255
v -3.675699949 0.4167000055 -2.30790019
vn -0.004426306579 0.9999632239 -0.00734315021
v -3.687299728 0.4167000055 -2.299299717
vn -0.004658777732 0.9999694228 -0.006281515118
v -3.922199965 0.4167000055 -2.055599928
vn 0.5954058766 0.02887833863 0.8029059172
v -4.07310009 0.4167000055 -1.940699935
vn 0.6031966209 0.008153788745 0.7975508571
v -9.235799789 0.4975999892 -0.9804000258
vn -0.1213193238 0.9539452195 0.2743540704
v 4.950799465 -2.520568643e-09 1.797199965
vn -1.267475241e-24 -1 -2.671890819e-24
v -9.272100449 0.4167000055 -0.918700099
vn 0.9247481227 0.1696093976 0.3406956494
v -9.271300316 0.4167000055 -0.920899868
vn 0.9278783202 0.1586163193 0.3374651372
v -9.271300316 0.4167000055 -0.920899868
vn 0.9366490245 0.124814637 0.3272765875
v -9.268400192 0.4167000055 -0.9292000532
vn 0.917512536 0.2245954126 0.3282189071
v -9.23939991 0.4167000055 -0.9708000422
vn -0.8642271757 0.382732749 -0.3265379071
v -9.244000435 0.4167000055 -0.958699882
vn -0.9264149666 0.138199985 -0.3502229154
v -9.250900269 0.4620000124 -0.9403999448
vn -0.2922247052 0.5960564017 0.747878015
v -9.230600357 0.5 -0.9940998554
vn -0.001727617462 0.9994587898 -0.03285053372
v -9.254300117 0.4167000055 -0.9315998554
vn -0.8345249891 0.4517314136 -0.3154469728
v -9.255700111 0.4410000145 -0.9279999137
vn -0.3134225905 0.4923975468 0.8119796515
v -9.248900414 0.4167000055 -0.9456999898
vn -0.9144824147 0.2044973075 -0.3491457999
v 4.599400043 -2.520568643e-09 0.342100054
vn -2.259973095e-24 -1 -9.289335719e-24
v 4.10529995 -2.520568643e-09 -0.6347000003
vn 1.701247173e-24 -1 3.945554082e-24
v -9.271300316 0.4167000055 -0.920899868
vn 0 0 0
v 4.890799999 -2.520568643e-09 1.392799973
vn -1.759890994e-25 -1 3.945554082e-24
v 3.901299953 -2.520568643e-09 -0.9294000864
vn 1.638233753e-24 -1 3.945554082e-24
v 4.031300068 -2.520568643e-09 -0.7345999479
vn -0.8402652144 -0.02102066949 0.5417678952
v 3.750099897 -2.520568643e-09 -1.133099914
vn 4.542734409e-24 -1 3.945554082e-24
v 3.720499992 -2.520568643e-09 -1.173099995
vn 9.707675954e-25 -1 -2.671890819e-24
v 4.020199776 0.4905000031 5.523200035
vn -0.2914274335 0.7856971025 0.5456648469
v 4.015200138 0.4835000038 5.53000021
vn 0.5659278631 0.3271195889 0.7567816377
v 4.011700153 0.4785999954 5.534699917
vn 0.5671365261 0.3201320767 0.7588620782
v 4.663499832 0.4410000145 0.393999964
vn 0.3281008303 0.4660651982 0.8216648102
v 4.011600018 0.4785000086 5.534800053
vn -0.400631994 0.6655437946 0.6297185421
v 4.634699821 0.4975999892 0.3134999275
vn -0.06973148882 0.9777552485 -0.1978184879
v 4.614099979 0.4309000075 0.2561000586
vn -0.293553412 0.4516661167 -0.842510581
v 4.615800381 0.4410000145 0.2609000504
vn -0.2906742096 0.5179431438 -0.8045144081
v -5.865799904 0.4167000055 3.946500063
vn 0.964548409 0.07368365675 -0.253410995
v -5.844600201 0.4167000055 4.00579977
vn 0.939165473 0.07056459785 -0.3361380994
v -5.676099777 0.4167000055 4.45909977
vn 0.9298914075 0.01732024364 -0.3674261868
v -5.859200001 0.4167000055 3.947400093
vn 0.95671314 0.02198839746 -0.2902007699
v -5.425199986 0.4167000055 4.99119997
vn 0.8561027646 0.06002959982 -0.5133073926
v -5.421999931 0.4167000055 4.996500015
vn 0.8561781645 0.06003818288 -0.5131806731
v -5.229800224 0.4167000055 5.317200184
vn 0.8562368155 0.05917570367 -0.5131829381
v -5.171199799 0.4167000055 5.405200005
vn 0.8574640751 0.007313368842 -0.5144918561
v -5.443799973 0.4167000055 4.950399876
vn 0.8897360563 0.01194198243 -0.4563190937
v -5.131700039 0.4986000061 5.468200207
vn 0.6651015282 0.464569658 -0.5846495032
v -5.167699814 0.443599999 5.41960001
vn 0.6627225876 0.126796782 -0.7380524278
v -5.168700218 0.4410000145 5.418300152
vn 0.7092087865 0.07617248595 -0.7008713484
v 4.771100044 -2.520568643e-09 0.8605000377
vn -2.736706983e-24 -1 -2.671890819e-24
v -5.220399857 0.4167000055 5.332900047
vn 0.8563905954 0.05992964655 -0.5128387809
v -5.193399906 0.4167000055 5.377999783
vn 0.8563805223 0.05417569354 -0.5134952664
v 4.547100067 -2.520568643e-09 0.2020999789
vn 1.825035226e-24 -1 3.945554082e-24
v 4.006800175 0.4688000083 5.54129982
vn -0.3600196242 0.6372853518 0.6813613176
v 4.003399849 0.4620000124 5.545899868
vn -0.3544908762 0.5443848372 0.7602508664
v 4.37680006 -2.520568643e-09 -0.1581998914
vn -1.070505745e-24 -1 -2.671890819e-24
v 4.547100067 -2.520568643e-09 0.2020999789
vn -7.336422196e-24 -1 -2.252422552e-23
v 4.542699814 -2.520568643e-09 0.2222000211
vn -0.9230530858 -0.04200866073 0.3823719621
v 4.620800018 -2.520568643e-09 0.4019999802
vn -1.792666094e-24 -1 -2.671890819e-24
v 4.310500145 -2.520568643e-09 -0.2687998712
vn -0.8892595172 -0.02481462061 0.4567294121
v 4.667800426 -2.520568643e-09 0.5332999229
vn 1.313233709e-24 -1 3.945554082e-24
v 4.725699902 -2.520568643e-09 0.7335000038
vn -0.9567964673 -0.01785774343 0.2902095616
v 4.758900166 -2.520568643e-09 0.8115999699
vn 4.465345576e-24 -1 1.718044388e-23
v 4.662399769 -2.520568643e-09 0.5183000565
vn 7.234953384e-24 -1 1.718044388e-23
v 4.650100231 -2.520568643e-09 0.4837999344
vn 7.814005688e-24 -1 1.718044388e-23
v 3.901299953 0.4167000055 5.683599949
vn 0.05002477393 0.9980585575 0.03710300475
v 4.658500671 -2.520568643e-09 0.5073000193
vn -4.747312547e-23 -1 -9.531611942e-23
v 4.655399799 -2.520568643e-09 0.4986999333
vn -1.460534058e-24 -1 -2.671890819e-24
v 4.653100014 -2.520568643e-09 0.4924000204
vn 7.621652211e-23 -1 1.561467868e-22
v 4.651599884 -2.520568643e-09 0.4879999757
vn -4.826626831e-23 -1 -1.019335643e-22
v 3.995500088 0.4410000145 5.556600094
vn -0.4715650082 0.4895520508 0.7334611416
v 4.650599957 -2.520568643e-09 0.4853000045
vn -5.311359454e-23 -1 -1.085510092e-22
v -0.0277000051 0.5 7.847499847
vn -0.1135854647 0.1107446402 -0.9873368144
v -0.410100013 0.4167000055 7.922100067
vn 0.0005985654425 0.9999254346 0.01219687518
v -0.03259999678 0.4167000055 7.903600216
vn 0.001057886868 0.999766171 0.02159753442
v -0.02219999582 0.4167000055 7.903100014
vn 0.003052262589 0.9997662902 0.02140103653
v 0.1497000307 0.4167000055 7.877599716
vn 0.002364385175 0.9998701215 0.01594388112
v 0.5019000173 0.4167000055 7.825399876
vn 0.003174251644 0.999766171 0.02138904668
v 4.644599915 0.4975999892 0.3412000537
vn 0.07728806883 0.9854952693 0.1510815769
v 3.995500088 0.4410000145 5.556600094
vn -0.5014178157 0.4448874295 0.7420615554
v 3.967400074 0.4167000055 5.594399929
vn 0.005913992878 0.9999728799 0.004383572377
v 3.869199991 0.4167000055 5.726799965
vn 0.01917264424 0.9997150898 0.01421631593
v 3.980799913 0.4167000055 5.576300144
vn 0.002184577985 0.9999963045 0.001625514938
v 3.991100073 0.4262000024 5.5625
vn -0.5009787679 0.4464625716 0.7414118052
v 3.986299992 0.4167000055 5.568999767
vn 0.002188678365 0.9999963045 0.001619592775
v 3.988199949 0.4167000055 5.566299915
vn -0.4322773218 0.6476828456 0.627409935
v 4.801499844 0.4167000055 0.806499958
vn 0.02423800901 0.9996877909 -0.006065952126
v 4.802800179 0.4167000055 0.8115999699
vn 0.02425272763 0.9996876121 -0.006036214065
v 8.074000359 0.4167000055 -1.136399984
vn -0.02025420219 0.9997490644 0.009569893591
v 4.364299774 0.4167000055 -0.2856000066
vn 0.001964619616 0.9999976158 -0.0009289904265
v 4.632800102 0.4948999882 0.3084000349
vn -0.1434988827 0.8959898949 -0.4202501178
v 4.644599915 0.4975999892 0.3412000537
vn 0.1732338518 0.8973442912 0.4059104621
v 4.65899992 0.4620000124 0.3814000189
vn 0.4325756133 0.5312285423 0.7284741402
v 4.807099819 0.4167000055 0.8290000558
vn 0.05362960696 0.998470664 -0.01342533249
v 4.611700058 0.4167000055 0.2492999434
vn -0.3164043725 0.4515956342 -0.8342359662
v 4.632699966 0.4947000146 0.3079999685
vn -0.1405483186 0.9004369378 -0.4116545618
v 4.629799843 0.4905000031 0.2997999489
vn -0.1518850327 0.8963049054 -0.4166154861
v 2.001199722 0.4785000086 7.300100327
vn -0.6374726295 0.6659542918 0.3874706924
v 3.717600107 0.4620000124 10.60039997
vn -0.7009459138 0.6047181487 0.3781411946
v 3.729899883 0.4785000086 10.59399986
vn -0.6055480242 0.7229782939 0.3325868249
v 4.937300205 -2.520568643e-09 1.797600031
vn -0.994373858 -0.04042975605 0.09790834039
v 4.857600689 -2.520568643e-09 1.260400057
vn -0.9835041761 -0.02663258277 0.1789140403
v 3.787100077 -2.520568643e-09 -1.083199978
vn -3.843000192e-24 -1 -9.289335719e-24
v 3.889899969 -2.520569087e-09 -5.885300159
vn 0.4693387747 -0.09262140095 -0.8781471252
v 3.847400188 -2.520569087e-09 -5.806000233
vn 2.447112398e-24 -1 3.945554082e-24
v 3.017999887 -2.520569087e-09 -6.198299885
vn -2.353503796e-24 -1 -2.671890819e-24
v 3.052400112 -2.520569087e-09 -6.281400681
vn 0.3695569932 -0.2597470582 -0.8921654224
v 2.154000282 -2.520569087e-09 -6.507400036
vn 8.676417617e-24 -1 3.945554082e-24
v 2.180199862 -2.520569087e-09 -6.593500137
vn 0.3010628819 -0.177705422 -0.9369001985
v 1.79550004 -2.520569087e-09 -6.662399769
vn 2.284440854e-20 -1 -1.220879164e-19
v 1.79550004 -2.520569087e-09 -6.66230011
vn -2.046489584e-24 -1 -4.899400512e-23
v 1.789399981 -2.520569087e-09 -6.637800694
vn -3.898825433e-23 -1 -6.884633982e-23
v 1.79550004 -2.520569087e-09 -6.597199917
vn 1.815576784e-23 -1 3.945554082e-24
v 1.784700036 -2.520569087e-09 -6.599899769
vn -1.291716944e-21 -1 -4.592755763e-22
v 1.789199948 -2.520569087e-09 -6.598800182
vn -1.019663683e-21 -1 -3.600139028e-22
v 0.7545999885 -2.520568865e-09 -3.693999767
vn -5.274486123e-24 -1 -2.671890819e-24
v 1.504199982 -2.520569087e-09 -6.734200001
vn 7.244788744e-23 -1 -1.87960348e-22
v 1.264000058 -2.520569087e-09 -6.730400085
vn -7.289231274e-23 -1 -2.252422552e-23
v 1.281599998 -2.520569087e-09 -6.818600178
vn 0.1945321262 -0.07467933744 -0.9780492187
v -0.3745000064 -2.520569087e-09 -6.900899887
vn -1.130330708e-23 -1 8.335489289e-23
v 0.3562999964 -2.520569087e-09 -6.864999771
vn -1.302734636e-25 -1 9.658978269e-23
v 1.238399982 -2.520569087e-09 -6.734200001
vn -2.890962225e-24 -1 -2.671890819e-24
v 1.781800032 -2.520569087e-09 -6.600699902
vn -1.28151118e-21 -1 -4.526581314e-22
v -5.177100182 0.4167000055 5.405200005
vn 0.8138333559 0.3133563399 -0.4893700778
v -5.17140007 0.4318999946 5.414599895
vn 0.8177018166 0.0317238085 -0.5747672319
v -5.164899826 0.4410000145 5.415699959
vn 0.8412308693 0.01490514167 -0.5404706001
v -5.164400101 0.4426000118 5.416500092
vn 0.8027163744 0.001019714749 -0.596360147
v -5.175300121 0.4167000055 5.408100128
vn 3.855631243e-16 0.5259651542 -0.8505061269
v -5.091800213 0.4603999853 5.521999836
vn 0.8259212971 0.02368631214 -0.5632876158
v -5.092400074 0.4620000124 5.52120018
vn 0.8049249649 0.00263500493 -0.5933707356
v -4.939899921 0.4167000055 5.726799965
vn 0.8014293909 0.06769954413 -0.5942454934
v -5.097199917 0.4715999961 5.514699936
vn 0.8116489649 0.01413233764 -0.5839744806
v -5.088699818 0.4620000124 5.518700123
vn 0.8166071773 0.0186652448 -0.5768919587
v -5.100599766 0.4785000086 5.510099888
vn 0.8150094151 0.01934691891 -0.5791246295
v -5.100599766 0.478399992 5.510200024
vn 0.8093636036 0.007286549546 -0.5872626901
v -5.10559988 0.4855000079 5.503399849
vn 0.811378777 0.02174584009 -0.5841161013
v -5.109200001 0.4905000031 5.498600006
vn 0.8115006685 0.0248370599 -0.5838233829
v -5.096899986 0.4785000086 5.507500172
vn 0.8223978877 0.02817145176 -0.5682148337
v -5.093500137 0.4715999961 5.512199879
vn 0.8377430439 0.04706707224 -0.5440324545
v -5.114200115 0.494599998 5.491799831
vn 0.8114143014 0.02009106055 -0.5841259956
v 1.79550004 -2.520569087e-09 -6.662399769
vn 2.290103093e-22 -1 -1.279838744e-21
v 1.78030014 -2.520569087e-09 -6.600999832
vn 5.078624346e-23 -1 1.056299898e-23
v 1.742699981 -2.520569087e-09 -6.67539978
vn 4.335424287e-23 -1 -8.208122962e-23
v 1.649799943 -2.520569087e-09 -6.698299885
vn 6.002034313e-23 -1 1.056299898e-23
v -5.101900101 0.4855000079 5.500800133
vn 0.8449243903 0.102327764 -0.5250064731
v -5.105500221 0.4905000031 5.495999813
vn 0.841483891 0.1107431352 -0.5288107991
v -5.117800236 0.4975999892 5.486899853
vn 0.8090940118 0.006055514328 -0.5876480341
v -5.118000031 0.4977000058 5.486599922
vn 0.8072516918 0.133497268 -0.5749114752
v -5.110499859 0.494599998 5.489200115
vn 0.8355876803 0.1487386823 -0.5288383961
v -5.114099979 0.4975999892 5.484399796
vn 0.8216969371 0.1710459143 -0.5436519384
v -5.148799896 0.4785000086 5.4375
vn 0.7732276917 0.05030298978 -0.632130146
v -5.157100201 0.4620000124 5.426400185
vn 0.7674210072 0.03994078934 -0.6398982406
v -5.126599789 0.5 5.47510004
vn 0.8060258031 0.08520136029 -0.5857159495
v -5.163799763 0.4975999892 5.518700123
vn 0.1064106449 0.97330755 0.2033449113
v -5.172500134 0.5 5.506800175
vn 0.07516866177 0.9867120981 0.1440447122
v -5.122900009 0.5 5.472499847
vn 0.7808211446 0.2999438941 -0.5480437875
v 4.405099392 0.4167000055 -0.1992999762
vn 0.0203203503 0.9997472763 -0.009613768198
v 4.407400131 0.4167000055 -0.1945001334
vn 0.02032025158 0.9997472763 -0.009614240378
v 4.495800018 0.4167000055 -0.007599868812
vn 0.04600227252 0.9987043738 -0.02175726183
v -5.135300159 0.4975999892 5.463300228
vn 0.6960503459 0.2878273427 -0.6577760577
v -5.140399933 0.4934000075 5.456399918
vn 0.7539163232 0.1338174492 -0.6431975365
v -5.181300163 0.4975999892 5.494999886
vn -0.1948615313 0.9424600005 -0.2716582119
v -5.127999783 0.4986000061 5.46570015
vn 0.7019048929 0.3849590123 -0.5992796421
v -5.131599903 0.4975999892 5.460700035
vn -0.01855924353 0.9417008758 -0.3359390497
v -5.140900135 0.4930999875 5.455800056
vn 0.6911450624 0.2588295639 -0.6747782826
v -5.144000053 0.4905000031 5.451600075
vn 0.703715682 0.1733038872 -0.6890210509
v -5.152500153 0.4785000086 5.440100193
vn 0.7112314701 0.1224872097 -0.692204237
v -5.23939991 0.4167000055 5.409800053
vn -0.01887854561 0.9997578263 0.01131119952
v -5.136700153 0.4934000075 5.45389986
vn 0.4943934381 0.5312905312 -0.6879720092
v -5.140299797 0.4905000031 5.449100018
vn -0.1354805678 0.8021823764 -0.5815053582
v -5.16079998 0.4620000124 5.428999901
vn 0.7399184704 0.07070236653 -0.6689707637
v -5.198500156 0.4785000086 5.47179985
vn -0.4028697312 0.7139410973 -0.5726989508
v -5.206799984 0.4620000124 5.460700035
vn -0.4579257369 0.6049401164 -0.6514226794
v -5.217899799 0.4300000072 5.445600033
vn -0.5162718296 0.4464572668 -0.730848372
v -5.214700222 0.4410000145 5.449999809
vn -0.4907325506 0.5171733499 -0.7012227178
v -5.227799892 0.4167000055 5.429200172
vn -0.02411944978 0.9996041059 0.0144866351
v -5.220399857 0.4203000069 5.441400051
vn -0.5101341605 0.4487170279 -0.7337684631
v -5.080699921 0.4410000145 5.529300213
vn 0.8385803699 0.03839399666 -0.543423295
v -5.224299908 0.4167000055 5.326399803
vn 0.8564221263 0.05992385745 -0.5127868056
v -5.223100185 0.4167000055 5.436999798
vn -0.0008164731553 0.9999995232 0.0004883774673
v -5.221399784 0.4167000055 5.439899921
vn -0.3257017434 0.819867909 -0.4708873928
v -5.015699863 0.4167000055 5.718400002
vn -0.03390258178 0.9991089702 0.02513677254
v -5.009399891 0.4167000055 5.726799965
vn -0.01758769527 0.9997600913 0.01305284817
v -5.143199921 0.4717000127 5.54640007
vn 0.2609401643 0.6261309981 0.7347586155
v -4.84070015 0.4167000055 5.853000164
vn 0.767780602 0.0173357632 -0.6404782534
v -5.073500156 0.4167000055 5.53910017
vn 0.803301394 0.006180745549 -0.5955406427
v -5.073599815 0.4167000055 5.546500206
vn 0.7639529109 0.3085703552 -0.5667100549
v -5.075799942 0.4167000055 5.543600082
vn 0.7568772435 0.3017400503 -0.5797324777
v -5.081299782 0.4305000007 5.536099911
vn 0.8195651174 0.01649587601 -0.5727485418
v -5.077199936 0.4167000055 5.541800022
vn 0.7654237151 0.3100048006 -0.5639357567
v -5.119599819 0.4167000055 5.578199863
vn -0.002963871928 0.9999932051 0.00219699298
v -5.12169981 0.4167000055 5.575399876
vn -0.002959175501 0.9999932051 0.002203769051
v -1.82949996 0.4905000031 -3.100300312
vn 0.6086389422 0.771987915 -0.1832848191
v -5.123099804 0.4167000055 5.573500156
vn -0.002951895352 0.9999932051 0.002214273438
v -5.077199936 0.4167000055 5.541699886
vn 0.5136758089 0.449244827 0.7309693694
v -5.084499836 0.4410000145 5.531899929
vn 0.8149473071 0.01297180448 -0.5793899298
v -5.12319994 0.4167000055 5.573400021
vn 0.507011652 0.4511347413 0.734449923
v -0.5701000094 -2.520568865e-09 -3.194099665
vn 0.01634444855 -0.006973221432 0.9998421073
v -5.077600002 0.4305000007 5.533599854
vn 0.8319956064 0.02300946414 -0.5543048978
v -5.146500111 0.478399992 5.541900158
vn 0.3601502478 0.6395247579 0.6791905761
v 1.504199982 -2.520569087e-09 -6.734200001
vn -5.443450742e-23 -1 -9.289335719e-24
v 1.537899971 -2.520569087e-09 -6.725900173
vn -1.173840173e-22 -1 8.335489289e-23
v 1.489300013 -2.520569087e-09 -6.673900127
vn 1.046408687e-23 -1 -2.671890819e-24
v 2.084100008 0.4718999863 7.258499622
vn 0.6914614439 0.6419446468 -0.3313429654
v 3.806999922 0.4785000086 10.55350018
vn 0.6321840882 0.7068957686 -0.3172407746
v 3.819299936 0.4620000124 10.54710007
vn 0.7190151811 0.5900396109 -0.367247045
v 3.755399942 0.4975999892 10.58059978
vn -0.2219757289 0.9650568366 0.1392554641
v 2.040600061 0.5 7.281400204
vn -0.08199147135 0.9954488277 0.04856973886
v 2.032700062 0.4986000061 7.285200119
vn -0.1329107732 0.9865419865 0.09523440152
v 4.625 0.4785000086 0.2864000201
vn -0.2309732437 0.7238641381 -0.6501323581
v 4.629700184 0.4902000129 0.2996000648
vn -0.2096219808 0.7645227909 -0.609560132
v 4.620299816 0.4620000124 0.2732999623
vn -0.2678512037 0.6047416329 -0.7500288486
v -1.802299976 0.4620000124 -3.10710001
vn 0.8098134398 0.5352925658 -0.240133509
v -5.161300182 0.4955999851 5.521999836
vn 0.204418689 0.8981291652 0.3893288672
v -5.155099869 0.4905000031 5.53030014
vn 0.2516003847 0.8416429162 0.4778435826
v -5.160200119 0.4947000146 5.523499966
vn 0.2325793952 0.8967772722 0.376427114
v -6.52489996 -2.520567977e-09 9.637399673
vn 4.827433363e-23 -1 3.703277858e-23
v -6.548699856 -2.520567977e-09 9.737199783
vn -0.6092421412 -0.1989047229 0.7676333189
v -5.090000153 -2.520567977e-09 10.61250019
vn 1.063746351e-23 -1 1.056299898e-23
v -6.488800049 0.5 9.664199829
vn 0.4081440568 0.7642745376 -0.499302417
v -6.548699856 0.5 9.737199783
vn -0.6418987513 0.1249051318 0.7565478683
v 2.976200104 0.4167000055 6.661099911
vn 0.005050401203 0.9999715686 0.005594581831
v -4.178199768 -2.520567977e-09 11.05930042
vn -2.525633956e-23 -1 -1.590678062e-23
v -4.172599792 -2.520567977e-09 11.16139984
vn -0.3675850332 -0.2781994045 0.887404263
v -4.138199806 -2.520567977e-09 11.07820034
vn -6.849843323e-24 -1 -2.671890819e-24
v 4.647500515 0.4932999909 0.3493999541
vn 0.2000842988 0.8973036408 0.3934621215
v -1.863600016 0.4990999997 -3.091799974
vn -0.1589784175 0.986785233 0.03131796047
v 4.665999889 0.425999999 0.4010999799
vn 0.3199978173 0.4481525123 0.8347219229
v 4.592599869 0.4167000055 0.1971999854
vn 0.02032016218 0.9997472763 -0.009614041075
v 4.594400406 0.4167000055 0.2007999271
vn 0.0208599437 0.9997493625 -0.008129308
v 4.610899925 0.4167000055 0.2472000569
vn 0.08214978129 0.9961986542 -0.02897700295
v 4.609899998 0.4167000055 0.2441000342
vn 0.02124177106 0.9997493029 -0.007078949362
v 4.611700058 0.4167000055 0.2492999434
vn 0.003565470222 0.9999927282 -0.001358496142
v 3.585900068 -2.520568643e-09 -1.321599841
vn -2.0616367e-24 -1 -2.671890819e-24
v 2.952899933 -2.520568865e-09 -1.940699935
vn 7.325056288e-24 -1 1.056299898e-23
v 2.971399784 -2.520568865e-09 -1.923900127
vn 3.045643018e-22 -1 3.215829219e-22
v 3.278000116 -2.520568643e-09 -1.646000147
vn -2.95017018e-24 -1 -2.671890819e-24
v 3.425800085 -2.520568643e-09 -1.498300076
vn 3.97569764e-24 -1 3.945554082e-24
v 3.221199989 -2.520568643e-09 -1.69749999
vn -1.948794565e-23 -1 -1.590678062e-23
v 3.232000113 -2.520568643e-09 -1.687700033
vn -6.891052628e-24 -1 -9.289335719e-24
v 3.211699963 -2.520568643e-09 -1.706100106
vn -1.752332322e-22 -1 -1.416382337e-22
v 3.1947999 -2.520568643e-09 -1.721400142
vn 2.766972413e-22 -1 2.223212484e-22
v 3.196900129 -2.520568643e-09 -1.719500065
vn 2.3263291e-22 -1 1.892340113e-22
v 3.205600023 -2.520568643e-09 -1.711599827
vn 1.633857657e-22 -1 1.296770072e-22
v 3.200299978 -2.520568643e-09 -1.716500163
vn 1.631511869e-23 -1 1.056299898e-23
v 2.587599993 -2.520568865e-09 -2.211499929
vn -1.28260934e-23 -1 -9.289335719e-24
v 2.971399784 -2.520568865e-09 -1.923900127
vn -1.231457706e-23 -1 -9.289335719e-24
v 3.024800062 -2.520568865e-09 -1.875499964
vn -1.509662994e-23 -1 -1.590678062e-23
v 2.118900061 -2.520568865e-09 -2.502700329
vn 6.413373684e-24 -1 3.945554082e-24
v 1.623999953 -2.520568865e-09 -2.745499849
vn -1.977660238e-25 -1 3.945554082e-24
v 2.050299883 -2.520568865e-09 -2.543800354
vn 7.383477749e-24 -1 3.945554082e-24
v 4.652400017 0.4833000004 0.3630000651
vn 0.2911710143 0.7640922666 0.5756582618
v -5.682800293 0.4167000055 4.457799911
vn 0.921384275 0.06813856214 -0.3826331794
v -5.470099926 0.4167000055 4.907599926
vn 0.9020551443 0.06569281965 -0.4265923202
v -5.738100052 0.4167000055 4.469200134
vn -0.02076824941 0.9997566938 0.007434703875
v -5.734499454 0.4167000055 4.479199886
vn -0.003328785766 0.9999933243 0.001494856668
v -5.716499805 0.4167000055 4.517300129
vn -0.01989163458 0.9997578859 0.009407200851
v -5.531899929 0.4167000055 4.907599926
vn -0.01470412593 0.9998676777 0.006956507452
v 1.128299952 -2.520568865e-09 -2.930300236
vn 7.983475887e-24 -1 1.056299898e-23
v 1.559100032 -2.520568865e-09 -2.776200056
vn 9.124357294e-24 -1 1.056299898e-23
v 0.3090999722 -2.520568865e-09 -3.12259984
vn 2.285620738e-24 -1 -2.671890819e-24
v 0.02310000733 -2.520568865e-09 -3.164999723
vn 8.425280987e-25 -1 -2.671890819e-24
v 1.104900002 -2.520568865e-09 -2.938600063
vn -1.60724493e-23 -1 -9.289335719e-24
v 0.9423999786 -2.520568865e-09 -2.985500097
vn -9.792749515e-23 -1 5.026766838e-23
v 1.047399998 -2.520568865e-09 -2.959199905
vn -1.595666917e-24 -1 -2.671890819e-24
v 2.766700029 0.4167000055 6.816500187
vn 0.009387058206 0.9998757839 0.01265914924
v 0.9280000329 -2.520568865e-09 -2.989100218
vn -4.445452587e-22 -1 1.826165664e-22
v 0.907300055 -2.520568865e-09 -2.99429965
vn 4.383225724e-22 -1 -1.548731235e-22
v 0.9156999588 -2.520568865e-09 -2.992199898
vn 5.772243928e-22 -1 -2.078126827e-22
v 4.658899784 0.4620999992 0.3813000023
vn 0.3456086814 0.6394984126 0.6867287755
v 0.9009000063 -2.520568865e-09 -2.995899916
vn -1.079772814e-21 -1 4.208445954e-22
v 0.8963999152 -2.520568865e-09 -2.996999979
vn 8.259964882e-22 -1 -3.004568987e-22
v 0.8934999108 -2.520568865e-09 -2.997800112
vn 1.825783502e-21 -1 -6.842687029e-22
v 0.8920999765 -2.520568865e-09 -2.998100042
vn -1.619978407e-23 -1 1.718044388e-23
v 0.7186999917 -2.520568865e-09 -3.041599989
vn 4.963884369e-24 -1 3.041533368e-23
v 0.6011000872 -2.520568865e-09 -3.070999861
vn 7.505073558e-24 -1 1.718044388e-23
v 0.5699999928 -2.520568865e-09 -3.078800201
vn -1.127870156e-22 -1 -2.914167042e-23
v 0.6010000706 -2.520568865e-09 -3.070999861
vn -1.068364926e-22 -1 -2.914167042e-23
v 0.5202000141 -2.520568865e-09 -3.091299772
vn -4.523737849e-24 -1 1.056299898e-23
v -1.926499963 0.4410000145 -3.075999737
vn -0.8404635787 0.5175697803 0.1604446471
v -1.931399941 0.4309999943 -3.074800014
vn -0.8809616566 0.4474715889 0.1538692564
v -0.01730000228 -2.520568865e-09 -3.171000004
vn -2.645633583e-24 -1 -2.671890819e-24
v -1.112499952 -2.520568865e-09 -3.167500257
vn 0.1142872497 -0.004020986613 0.9934396148
v -1.329300046 0.4167000055 -3.191800117
vn -0.002099058591 0.9998977184 -0.0141486926
v -1.289199948 0.4167000055 -3.197700262
vn -0.00334257097 0.9997397661 -0.02256531827
v -1.128800035 0.4167000055 -3.22149992
vn -0.003347806865 0.9997397661 -0.02256480232
v -0.6049000025 -2.520569087e-09 -6.907800198
vn 4.34938894e-24 -1 4.365022348e-23
v -1.476600051 -2.520569087e-09 -6.864999771
vn 8.602749841e-24 -1 -1.590678062e-23
v -0.560100019 -2.520569087e-09 -6.909999847
vn -1.955841775e-23 -1 1.718044388e-23
v -0.5101000071 -2.520569087e-09 -6.90749979
vn -6.561261596e-23 -1 6.259853873e-22
v 4.699999809 0.4167000055 0.4959999919
vn 0.04103773087 0.9990496635 -0.01468659192
v 4.661699772 0.4494999945 0.3888999522
vn 0.3187188804 0.5369502306 0.7810907364
v -2.384200096 -2.520569087e-09 -6.730400085
vn 2.644596034e-24 -1 5.026766838e-23
v -2.568599939 -2.520569087e-09 -6.68419981
vn -6.464718668e-24 -1 3.480527015e-22
v -2.588799953 -2.520569087e-09 -6.68419981
vn 1.65949084e-22 -1 3.017305872e-22
v -1.118000031 0.4167000055 -3.223100185
vn -0.001162039349 0.9997398257 -0.0227799844
v -2.586299896 -2.520569087e-09 -6.679800034
vn -3.97344063e-23 -1 -3.24521998e-21
v -2.588700056 -2.520569087e-09 -6.684100151
vn -3.325583121e-22 -1 -2.444509147e-21
v -2.587599993 -2.520569087e-09 -6.679399967
vn -6.729699018e-24 -1 -7.239733723e-22
v -2.588799953 -2.520569087e-09 -6.68419981
vn -1.961852693e-20 -1 -1.024274811e-19
v -2.66050005 -2.520569087e-09 -6.666500092
vn 3.99093725e-24 -1 -2.671890819e-24
v -0.6017000079 -2.520568865e-09 -3.19569993
vn 1.434396434e-24 -1 -2.671890819e-24
v -1.650400043 0.4167000055 -3.144099951
vn -0.003710089484 0.9996813536 -0.02496933192
v -1.660699964 0.4167000055 -3.142599821
vn -0.005821526982 0.9996861219 -0.02436705679
v -1.738899946 0.4167000055 -3.122999907
vn -0.006094313692 0.99968642 -0.02428923734
v -1.651000023 0.4167000055 -3.143999815
vn -0.003639026312 0.9996811152 -0.02498960122
v -2.762900114 -2.520569087e-09 -6.641300201
vn -4.509337509e-23 -1 1.056299898e-23
v -2.734499931 -2.520569087e-09 -6.648300648
vn 1.189517285e-23 -1 -2.671890819e-24
v -2.878599882 -2.520569087e-09 -6.606500149
vn -6.079871534e-23 -1 3.041533368e-23
v 4.671700001 0.4167000055 0.4168999791
vn 0.00725934701 0.9999702573 -0.002601828426
v 4.667600155 0.4167000055 0.4055000544
vn 0.2562876642 0.6931216717 0.6737203002
v 4.66629982 0.4241000116 0.4019999802
vn 0.3197373748 0.4496010542 0.8340424895
v -5.450600147 0.4167000055 4.948800087
vn 0.8792446852 0.06270777434 -0.4722250402
v -5.504400253 0.4167000055 4.965600014
vn -0.01988103241 0.9997579455 0.009425085038
v 4.597899914 0.4167000055 0.2107999474
vn 0.02107621357 0.9997494817 -0.007534389384
v 4.609700203 0.4167000055 0.2435999662
vn 0.02105670422 0.9997494817 -0.007588054985
v -5.499899864 0.4167000055 4.97510004
vn -0.0190476682 0.9997591972 0.01089645084
v -5.479000092 0.4167000055 5.010000229
vn -0.01882893965 0.999759078 0.01128260978
v -4.84800005 0.4167000055 5.850800037
vn 0.7488464713 0.02746956982 -0.6621739864
v -4.483300209 0.4167000055 6.253200054
vn 0.6947384477 0.04457131028 -0.7178801298
v -4.080900192 0.4167000055 6.617899895
vn 0.6654503942 0.0750445053 -0.7426601648
v -4.529699802 0.4167000055 6.284999847
vn -0.01264124922 0.9998544455 0.01145925373
v -4.054299831 0.4167000055 6.637599945
vn 0.5953561068 0.02972043119 -0.8029120564
v -4.522799969 0.4167000055 6.292699814
vn -0.002714227187 0.9999922514 0.002856128383
v -4.497499943 0.4167000055 6.315599918
vn -0.02927565202 0.9990495443 0.03229540586
v -4.07310009 0.4167000055 6.620600224
vn 0.6343796849 0.004414900672 -0.7730090022
v -4.475800037 0.4167000055 6.255599976
vn 0.7185620666 0.008359807543 -0.6954125762
v -1.082000017 -2.520568865e-09 -3.171999931
vn 1.802175773e-23 -1 -9.289335719e-24
v -1.649700046 -2.520568865e-09 -3.087800026
vn 0.1951208413 -0.005125584546 0.9807658195
v 4.912399769 0.4167000055 1.24940002
vn 0.004746088292 0.9999880195 -0.001177984406
v 4.779200077 0.4167000055 0.7172999382
vn 0.02344674058 0.9996957183 -0.007664556149
v 8.383000374 0.4167000055 -0.2729000151
vn -0.03095892631 0.9994841814 0.008542116731
v 4.679299831 0.4167000055 0.4383000731
vn 0.006752790418 0.9999743104 -0.002415963449
v 4.668700695 0.4167000055 0.4086999595
vn 0.00205514417 0.9999976158 -0.0007391020772
v -1.102900028 -2.520568865e-09 -3.171000004
vn -4.429501946e-23 -1 1.718044388e-23
v -0.5101000071 -2.520568865e-09 -3.195199728
vn -2.114539093e-24 -1 -2.671890819e-24
v -0.560100019 -2.520568865e-09 -3.197700262
vn 1.798640729e-23 -1 3.945554082e-24
v 5.019299984 0.4167000055 2.350300074
vn 0.02212821692 0.9997545481 0.001079416252
v 4.993499756 0.4167000055 1.80250001
vn 0.0442571789 0.9990178347 -0.002172898501
v -1.329300046 -2.520568865e-09 -3.137399673
vn 1.309176677e-23 -1 -9.289335719e-24
v -1.49909997 -2.520568865e-09 -3.112299681
vn 2.052593356e-23 -1 -9.289335719e-24
v 4.992900372 0.4167000055 1.792099953
vn 0.007148548029 0.9999738932 -0.001044138568
v 4.929699421 0.4167000055 1.365700006
vn 0.0443716906 0.9989934564 -0.006578781176
v 4.914000034 0.4167000055 1.259699941
vn 0.02198795229 0.9997528791 -0.003270803485
v -2.167599916 -2.520568865e-09 -2.959199905
vn -2.310336539e-24 -1 3.945554082e-24
v 8.605799675 0.4167000055 0.6168000102
vn -0.02524953708 0.9996706247 0.004594055936
v -1.886299968 0.4905000031 -3.086100101
vn -0.4486429393 0.8910548091 0.06885375828
v -1.777500033 0.4167000055 -3.113300085
vn 0.7308065891 0.6581578255 -0.1809696108
v -1.774199963 0.4167000055 -3.114200354
vn -0.0006742983242 0.9999962449 -0.002652232768
v -1.781900048 0.4257999957 -3.112200022
vn 0.8676177263 0.4472486377 -0.2172742635
v -1.829699993 0.4905000031 -3.100300312
vn 0.4180326164 0.8995267153 -0.1268873364
v -1.74360013 0.4167000055 -3.121799707
vn -0.01833082363 0.9971436262 -0.07327080518
v 3.841799736 0.4167000055 10.53520012
vn 0.02859922126 0.9994797707 -0.01490918547
v 3.827600002 0.4167000055 10.54269981
vn 0.0873433724 0.9823083282 0.1656545401
v 3.81430006 0.4167000055 10.54969978
vn 0.05858290568 0.9919871688 0.1119353026
v 3.831099987 0.4410000145 10.54090023
vn 0.7727044821 0.4930675924 -0.3997651041
v 3.794399738 0.4905000031 10.56019974
vn 0.5059133172 0.8275070786 -0.2434826195
v 3.790499926 0.4167000055 10.56219959
vn 0.3000816107 0.7648732066 0.5700175762
v 3.016299963 0.5 -6.194200039
vn -0.2932766676 0.6026640534 0.7421488166
v 3.845400095 0.5 -5.802100182
vn -0.3066810369 0.7430118322 0.5948783159
v 3.052400112 0.5 -6.281400681
vn 0.3761176765 0.184565559 -0.9080038667
v -1.765699983 0.4167000055 -3.116300344
vn -0.001895079389 0.9999696016 -0.007565952837
v -1.599900007 -2.520568865e-09 -3.097300053
vn -9.627987395e-23 -1 4.365022348e-23
v -1.561499953 -2.520568865e-09 -3.102999926
vn -1.879723482e-23 -1 1.056299898e-23
v -1.628900051 -2.520568865e-09 -3.093000174
vn -1.304043369e-22 -1 6.350255819e-23
v -1.627900004 -2.520568865e-09 -3.093100309
vn 6.072083269e-23 -1 -2.914167042e-23
v -1.640400052 -2.520568865e-09 -3.091299772
vn -3.851649594e-22 -1 1.759991215e-22
v -1.648800015 -2.520568865e-09 -3.089199781
vn 2.938502833e-22 -1 -1.350207888e-22
v -1.664000034 -2.520568865e-09 -3.085400105
vn -4.88151743e-24 -1 3.945554082e-24
v -1.675099969 -2.520568865e-09 -3.082600355
vn -3.753718256e-22 -1 1.759991215e-22
v -1.695000052 -2.520568865e-09 -3.077600002
vn 1.778220213e-22 -1 -8.208122962e-23
v -1.684100032 -2.520568865e-09 -3.080300093
vn 3.260132405e-22 -1 -1.482556786e-22
v -1.913799882 0.4616999924 -3.079200268
vn -0.8374806643 0.5328954458 0.1210313663
v -1.912199974 0.4636999965 -3.079600334
vn -0.7612800598 0.6393412948 0.1081453636
v -1.905500054 0.4720000029 -3.08130002
vn -0.7518373132 0.6419379711 0.1505200267
v -1.913599968 0.4620000124 -3.079200268
vn -0.7654899359 0.6341743469 0.1088486537
v -1.886399984 0.4903999865 -3.085999966
vn -0.6400249004 0.7620414495 0.0982901305
v 3.802000046 0.4167000055 10.55609989
vn 0.2589998841 0.8296629786 0.4945486486
v -1.697999954 -2.520568865e-09 -3.076900005
vn -1.476176101e-21 -1 6.789249465e-22
v -2.148499966 0.4167000055 -3.020400286
vn -0.01900568604 0.9969346523 -0.07589532435
v -1.944200039 0.4167000055 -3.071600199
vn -0.02408497781 0.9950780272 -0.09612324834
v -2.182199955 0.4167000055 -3.012000084
vn -0.01906126738 0.9969335794 -0.07589526474
v -1.699300051 -2.520568865e-09 -3.076499939
vn 1.573754029e-22 -1 -6.884633982e-23
v -2.176599979 -2.520568865e-09 -2.955799818
vn 0.288007319 -0.001008793595 0.9576276541
v -1.990300179 -2.520568865e-09 -3.003600121
vn -5.110060492e-25 -1 3.945554082e-24
v 2.180199862 0.5 -6.593500137
vn 0.2710518837 0.1600715965 -0.9491617084
v 2.152800083 0.5 -6.503200054
vn -0.1631678492 0.8271682858 0.5377442837
v 1.79550004 0.4167000055 -6.592700005
vn -0.1127704233 0.8856968284 0.4503597617
v 3.889899969 0.5 -5.885300159
vn 0.4536483586 0.2715858519 -0.8487898707
v 0.3652000129 0.5 -6.954500198
vn 0.1123192012 0.1848649383 -0.976324439
v 1.263100028 0.5 -6.725999832
vn -0.09941517562 0.8432372212 0.5282685161
v 1.281599998 0.5 -6.818600178
vn 0.1902053803 0.2220822126 -0.9562956691
v 1.207800031 0.4167000055 -6.734200001
vn -0.02500030585 0.9853843451 0.1685011089
v 1.633700013 0.5 -6.633200169
vn 0.002566529438 0.9999909997 0.003377124202
v -1.738899946 -2.520568865e-09 -3.066600323
vn -1.176572156e-23 -1 3.945554082e-24
v -2.148499966 -2.520568865e-09 -2.963999987
vn 4.826602219e-23 -1 -1.590678062e-23
v 1.702299953 0.4411999881 -6.615999699
vn 0.817602396 0.5356298685 0.2112509757
v 1.647899985 0.4975999892 -6.629600048
vn 0.1530994475 0.9862378836 0.06241347641
v -2.165899992 -2.520568865e-09 -2.959599972
vn 1.129166743e-23 -1 -2.671890819e-24
v -2.682100058 -2.520568865e-09 -2.774899721
vn 0.08296648413 -0.9762468338 0.2001466155
v -1.93840003 0.4167000055 -3.073000193
vn -0.002986320062 0.9999092221 -0.01314080507
v -1.940500021 0.4167000055 -3.07249999
vn -0.003209051443 0.9999092221 -0.01308430173
v -1.943699956 0.4167000055 -3.071700335
vn -0.003184287343 0.9999092221 -0.0130905835
v 8.605799675 0.5 0.6168000102
vn -0.6455393434 0.7508952022 0.1394109428
v 8.834300041 0.5 1.514700055
vn 0.9577782154 0.2715903521 -0.09433743358
v -1.938300014 0.4167000055 -3.073000193
vn -0.8665548563 0.4510772228 0.2135696411
v 8.16119957 0.5 -1.172499895
vn 0.9021722078 0.2428624332 -0.3565152287
v 8.47329998 0.5 -0.3002999723
vn 0.9403348565 0.1854562908 -0.2852653265
v 8.698399544 0.5 0.5983000398
vn 0.9711623192 0.1397572309 -0.1931623369
v 2.079299927 0.4785000086 7.261300087
vn 0.6610591412 0.2459518015 0.7088783979
v 2.076800108 0.4808999896 7.262800217
vn 0.6128783822 0.760656476 -0.2139669508
v -4.158400059 0.4257999957 -1.94299984
vn 0.6500806808 0.4479184151 -0.6138112545
v -4.164000034 0.4410000145 -1.937899828
vn 0.6553362012 0.4635052383 -0.5964036584
v 1.640300035 0.4988999963 -6.631499767
vn 0.1511290222 0.9865922332 0.06161019951
v 1.66200006 0.4905000031 -6.626099586
vn 0.4185653627 0.8967229128 0.1438438892
v 1.662100077 0.4905000031 -6.626099586
vn 0.5536526442 0.8069307804 0.2057460845
v 1.675899982 0.4785999954 -6.622600079
vn 0.6091420054 0.7651340961 0.2086044699
v 1.675999999 0.4785000086 -6.622600079
vn 0.6915782094 0.6769458652 0.2519204617
v 6.048099995 0.5 -4.168300152
vn -0.5392141938 0.6444423199 0.5421643257
v 6.664000034 0.5 -3.48879981
vn -0.4102354944 0.843254447 0.3473165631
v 6.114899635 0.5 -4.235100269
vn 0.6772334576 0.2272667587 -0.6997889876
v 6.736999989 0.5 -3.548700333
vn 0.7695818543 0.09401169419 -0.6315897107
v 7.681900024 0.5 -1.965500116
vn -0.5774092674 0.7507472634 0.3209004998
v 7.210400105 0.5 -2.752099991
vn -0.5430303216 0.7508935332 0.3758682907
v 7.765100002 0.5 -2.00999999
vn 0.8742029667 0.1848581731 -0.4489951432
v 7.288899422 0.5 -2.804600239
vn 0.8259658813 0.1849751174 -0.5325078368
v 6.048099995 0.4167000055 -4.168300152
vn -0.01660997607 0.9997455478 0.01526203565
v 1.742699981 0.4167000055 -6.605899811
vn -0.02186394297 0.9959284663 0.08745517582
v 1.726300001 0.4167000055 -6.610000134
vn -0.02178136073 0.9959288836 0.0874716565
v 1.717399955 0.4167000055 -6.612199783
vn -0.02152065933 0.9959299564 0.08752367646
v 1.714100003 0.4167000055 -6.612999916
vn 0.8163990378 0.5371226668 0.2121129334
v 4.631999969 0.5 -5.330599785
vn -0.353472054 0.7586917281 0.5472151041
v 5.368599892 0.5 -4.784200191
vn -0.4145334959 0.732542038 0.5399482846
v 4.684500217 0.5 -5.409099579
vn 0.5325243473 0.1849708855 -0.8259561658
v 5.428500175 0.5 -4.857200146
vn 0.6154375076 0.1415684968 -0.7753676772
v 5.368599892 0.4167000055 -4.784200191
vn -0.02194333449 0.9993263483 0.02941597626
v 5.388199806 0.4167000055 -4.766499996
vn -0.02472452074 0.9993214607 0.02730074897
v -4.188300133 0.4833000004 -1.915900111
vn 0.4739949107 0.7664071918 -0.4335306883
v -4.177999973 0.4684999883 -1.925300002
vn 0.5667885542 0.6411762238 -0.5173429847
v -2.192800045 0.4167000055 -3.009299994
vn -0.02713457868 0.9967473745 -0.07588403672
v -2.699199915 0.4167000055 -2.828099966
vn -0.007448378485 0.9997555614 -0.02081758343
v -2.191900015 0.4167000055 -3.009500265
vn -0.01933221892 0.9969283938 -0.07589496672
v -2.709300041 0.4167000055 -2.824500084
vn -0.008354797959 0.999740839 -0.02117531002
v -2.713900089 0.4167000055 -2.822299957
vn -0.009739844128 0.9997406006 -0.02058868296
v -4.167900085 0.4492999911 -1.934299827
vn 0.6238230467 0.5365047455 -0.5683375001
v 1.494099855 0.4167000055 -6.668200493
vn -0.03292746469 0.9907808304 0.131411925
v 1.558200002 0.426699996 -6.652100086
vn -0.8716253042 0.4478536844 -0.1992395967
v 1.591599941 0.4785000086 -6.643700123
vn -0.6733810306 0.7293716073 -0.1207272559
v -4.194699764 0.4905000031 -1.910100102
vn 0.4366387725 0.7993618846 -0.4127555192
v 1.619500041 0.4975999892 -6.636699677
vn -0.3502604365 0.9344027042 -0.06487863511
v 5.667600155 0.4167000055 -4.513199806
vn -0.1222922653 0.9832871556 0.1348738223
v 5.598199844 0.4620000124 -4.576099873
vn -0.3227243125 0.2394531965 0.9157025814
v 5.642700195 0.4167000055 -4.53579998
vn 0 0 0
v 5.63380003 0.4167000055 -4.543799877
vn -0.06130327284 0.9958208799 0.0676959008
v 1.633599997 0.5 -6.633200169
vn -0.1622684896 0.9863166809 -0.02912573144
v 5.428999901 0.4167000055 -4.729499817
vn -0.02473914437 0.9993214011 0.02728962526
v 5.441699982 0.4167000055 -4.718000412
vn -0.04444603994 0.9978089333 0.04900854081
v 1.537899971 0.4167000055 -6.657200336
vn -0.007556019817 0.9995153546 0.03019806184
v 1.547399998 0.4167000055 -6.654799938
vn -0.002583677415 0.9999432564 0.01033564378
v 1.551100016 0.4167000055 -6.653900146
vn -0.002625256078 0.9999432564 0.01032515801
v 1.553300023 0.4167000055 -6.653299809
vn -0.002690701047 0.9999432564 0.01030865498
v 1.55340004 0.4167000055 -6.653299809
vn -0.866884172 0.4504043162 -0.2136533707
v 5.544799805 0.4975999892 -4.624599934
vn -0.2794602811 0.9323503375 -0.2294008285
v 1.263100028 0.4167000055 -6.725999832
vn -0.01974308304 0.996130228 0.08564310521
v 1.504999995 0.4167000055 -6.665400028
vn -0.006306761876 0.9996650219 0.02510219254
v 1.530300021 0.4167000055 -6.659100056
vn -0.006316338666 0.9996650219 0.02509969845
v 1.522799969 0.4167000055 -6.660999775
vn -0.006314074155 0.9996650219 0.02510028891
v 1.514400005 0.4167000055 -6.663099766
vn -0.00621153228 0.9996649623 0.02512698621
v 3.768399715 0.4167000055 10.57380009
vn 0.3761371672 0.5893286467 0.7149913311
v 3.781500101 0.4975999892 10.56690025
vn 0.3194247186 0.9365836382 -0.1441491842
v 3.768399715 0.5 10.57380009
vn 0.05484839901 0.9984230995 -0.01195524912
v 1.537099957 0.4167000055 -6.657399654
vn 0 0 0
v 3.746400118 0.4167000055 10.58539963
vn 0.2988270521 0.7653555274 0.5700292587
v 3.757499933 0.4167000055 10.5795002
vn 0.3214528561 0.7243851423 0.6098640561
v 3.742499828 0.4905000031 10.58740044
vn -0.4497748911 0.8558561802 0.2553678453
v 3.7348001 0.4167000055 10.59140015
vn 0.2576949894 0.8292869329 0.4958593249
v 3.709199905 0.4167000055 10.60480022
vn 0.08466473967 0.9834809303 0.1599909514
v 3.722500086 0.4167000055 10.59780025
vn 0.1906647235 0.9117527604 0.3638047278
v 3.705799818 0.4410000145 10.60659981
vn -0.7630355358 0.5028701425 0.4060768783
v -4.080599785 0.4167000055 -2.007600069
vn -0.0306376908 0.9986763 -0.0413155593
v 3.779300213 0.4167000055 10.56799984
vn 0.3191822767 0.7249326706 0.6104058623
v 3.695099831 0.4167000055 10.61229992
vn -0.01774231717 0.9997883439 0.01041649468
v -4.184299946 0.478700012 -1.919599891
vn 0.4700851738 0.7628191113 -0.4439897537
v 5.554699898 0.4997999966 -4.615600109
vn -0.1278192252 0.9868924618 -0.09851630032
v 3.382600069 0.4167000055 6.292699814
vn 0.0160966143 0.9997630715 0.0146524068
v 2.967700005 0.4167000055 6.667399883
vn 0.01292236336 0.9997644424 0.01743695326
v 5.489699841 0.4167000055 -4.674399376
vn -0.007166704163 0.9999431372 0.007895816118
v 5.492599964 0.4167000055 -4.671800137
vn -0.007083560806 0.9999431372 0.007970272563
v 5.49420023 0.4167000055 -4.670400143
vn -0.007021456491 0.9999431372 0.008025888354
v 2.976200104 0.5 6.661099911
vn 0.498813957 0.6247394085 0.6007373333
v 3.382600069 0.5 6.292699814
vn 0.6526170373 0.409389019 0.6375669837
v 3.343100071 0.5 6.253200054
vn -0.6877592206 0.1481132954 -0.7106684446
v 2.940700293 0.5 6.617899895
vn -0.63045156 0.1111373305 -0.7682313323
v 2.504499674 0.5 6.941400051
vn -0.5655617714 0.1114589795 -0.8171393871
v 2.53550005 0.5 6.98789978
vn 0.4636479914 0.5511890054 0.6937010884
v -4.130400181 0.4167000055 -1.968400121
vn -0.01681856997 0.9996871948 -0.0185119845
v -4.129399776 0.4167000055 -1.969300032
vn -0.01680430025 0.9996871948 -0.01852503046
v 2.066999912 0.4905000031 7.268699646
vn 0.6147791743 0.7836322784 -0.08925808221
v 2.065000296 0.4916000068 7.269899845
vn 0.3885299861 0.8987843394 -0.2030545175
v 5.49420023 0.4167000055 -4.670400143
vn -0.6681261063 0.4508890212 -0.5918670297
v 5.513000011 0.461800009 -4.653299332
vn -0.6890929341 0.480751425 -0.5422444344
v -4.184100151 0.4785000086 -1.919700027
vn 0.5597224832 0.6399282813 -0.5265002847
v 5.531400204 0.4875999987 -4.636600018
vn -0.5080413818 0.7651630044 -0.3954991698
v 5.59800005 0.4623000026 -4.576300144
vn -0.1040706038 0.4387567341 0.8925591707
v 2.038700342 0.5 7.220600128
vn -0.4696696997 0.08515986055 -0.8787252903
v 2.065000296 0.5 7.269899845
vn 0.08474440128 0.986179471 0.142367214
v -4.177000046 0.4995000064 -1.850799918
vn 0.6773013473 0.282125473 0.6794615984
v -4.1729002 0.4986000061 -1.854500055
vn 0.6762809753 0.2444423288 0.6949043274
v -4.168499947 0.4975999892 -1.858399868
vn 0.6830863953 0.1341191977 0.7179171443
v -4.168499947 0.4975999892 -1.858500123
vn 0.7052111626 0.1031138301 0.7014590502
v -4.162000179 0.4932999909 -1.864300013
vn 0.6963355541 0.07431761175 0.7138583064
v -4.107900143 0.4167000055 -1.987399936
vn -0.01496053021 0.9996837974 -0.02021073736
v -4.166399956 0.4975999892 -1.856099963
vn 0.3727893531 0.9278429151 -0.0116460165
v -4.170800209 0.4986000061 -1.85220015
vn 0.6302338839 0.5266731977 0.5704564452
v -4.080900192 0.4167000055 -1.937899828
vn 0.601090014 0.02943924442 0.7986389399
v -4.157700062 0.4905000031 -1.86830008
vn 0.7046639323 0.05582624674 0.7073416114
v -4.151400089 0.4833000004 -1.873999834
vn 0.6912963986 0.03404740617 0.7217686772
v -4.116399765 0.4167000055 -1.981100082
vn -0.01612141542 0.9996866584 -0.01914939657
v -4.159900188 0.4932999909 -1.861899972
vn 0.7419787049 0.4627870023 0.4850730002
v -4.155600071 0.4905000031 -1.86590004
vn 0.7622848749 0.2558378875 0.5945323706
v -4.147200108 0.478700012 -1.877799869
vn 0.7098901868 0.06623513997 0.7011910081
v -4.147099972 0.4785000086 -1.877900004
vn 0.7128587365 0.04983047396 0.6995350718
v -4.140999794 0.4686000049 -1.883400083
vn 0.6926336288 0.02676914819 0.7207926512
v -4.137000084 0.462199986 -1.887000084
vn 0.7126526237 0.05074018985 0.6996797323
v -4.092400074 0.4167000055 -1.92750001
vn 0.6709697247 0.03793656081 0.7405136228
v -4.098999977 0.4167000055 -1.921500087
vn 0.666231811 0.1356840134 0.7332974076
v -4.144999981 0.4785000086 -1.875499964
vn 0.6983072162 0.03680816293 0.7148512006
v -4.149300098 0.4833000004 -1.871600151
vn 0.695366025 0.04153493047 0.717454493
v -4.136899948 0.4620000124 -1.887099862
vn 0.7171732783 0.0372489728 0.6958987117
v -4.131000042 0.4494999945 -1.892500162
vn 0.7041141987 0.02780012786 0.7095423341
v -4.126999855 0.4410000145 -1.896100044
vn 0.7110704184 0.02933737822 0.7025084496
v -4.121399879 0.4259000123 -1.901200056
vn 0.7019082904 0.02129426599 0.7119489312
v -4.145800114 0.4167000055 -1.954400063
vn -0.01678265259 0.9996871948 -0.01854482479
v -4.152500153 0.4167000055 -1.948400021
vn -0.03070660494 0.9989526868 -0.03392035514
v -4.173999786 0.462199986 -1.928800106
vn 0.5580106974 0.6427003741 -0.5249384046
v -4.173900127 0.4620000124 -1.928900003
vn 0.6156461239 0.5369955301 -0.5767284036
v -4.108799934 0.4167000055 -1.91260004
vn 0.6719825268 0.03730142117 0.7396270037
v -4.138899803 0.4686000049 -1.881000042
vn 0.6942753792 0.02385004237 0.719314158
v -4.134799957 0.4620000124 -1.884799957
vn 0.6850364804 0.01139297243 0.7284196615
v 2.071899891 0.4857000113 7.265699863
vn 0.5904800296 0.7634651065 -0.2616378069
v -4.115399837 0.4167000055 -1.906599998
vn 0.6708524227 0.02128083259 0.7412855029
v -4.128900051 0.4494999945 -1.890100121
vn 0.6890833974 0.01805817522 0.7244570255
v -4.118000031 0.4167000055 -1.904299855
vn 0.8577814698 0.5058427453 0.09129130095
v -4.15500021 0.4167000055 -1.946099877
vn 0.561717093 0.6601247787 -0.4987075031
v -4.177299976 0.5 -1.84619987
vn 0.1473670751 0.9767439365 0.1557377279
v -4.18170023 0.4990999997 -1.842300057
vn 0.6466819048 0.1369055957 0.7503728271
v -4.188199997 0.4975999892 -1.836400151
vn 0.6261748672 0.1548731178 0.7641461492
v -4.192500114 0.4947000146 -1.832399845
vn 0.63476789 0.09360446036 0.7670123577
v 2.079299927 0.4785000086 7.261300087
vn 0.7033408284 0.6414740682 -0.3063049316
v -4.194600105 0.4947000146 -1.834799886
vn 0.6612051725 0.0242386926 0.7498134375
v -4.190299988 0.4975999892 -1.838700056
vn 0.6631582975 0.0432171002 0.7472304702
v -4.18380022 0.4990999997 -1.844599962
vn 0.6619266272 0.07240720838 0.7460632324
v 2.054000139 0.4975999892 7.275100231
vn 0.1448236853 0.9865599871 -0.07566725463
v 2.014100075 0.4905000031 7.293900013
vn -0.5564330816 0.7628828287 0.3292295039
v 5.626299858 0.4167000055 -4.550600529
vn -0.06144109741 0.9958199263 0.06758452952
v 5.61950016 0.4167000055 -4.556799889
vn -0.06157805771 0.9958307147 0.06730071455
v 5.617099762 0.4167000055 -4.559000015
vn -0.001530290814 0.999997437 0.001669589081
v 5.616899967 0.4172999859 -4.559199333
vn 0.6618357897 0.4479595423 0.6010870337
v 5.617099762 0.4167000055 -4.559000015
vn 0.6773632765 0.4254194796 0.6001643538
v 2.922899961 0.4167000055 6.700600147
vn 0.01293005794 0.9997644424 0.01743082516
v 3.326499939 0.4167000055 6.343500137
vn 0.02945406921 0.9990378618 0.03249309584
v 1.988700151 0.4620000124 7.306000233
vn -0.6638908982 0.54287678 0.5143283606
v 3.750999928 0.4167000055 5.886300087
vn 0.01884387247 0.9997124076 0.0148308957
v 3.695499897 0.4167000055 5.947500229
vn 0.008205164224 0.9999386668 0.007437951397
v -0.5701000094 0.5 7.874100208
vn 0 0.05632072687 -0.9984127283
v -0.5701000094 0.5 7.929999828
vn -0.001041581505 0.9997627735 0.02175629139
v -0.4711000025 0.4167000055 7.92509985
vn 0.0003132825368 0.9999798536 0.006343862973
v -0.4749000072 0.4167000055 7.925300121
vn 0.0003119213216 0.9999798536 0.00634386763
v -0.4772000015 0.4167000055 7.92539978
vn 0.0002634348057 0.9999798536 0.006344020832
v -0.4772999883 0.4167000055 7.92539978
vn 0.8936907649 0.4486834407 2.332844088e-05
v -0.6772999763 0.4167000055 7.924699783
vn -0.001434614998 0.9995713234 0.02924266271
v -0.6553999782 0.4167000055 7.925799847
vn -0.0003275631461 0.999979794 0.006345475093
v -0.6463000178 0.4167000055 7.926300049
vn -0.0003047581122 0.999979794 0.00634554727
v -0.6428999901 0.4167000055 7.926400185
vn -0.8430990577 0.5377577543 0.0007485467941
v 2.53550005 0.4167000055 6.98789978
vn 0.01201193035 0.9997653365 0.01802756451
v 2.578999996 0.4167000055 6.955599785
vn 0.01292454544 0.999764502 0.01743384823
v 2.35710001 0.4167000055 7.094799995
vn 0.007495311089 0.9998937249 0.01250552665
v 2.486099958 0.4167000055 7.017499924
vn 0.01114165317 0.9997650385 0.01859370805
v 2.095800161 0.4535000026 7.251399994
vn 0.7764596343 0.5328267217 -0.3364611864
v 2.152299881 0.4167000055 7.217599869
vn 0.005139920861 0.9999500513 0.008575264364
v 2.11500001 0.4167000055 7.239900112
vn 0.001937711728 0.9999926686 0.003293832764
v 2.118200064 0.4167000055 7.238000393
vn 0.00196170155 0.9999926686 0.003281184938
v 2.102600098 0.4410000145 7.247300148
vn 0.7533940077 0.5334495306 -0.3844854832
v 2.102699995 0.4408000112 7.247300148
vn 0.7954034805 0.4508048892 -0.4051027298
v 2.107000351 0.4309000075 7.244699955
vn 0.794483304 0.4472798705 -0.4107760489
v 2.113100052 0.4167000055 7.241000175
vn 0.002044372028 0.9999926686 0.003237599507
v 2.113100052 0.4167000055 7.241099834
vn 0.008185109124 0.9999665022 -6.123029122e-17
v 2.113100052 0.4167000055 7.241099834
vn 0.7925670743 0.4459157288 -0.415928632
v 2.091200352 0.4620000124 7.254199982
vn 0.7384487391 0.5932464004 -0.3205496967
v 2.055500031 0.4968000054 7.274400234
vn 0.3939011395 0.8961324692 -0.2044223547
v 2.059300184 0.4947000146 7.272600174
vn 0.3937544227 0.896214366 -0.2043459117
v 2.040600061 0.5 7.281400204
vn 0.1350063384 0.988396883 -0.06960554421
v 2.045900106 0.4990999997 7.278900146
vn 0.136660099 0.9881091118 -0.0704581812
v 2.054000139 0.4975999892 7.275100231
vn 0.3864840269 0.9002258778 -0.2005578578
v 2.049900055 0.4984000027 7.27699995
vn 0.1470668316 0.9862160683 -0.07582360506
v 2.027299643 0.4975999892 7.287700176
vn -0.335749656 0.9199964404 0.2021847665
v 2.019399881 0.4932999909 7.291399956
vn -0.360162735 0.8968844414 0.2566732466
v 2.019299984 0.4932999909 7.291500092
vn -0.3534471989 0.9008860588 0.2519512475
v 2.014300108 0.4905999899 7.293900013
vn -0.3627791703 0.8953001499 0.2585129142
v 2.006499767 0.4833000004 7.297599792
vn -0.5284178853 0.7617359757 0.3748770654
v 1.954700112 0.4167000055 7.322100639
vn 0.003478185739 0.9999670982 0.007325187791
v 1.976699829 0.4410000145 7.311699867
vn -0.7855075598 0.4468727112 0.4281152189
v 1.94749999 0.4167000055 7.325500011
vn 0.003049959429 0.9999741912 0.006504537538
v 1.993700027 0.4686000049 7.303599834
vn -0.6300127506 0.6364218593 0.4450293779
v 1.962599993 0.4167000055 7.31829977
vn 0.001162375091 0.9999963045 0.002458696254
v 1.969900012 0.4259000123 7.314899921
vn -0.790440619 0.447342217 0.4184359014
v 1.976799965 0.4411999881 7.311599731
vn -0.7387372851 0.5338161588 0.4114699662
v 1.878800154 0.4167000055 7.357999802
vn 0.006820832379 0.9998728633 0.01441412326
v 1.96570003 0.4167000055 7.316899776
vn -0.6662729979 0.6582013965 0.3505014181
v 1.933800101 0.4167000055 7.331899643
vn 0.00307173375 0.9999741912 0.006493210327
# mm_gid 0
g mmGroup0
f 1//1 2//2 3//3 
f 2//2 1//1 4//4 
f 5//5 6//6 7//7 
f 8//8 9//9 10//10 
f 11//11 12//12 10//10 
f 13//13 12//12 11//11 
f 14//14 12//12 13//13 
f 8//8 15//15 9//9 
f 11//11 16//16 13//13 
f 10//10 16//16 11//11 
f 10//10 9//9 16//16 
f 17//17 15//15 18//18 
f 19//19 20//20 18//18 
f 17//17 18//18 20//20 
f 21//21 15//15 22//22 
f 22//22 15//15 23//23 
f 24//24 25//25 15//15 
f 20//20 26//26 17//17 
f 25//25 27//27 23//23 
f 24//24 27//27 25//25 
f 26//26 27//27 24//24 
f 23//23 15//15 25//25 
f 28//28 15//15 29//29 
f 23//23 27//27 22//22 
f 22//22 27//27 21//21 
f 21//21 27//27 29//29 
f 29//29 27//27 28//28 
f 28//28 27//27 16//16 
f 26//26 24//24 15//15 
f 16//16 15//15 28//28 
f 13//13 16//16 14//14 
f 9//9 15//15 16//16 
f 30//30 31//31 32//32 
f 33//33 30//30 34//34 
f 35//35 36//36 37//37 
f 35//35 38//38 36//36 
f 39//39 40//40 41//41 
f 42//42 43//43 36//36 
f 42//42 36//36 41//41 
f 36//36 44//44 41//41 
f 36//36 45//45 44//44 
f 46//46 43//43 47//47 
f 46//46 48//48 43//43 
f 36//36 43//43 49//49 
f 49//49 37//37 36//36 
f 50//50 51//51 45//45 
f 52//52 53//53 45//45 
f 54//54 55//55 45//45 
f 38//38 50//50 45//45 
f 45//45 36//36 38//38 
f 45//45 56//56 57//57 
f 42//42 41//41 40//40 
f 58//58 59//59 60//60 
f 61//61 62//62 40//40 
f 61//61 40//40 39//39 
f 63//63 61//61 39//39 
f 64//64 63//63 39//39 
f 44//44 45//45 57//57 
f 47//47 43//43 65//65 
f 42//42 65//65 43//43 
f 66//66 57//57 67//67 
f 56//56 67//67 57//57 
f 66//66 68//68 57//57 
f 57//57 68//68 69//69 
f 68//68 70//70 69//69 
f 67//67 71//71 66//66 
f 72//72 58//58 60//60 
f 60//60 73//73 72//72 
f 74//74 72//72 75//75 
f 76//76 77//77 58//58 
f 78//78 76//76 58//58 
f 78//78 58//58 72//72 
f 79//79 78//78 72//72 
f 60//60 44//44 57//57 
f 57//57 73//73 60//60 
f 57//57 69//69 73//73 
f 69//69 80//80 73//73 
f 81//81 82//82 83//83 
f 84//84 81//81 83//83 
f 46//46 47//47 84//84 
f 81//81 84//84 47//47 
f 49//49 43//43 48//48 
f 37//37 85//85 35//35 
f 85//85 86//86 35//35 
f 38//38 35//35 86//86 
f 71//71 87//87 66//66 
f 88//88 89//89 90//90 
f 50//50 38//38 86//86 
f 91//91 88//88 90//90 
f 51//51 90//90 89//89 
f 89//89 52//52 51//51 
f 52//52 45//45 51//51 
f 51//51 50//50 86//86 
f 54//54 45//45 53//53 
f 90//90 51//51 86//86 
f 52//52 89//89 53//53 
f 89//89 88//88 53//53 
f 88//88 91//91 53//53 
f 91//91 90//90 86//86 
f 53//53 86//86 54//54 
f 55//55 86//86 92//92 
f 54//54 86//86 55//55 
f 93//93 86//86 67//67 
f 56//56 93//93 67//67 
f 94//94 45//45 92//92 
f 92//92 45//45 55//55 
f 56//56 45//45 94//94 
f 92//92 86//86 94//94 
f 94//94 86//86 93//93 
f 56//56 94//94 93//93 
f 95//95 65//65 96//96 
f 97//97 96//96 65//65 
f 65//65 42//42 97//97 
f 40//40 97//97 42//42 
f 98//98 96//96 97//97 
f 98//98 97//97 99//99 
f 95//95 100//100 82//82 
f 99//99 97//97 40//40 
f 99//99 40//40 62//62 
f 101//101 102//102 103//103 
f 104//104 105//105 106//106 
f 107//107 108//108 109//109 
f 107//107 109//109 7//7 
f 110//110 111//111 112//112 
f 110//110 112//112 113//113 
f 114//114 111//111 115//115 
f 112//112 111//111 114//114 
f 111//111 116//116 117//117 
f 111//111 117//117 118//118 
f 115//115 111//111 118//118 
f 116//116 119//119 117//117 
f 117//117 119//119 118//118 
f 116//116 111//111 120//120 
f 121//121 120//120 111//111 
f 120//120 119//119 116//116 
f 122//122 123//123 111//111 
f 123//123 121//121 111//111 
f 124//124 125//125 126//126 
f 124//124 126//126 127//127 
f 128//128 127//127 126//126 
f 124//124 127//127 122//122 
f 128//128 129//129 127//127 
f 125//125 124//124 130//130 
f 131//131 130//130 124//124 
f 62//62 61//61 132//132 
f 95//95 81//81 65//65 
f 82//82 81//81 95//95 
f 81//81 47//47 65//65 
f 39//39 41//41 133//133 
f 44//44 133//133 41//41 
f 44//44 59//59 133//133 
f 44//44 60//60 59//59 
f 134//134 135//135 136//136 
f 137//137 138//138 136//136 
f 104//104 106//106 136//136 
f 102//102 139//139 103//103 
f 134//134 140//140 103//103 
f 139//139 135//135 134//134 
f 134//134 103//103 139//139 
f 141//141 142//142 143//143 
f 102//102 135//135 139//139 
f 144//144 145//145 146//146 
f 107//107 147//147 108//108 
f 107//107 148//148 149//149 
f 147//147 107//107 149//149 
f 149//149 150//150 147//147 
f 151//151 150//150 149//149 
f 108//108 147//147 150//150 
f 151//151 149//149 148//148 
f 150//150 151//151 152//152 
f 152//152 151//151 148//148 
f 152//152 153//153 150//150 
f 154//154 153//153 148//148 
f 155//155 148//148 107//107 
f 153//153 152//152 148//148 
f 153//153 154//154 150//150 
f 39//39 133//133 64//64 
f 156//156 157//157 158//158 
f 150//150 154//154 148//148 
f 64//64 158//158 157//157 
f 107//107 159//159 160//160 
f 161//161 107//107 160//160 
f 162//162 163//163 164//164 
f 165//165 166//166 157//157 
f 155//155 107//107 161//161 
f 159//159 107//107 167//167 
f 168//168 167//167 107//107 
f 168//168 107//107 169//169 
f 170//170 77//77 171//171 
f 169//169 107//107 172//172 
f 173//173 174//174 171//171 
f 158//158 64//64 133//133 
f 156//156 158//158 133//133 
f 175//175 176//176 133//133 
f 177//177 178//178 133//133 
f 179//179 172//172 107//107 
f 156//156 133//133 180//180 
f 166//166 180//180 133//133 
f 166//166 133//133 181//181 
f 165//165 157//157 180//180 
f 166//166 165//165 180//180 
f 156//156 180//180 157//157 
f 181//181 157//157 166//166 
f 182//182 183//183 58//58 
f 184//184 185//185 186//186 
f 58//58 183//183 187//187 
f 58//58 187//187 59//59 
f 179//179 136//136 106//106 
f 188//188 189//189 133//133 
f 59//59 188//188 133//133 
f 189//189 190//190 133//133 
f 175//175 133//133 190//190 
f 104//104 136//136 191//191 
f 177//177 133//133 176//176 
f 178//178 192//192 133//133 
f 192//192 181//181 133//133 
f 170//170 173//173 77//77 
f 76//76 171//171 77//77 
f 193//193 173//173 170//170 
f 194//194 193//193 171//171 
f 194//194 173//173 193//193 
f 173//173 195//195 77//77 
f 170//170 171//171 193//193 
f 195//195 196//196 77//77 
f 197//197 58//58 196//196 
f 173//173 194//194 174//174 
f 194//194 171//171 174//174 
f 198//198 199//199 200//200 
f 201//201 198//198 202//202 
f 77//77 196//196 58//58 
f 197//197 203//203 58//58 
f 203//203 185//185 58//58 
f 185//185 184//184 58//58 
f 204//204 185//185 203//203 
f 184//184 182//182 58//58 
f 205//205 206//206 207//207 
f 204//204 186//186 185//185 
f 69//69 70//70 80//80 
f 208//208 80//80 70//70 
f 208//208 209//209 80//80 
f 80//80 209//209 210//210 
f 210//210 211//211 212//212 
f 209//209 211//211 210//210 
f 73//73 75//75 72//72 
f 213//213 74//74 75//75 
f 72//72 74//74 79//79 
f 214//214 79//79 74//74 
f 215//215 214//214 74//74 
f 215//215 74//74 213//213 
f 216//216 215//215 213//213 
f 213//213 217//217 216//216 
f 144//144 218//218 145//145 
f 75//75 73//73 80//80 
f 80//80 210//210 75//75 
f 219//219 75//75 210//210 
f 219//219 210//210 220//220 
f 212//212 220//220 210//210 
f 164//164 221//221 162//162 
f 222//222 223//223 224//224 
f 223//223 222//222 225//225 
f 223//223 225//225 226//226 
f 223//223 226//226 227//227 
f 226//226 228//228 227//227 
f 227//227 228//228 229//229 
f 227//227 229//229 230//230 
f 224//224 231//231 232//232 
f 233//233 234//234 235//235 
f 236//236 235//235 234//234 
f 237//237 238//238 235//235 
f 239//239 237//237 235//235 
f 239//239 235//235 236//236 
f 236//236 240//240 239//239 
f 241//241 240//240 236//236 
f 242//242 199//199 243//243 
f 220//220 223//223 233//233 
f 223//223 227//227 233//233 
f 234//234 233//233 227//227 
f 163//163 244//244 245//245 
f 221//221 246//246 247//247 
f 242//242 200//200 199//199 
f 200//200 202//202 198//198 
f 248//248 198//198 201//201 
f 137//137 136//136 249//249 
f 250//250 251//251 252//252 
f 253//253 251//251 250//250 
f 251//251 254//254 255//255 
f 256//256 252//252 251//251 
f 251//251 253//253 254//254 
f 191//191 136//136 138//138 
f 249//249 136//136 141//141 
f 141//141 143//143 249//249 
f 257//257 258//258 252//252 
f 249//249 143//143 137//137 
f 141//141 136//136 142//142 
f 142//142 136//136 259//259 
f 260//260 261//261 262//262 
f 256//256 263//263 264//264 
f 256//256 264//264 252//252 
f 102//102 101//101 135//135 
f 259//259 136//136 135//135 
f 265//265 262//262 266//266 
f 267//267 266//266 262//262 
f 155//155 268//268 148//148 
f 261//261 267//267 262//262 
f 269//269 270//270 271//271 
f 271//271 272//272 269//269 
f 272//272 273//273 269//269 
f 274//274 269//269 273//273 
f 270//270 275//275 276//276 
f 277//277 278//278 279//279 
f 280//280 275//275 270//270 
f 110//110 281//281 111//111 
f 280//280 270//270 282//282 
f 270//270 269//269 282//282 
f 283//283 282//282 269//269 
f 284//284 277//277 279//279 
f 285//285 283//283 269//269 
f 285//285 269//269 274//274 
f 286//286 287//287 288//288 
f 289//289 290//290 271//271 
f 272//272 271//271 290//290 
f 272//272 290//290 291//291 
f 272//272 292//292 293//293 
f 272//272 291//291 292//292 
f 280//280 282//282 275//275 
f 294//294 278//278 277//277 
f 295//295 278//278 294//294 
f 296//296 286//286 111//111 
f 297//297 287//287 286//286 
f 298//298 278//278 295//295 
f 283//283 299//299 282//282 
f 274//274 300//300 285//285 
f 301//301 287//287 297//297 
f 278//278 302//302 279//279 
f 302//302 303//303 279//279 
f 303//303 304//304 279//279 
f 305//305 279//279 304//304 
f 306//306 307//307 308//308 
f 309//309 308//308 307//307 
f 297//297 286//286 296//296 
f 301//301 297//297 296//296 
f 310//310 301//301 296//296 
f 311//311 296//296 111//111 
f 288//288 111//111 286//286 
f 312//312 313//313 309//309 
f 294//294 277//277 284//284 
f 295//295 294//294 284//284 
f 310//310 287//287 301//301 
f 314//314 309//309 307//307 
f 303//303 302//302 315//315 
f 278//278 316//316 302//302 
f 315//315 302//302 316//316 
f 298//298 317//317 278//278 
f 296//296 318//318 310//310 
f 298//298 295//295 284//284 
f 317//317 298//298 284//284 
f 318//318 287//287 310//310 
f 284//284 316//316 317//317 
f 278//278 317//317 316//316 
f 296//296 287//287 318//318 
f 304//304 319//319 305//305 
f 319//319 320//320 305//305 
f 321//321 311//311 111//111 
f 281//281 321//321 111//111 
f 315//315 322//322 303//303 
f 304//304 303//303 322//322 
f 113//113 323//323 281//281 
f 319//319 304//304 324//324 
f 322//322 324//324 304//304 
f 113//113 281//281 110//110 
f 305//305 320//320 325//325 
f 325//325 326//326 305//305 
f 320//320 327//327 325//325 
f 320//320 319//319 327//327 
f 324//324 327//327 319//319 
f 326//326 328//328 305//305 
f 328//328 329//329 305//305 
f 327//327 330//330 325//325 
f 326//326 325//325 330//330 
f 201//201 331//331 248//248 
f 329//329 328//328 332//332 
f 326//326 330//330 328//328 
f 332//332 328//328 330//330 
f 333//333 329//329 332//332 
f 334//334 335//335 284//284 
f 336//336 334//334 284//284 
f 316//316 284//284 335//335 
f 315//315 316//316 335//335 
f 335//335 337//337 315//315 
f 336//336 284//284 338//338 
f 207//207 245//245 244//244 
f 162//162 244//244 163//163 
f 339//339 340//340 341//341 
f 342//342 339//339 247//247 
f 343//343 344//344 345//345 
f 346//346 347//347 348//348 
f 348//348 347//347 349//349 
f 345//345 349//349 347//347 
f 350//350 351//351 346//346 
f 347//347 346//346 351//351 
f 352//352 353//353 350//350 
f 351//351 350//350 353//353 
f 353//353 352//352 354//354 
f 355//355 354//354 352//352 
f 355//355 356//356 354//354 
f 208//208 70//70 357//357 
f 306//306 308//308 358//358 
f 354//354 356//356 308//308 
f 358//358 308//308 356//356 
f 359//359 360//360 361//361 
f 362//362 361//361 360//360 
f 355//355 352//352 363//363 
f 355//355 364//364 356//356 
f 356//356 365//365 358//358 
f 358//358 366//366 306//306 
f 367//367 6//6 368//368 
f 368//368 6//6 369//369 
f 370//370 307//307 371//371 
f 372//372 373//373 367//367 
f 374//374 375//375 287//287 
f 372//372 367//367 368//368 
f 376//376 211//211 232//232 
f 87//87 357//357 70//70 
f 377//377 378//378 379//379 
f 380//380 306//306 366//366 
f 381//381 307//307 382//382 
f 382//382 383//383 381//381 
f 371//371 307//307 381//381 
f 383//383 382//382 380//380 
f 161//161 384//384 155//155 
f 382//382 306//306 380//380 
f 385//385 386//386 387//387 
f 386//386 356//356 364//364 
f 388//388 389//389 390//390 
f 387//387 383//383 385//385 
f 391//391 385//385 383//383 
f 392//392 356//356 391//391 
f 393//393 103//103 394//394 
f 385//385 356//356 386//386 
f 365//365 392//392 383//383 
f 392//392 391//391 383//383 
f 395//395 396//396 287//287 
f 397//397 279//279 305//305 
f 397//397 305//305 398//398 
f 111//111 396//396 395//395 
f 399//399 111//111 395//395 
f 288//288 396//396 111//111 
f 284//284 279//279 400//400 
f 279//279 397//397 400//400 
f 398//398 400//400 397//397 
f 401//401 402//402 403//403 
f 404//404 150//150 405//405 
f 338//338 400//400 406//406 
f 400//400 338//338 284//284 
f 305//305 407//407 398//398 
f 408//408 398//398 407//407 
f 408//408 407//407 409//409 
f 410//410 375//375 374//374 
f 411//411 410//410 374//374 
f 375//375 410//410 399//399 
f 111//111 399//399 410//410 
f 412//412 413//413 414//414 
f 408//408 415//415 398//398 
f 400//400 398//398 415//415 
f 409//409 415//415 408//408 
f 365//365 356//356 392//392 
f 366//366 358//358 365//365 
f 416//416 414//414 413//413 
f 396//396 288//288 287//287 
f 359//359 413//413 360//360 
f 406//406 415//415 417//417 
f 412//412 360//360 413//413 
f 365//365 383//383 366//366 
f 380//380 366//366 383//383 
f 350//350 418//418 352//352 
f 391//391 356//356 385//385 
f 419//419 420//420 416//416 
f 421//421 422//422 362//362 
f 387//387 423//423 424//424 
f 421//421 425//425 426//426 
f 386//386 364//364 387//387 
f 423//423 387//387 364//364 
f 362//362 360//360 425//425 
f 362//362 425//425 421//421 
f 427//427 359//359 428//428 
f 428//428 359//359 429//429 
f 430//430 431//431 425//425 
f 364//364 355//355 423//423 
f 423//423 355//355 424//424 
f 431//431 426//426 425//425 
f 428//428 429//429 157//157 
f 349//349 432//432 348//348 
f 308//308 309//309 433//433 
f 434//434 433//433 309//309 
f 435//435 354//354 433//433 
f 344//344 436//436 345//345 
f 437//437 438//438 434//434 
f 349//349 439//439 432//432 
f 433//433 434//434 438//438 
f 440//440 441//441 437//437 
f 437//437 442//442 440//440 
f 439//439 345//345 436//436 
f 349//349 345//345 439//439 
f 443//443 444//444 438//438 
f 441//441 443//443 438//438 
f 441//441 438//438 437//437 
f 343//343 445//445 344//344 
f 446//446 343//343 345//345 
f 446//446 445//445 343//343 
f 447//447 445//445 446//446 
f 425//425 360//360 430//430 
f 360//360 448//448 449//449 
f 449//449 450//450 360//360 
f 451//451 445//445 447//447 
f 211//211 209//209 232//232 
f 452//452 453//453 359//359 
f 451//451 345//345 454//454 
f 361//361 429//429 359//359 
f 454//454 445//445 451//451 
f 449//449 448//448 455//455 
f 450//450 456//456 360//360 
f 456//456 457//457 360//360 
f 457//457 458//458 360//360 
f 459//459 359//359 460//460 
f 461//461 462//462 445//445 
f 450//450 449//449 463//463 
f 455//455 463//463 449//449 
f 450//450 463//463 456//456 
f 209//209 208//208 464//464 
f 430//430 360//360 465//465 
f 458//458 466//466 360//360 
f 466//466 467//467 360//360 
f 436//436 445//445 439//439 
f 468//468 359//359 469//469 
f 452//452 359//359 427//427 
f 376//376 212//212 211//211 
f 157//157 427//427 428//428 
f 458//458 457//457 470//470 
f 471//471 470//470 457//457 
f 447//447 446//446 345//345 
f 460//460 359//359 468//468 
f 231//231 224//224 212//212 
f 472//472 231//231 212//212 
f 473//473 212//212 376//376 
f 473//473 472//472 212//212 
f 463//463 471//471 456//456 
f 457//457 456//456 471//471 
f 461//461 454//454 345//345 
f 360//360 474//474 465//465 
f 467//467 475//475 360//360 
f 452//452 427//427 476//476 
f 477//477 359//359 453//453 
f 478//478 359//359 479//479 
f 480//480 359//359 478//478 
f 464//464 232//232 209//209 
f 481//481 445//445 462//462 
f 482//482 483//483 462//462 
f 454//454 461//461 445//445 
f 223//223 212//212 224//224 
f 465//465 431//431 430//430 
f 474//474 431//431 465//465 
f 452//452 157//157 453//453 
f 476//476 427//427 452//452 
f 484//484 475//475 467//467 
f 415//415 406//406 400//400 
f 485//485 486//486 487//487 
f 484//484 467//467 488//488 
f 486//486 485//485 363//363 
f 424//424 363//363 485//485 
f 424//424 485//485 387//387 
f 466//466 488//488 467//467 
f 489//489 409//409 490//490 
f 407//407 490//490 409//409 
f 363//363 352//352 486//486 
f 489//489 490//490 491//491 
f 479//479 176//176 478//478 
f 492//492 493//493 411//411 
f 424//424 355//355 363//363 
f 492//492 494//494 493//493 
f 410//410 411//411 493//493 
f 469//469 359//359 480//480 
f 489//489 495//495 409//409 
f 415//415 409//409 495//495 
f 491//491 495//495 489//489 
f 466//466 458//458 488//488 
f 287//287 496//496 411//411 
f 487//487 418//418 497//497 
f 487//487 497//497 485//485 
f 470//470 488//488 458//458 
f 411//411 498//498 492//492 
f 487//487 352//352 418//418 
f 486//486 352//352 487//487 
f 417//417 415//415 495//495 
f 499//499 474//474 360//360 
f 490//490 500//500 491//491 
f 501//501 491//491 500//500 
f 360//360 502//502 499//499 
f 475//475 503//503 360//360 
f 503//503 502//502 360//360 
f 504//504 505//505 502//502 
f 501//501 500//500 506//506 
f 493//493 494//494 507//507 
f 453//453 508//508 477//477 
f 509//509 359//359 477//477 
f 479//479 359//359 509//509 
f 507//507 510//510 511//511 
f 507//507 511//511 493//493 
f 505//505 431//431 499//499 
f 474//474 499//499 431//431 
f 418//418 350//350 445//445 
f 506//506 512//512 501//501 
f 491//491 501//501 512//512 
f 495//495 491//491 512//512 
f 513//513 497//497 445//445 
f 492//492 498//498 494//494 
f 503//503 475//475 514//514 
f 484//484 514//514 475//475 
f 494//494 498//498 507//507 
f 418//418 445//445 497//497 
f 515//515 513//513 445//445 
f 512//512 516//516 417//417 
f 512//512 417//417 495//495 
f 517//517 518//518 515//515 
f 217//217 220//220 235//235 
f 515//515 481//481 517//517 
f 75//75 219//219 213//213 
f 219//219 220//220 217//217 
f 217//217 213//213 219//219 
f 233//233 235//235 220//220 
f 519//519 520//520 521//521 
f 522//522 523//523 524//524 
f 525//525 526//526 527//527 
f 401//401 528//528 402//402 
f 529//529 511//511 530//530 
f 530//530 531//531 529//529 
f 532//532 533//533 506//506 
f 510//510 534//534 530//530 
f 530//530 535//535 531//531 
f 522//522 524//524 536//536 
f 537//537 538//538 539//539 
f 510//510 530//530 511//511 
f 540//540 532//532 541//541 
f 532//532 506//506 541//541 
f 542//542 543//543 544//544 
f 545//545 544//544 543//543 
f 546//546 543//543 542//542 
f 542//542 547//547 546//546 
f 548//548 549//549 550//550 
f 551//551 372//372 552//552 
f 372//372 551//551 373//373 
f 379//379 553//553 377//377 
f 554//554 136//136 553//553 
f 134//134 136//136 140//140 
f 377//377 553//553 136//136 
f 136//136 554//554 140//140 
f 140//140 554//554 103//103 
f 555//555 556//556 379//379 
f 553//553 379//379 556//556 
f 369//369 6//6 557//557 
f 7//7 558//558 559//559 
f 559//559 560//560 561//561 
f 558//558 560//560 559//559 
f 443//443 441//441 562//562 
f 563//563 518//518 564//564 
f 513//513 515//515 518//518 
f 564//564 518//518 517//517 
f 109//109 150//150 565//565 
f 564//564 481//481 563//563 
f 517//517 481//481 564//564 
f 563//563 566//566 567//567 
f 568//568 557//557 569//569 
f 570//570 571//571 561//561 
f 559//559 561//561 571//571 
f 571//571 572//572 573//573 
f 570//570 572//572 571//571 
f 570//570 574//574 572//572 
f 560//560 575//575 561//561 
f 561//561 574//574 570//570 
f 576//576 566//566 577//577 
f 578//578 566//566 576//576 
f 579//579 566//566 578//578 
f 580//580 581//581 572//572 
f 578//578 576//576 518//518 
f 582//582 566//566 579//579 
f 5//5 569//569 557//557 
f 579//579 578//578 518//518 
f 583//583 566//566 582//582 
f 582//582 579//579 518//518 
f 518//518 567//567 583//583 
f 567//567 518//518 563//563 
f 567//567 566//566 583//583 
f 562//562 584//584 443//443 
f 585//585 584//584 562//562 
f 586//586 587//587 585//585 
f 445//445 481//481 515//515 
f 348//348 432//432 445//445 
f 350//350 346//346 445//445 
f 432//432 439//439 445//445 
f 588//588 589//589 590//590 
f 348//348 445//445 346//346 
f 514//514 591//591 503//503 
f 503//503 591//591 502//502 
f 505//505 499//499 502//502 
f 508//508 592//592 477//477 
f 505//505 593//593 431//431 
f 594//594 566//566 595//595 
f 505//505 504//504 593//593 
f 592//592 508//508 157//157 
f 453//453 157//157 508//508 
f 596//596 566//566 594//594 
f 504//504 502//502 593//593 
f 591//591 593//593 502//502 
f 597//597 598//598 599//599 
f 600//600 601//601 599//599 
f 577//577 566//566 602//602 
f 594//594 595//595 603//603 
f 603//603 518//518 594//594 
f 86//86 431//431 593//593 
f 86//86 593//593 591//591 
f 86//86 591//591 514//514 
f 514//514 484//484 86//86 
f 86//86 484//484 488//488 
f 86//86 488//488 470//470 
f 86//86 470//470 471//471 
f 596//596 594//594 518//518 
f 577//577 602//602 518//518 
f 602//602 596//596 518//518 
f 583//583 582//582 518//518 
f 576//576 577//577 518//518 
f 604//604 605//605 606//606 
f 607//607 605//605 604//604 
f 608//608 600//600 609//609 
f 600//600 599//599 609//609 
f 610//610 609//609 599//599 
f 606//606 611//611 612//612 
f 613//613 614//614 603//603 
f 608//608 603//603 614//614 
f 600//600 608//608 614//614 
f 595//595 613//613 603//603 
f 615//615 414//414 605//605 
f 616//616 414//414 615//615 
f 617//617 414//414 616//616 
f 595//595 618//618 613//613 
f 602//602 566//566 596//596 
f 613//613 618//618 614//614 
f 619//619 620//620 621//621 
f 604//604 606//606 612//612 
f 614//614 601//601 600//600 
f 615//615 605//605 622//622 
f 623//623 622//622 605//605 
f 624//624 625//625 626//626 
f 195//195 173//173 621//621 
f 607//607 627//627 605//605 
f 627//627 607//607 612//612 
f 607//607 604//604 612//612 
f 628//628 629//629 630//630 
f 610//610 628//628 630//630 
f 610//610 630//630 609//609 
f 612//612 623//623 627//627 
f 605//605 627//627 623//623 
f 611//611 605//605 414//414 
f 617//617 631//631 414//414 
f 631//631 632//632 414//414 
f 633//633 416//416 634//634 
f 621//621 620//620 633//633 
f 635//635 630//630 629//629 
f 617//617 616//616 636//636 
f 615//615 622//622 616//616 
f 636//636 616//616 622//622 
f 635//635 637//637 638//638 
f 638//638 639//639 635//635 
f 621//621 633//633 195//195 
f 632//632 640//640 414//414 
f 634//634 416//416 641//641 
f 204//204 641//641 416//416 
f 636//636 642//642 617//617 
f 631//631 617//617 642//642 
f 638//638 643//643 639//639 
f 630//630 635//635 639//639 
f 632//632 631//631 644//644 
f 642//642 644//644 631//631 
f 640//640 645//645 414//414 
f 646//646 647//647 639//639 
f 186//186 416//416 648//648 
f 204//204 416//416 186//186 
f 649//649 639//639 650//650 
f 643//643 650//650 639//639 
f 645//645 640//640 651//651 
f 652//652 651//651 640//640 
f 643//643 637//637 650//650 
f 638//638 637//637 643//643 
f 644//644 652//652 632//632 
f 640//640 632//632 652//652 
f 414//414 645//645 653//653 
f 414//414 653//653 412//412 
f 648//648 416//416 654//654 
f 413//413 654//654 416//416 
f 655//655 656//656 657//657 
f 653//653 645//645 658//658 
f 651//651 658//658 645//645 
f 261//261 639//639 659//659 
f 660//660 659//659 639//639 
f 661//661 660//660 639//639 
f 412//412 653//653 662//662 
f 658//658 662//662 653//653 
f 656//656 663//663 657//657 
f 655//655 661//661 639//639 
f 412//412 448//448 360//360 
f 359//359 664//664 413//413 
f 662//662 455//455 412//412 
f 448//448 412//412 455//455 
f 656//656 655//655 639//639 
f 590//590 665//665 588//588 
f 647//647 646//646 657//657 
f 188//188 59//59 664//664 
f 664//664 359//359 459//459 
f 663//663 656//656 639//639 
f 664//664 459//459 188//188 
f 459//459 460//460 188//188 
f 649//649 646//646 639//639 
f 666//666 663//663 639//639 
f 647//647 666//666 639//639 
f 651//651 86//86 658//658 
f 652//652 86//86 651//651 
f 644//644 86//86 652//652 
f 642//642 86//86 644//644 
f 636//636 86//86 642//642 
f 622//622 86//86 636//636 
f 623//623 86//86 622//622 
f 612//612 86//86 623//623 
f 455//455 662//662 86//86 
f 658//658 86//86 662//662 
f 667//667 668//668 541//541 
f 606//606 605//605 611//611 
f 669//669 670//670 529//529 
f 671//671 529//529 670//670 
f 416//416 633//633 620//620 
f 620//620 672//672 416//416 
f 670//670 673//673 671//671 
f 670//670 669//669 673//673 
f 673//673 674//674 671//671 
f 500//500 541//541 506//506 
f 668//668 675//675 541//541 
f 675//675 676//676 541//541 
f 677//677 678//678 679//679 
f 680//680 681//681 682//682 
f 683//683 684//684 685//685 
f 686//686 626//626 625//625 
f 529//529 687//687 688//688 
f 688//688 689//689 529//529 
f 690//690 529//529 691//691 
f 669//669 529//529 690//690 
f 531//531 687//687 529//529 
f 692//692 533//533 540//540 
f 532//532 540//540 533//533 
f 512//512 506//506 533//533 
f 687//687 535//535 688//688 
f 531//531 535//535 687//687 
f 693//693 694//694 237//237 
f 695//695 668//668 667//667 
f 676//676 696//696 541//541 
f 696//696 697//697 541//541 
f 697//697 698//698 541//541 
f 689//689 699//699 529//529 
f 700//700 529//529 701//701 
f 702//702 533//533 692//692 
f 689//689 688//688 535//535 
f 703//703 704//704 705//705 
f 238//238 237//237 694//694 
f 676//676 675//675 706//706 
f 707//707 706//706 675//675 
f 708//708 709//709 710//710 
f 700//700 691//691 529//529 
f 695//695 707//707 668//668 
f 675//675 668//668 707//707 
f 540//540 541//541 692//692 
f 692//692 541//541 702//702 
f 702//702 541//541 698//698 
f 711//711 529//529 712//712 
f 699//699 712//712 529//529 
f 701//701 529//529 711//711 
f 533//533 702//702 713//713 
f 698//698 713//713 702//702 
f 584//584 587//587 443//443 
f 587//587 714//714 443//443 
f 677//677 715//715 443//443 
f 715//715 716//716 443//443 
f 717//717 678//678 677//677 
f 718//718 712//712 535//535 
f 689//689 535//535 699//699 
f 679//679 719//719 677//677 
f 584//584 585//585 587//587 
f 720//720 528//528 721//721 
f 722//722 717//717 443//443 
f 714//714 722//722 443//443 
f 723//723 724//724 722//722 
f 723//723 722//722 714//714 
f 706//706 725//725 696//696 
f 706//706 696//696 676//676 
f 717//717 677//677 443//443 
f 696//696 725//725 697//697 
f 716//716 726//726 443//443 
f 727//727 728//728 716//716 
f 729//729 698//698 697//697 
f 712//712 718//718 711//711 
f 730//730 731//731 732//732 
f 715//715 677//677 719//719 
f 698//698 729//729 713//713 
f 719//719 727//727 715//715 
f 716//716 715//715 727//727 
f 678//678 717//717 724//724 
f 724//724 717//717 722//722 
f 699//699 535//535 712//712 
f 586//586 723//723 714//714 
f 586//586 714//714 587//587 
f 729//729 697//697 713//713 
f 725//725 713//713 697//697 
f 707//707 733//733 706//706 
f 706//706 733//733 725//725 
f 734//734 735//735 444//444 
f 736//736 737//737 738//738 
f 734//734 739//739 735//735 
f 737//737 740//740 738//738 
f 726//726 741//741 444//444 
f 444//444 443//443 726//726 
f 728//728 726//726 716//716 
f 742//742 743//743 744//744 
f 734//734 444//444 741//741 
f 745//745 746//746 740//740 
f 747//747 745//745 740//740 
f 748//748 747//747 740//740 
f 746//746 738//738 740//740 
f 734//734 741//741 739//739 
f 749//749 739//739 741//741 
f 741//741 726//726 749//749 
f 728//728 749//749 726//726 
f 740//740 750//750 748//748 
f 743//743 751//751 744//744 
f 736//736 738//738 752//752 
f 753//753 752//752 754//754 
f 732//732 525//525 755//755 
f 742//742 756//756 757//757 
f 758//758 527//527 526//526 
f 743//743 742//742 733//733 
f 757//757 733//733 742//742 
f 751//751 759//759 744//744 
f 753//753 754//754 760//760 
f 751//751 743//743 761//761 
f 733//733 761//761 743//743 
f 744//744 762//762 763//763 
f 764//764 754//754 765//765 
f 766//766 754//754 764//764 
f 762//762 767//767 763//763 
f 759//759 768//768 767//767 
f 759//759 767//767 762//762 
f 765//765 769//769 764//764 
f 759//759 762//762 744//744 
f 760//760 754//754 766//766 
f 761//761 768//768 751//751 
f 759//759 751//751 768//768 
f 770//770 744//744 771//771 
f 763//763 771//771 744//744 
f 772//772 773//773 774//774 
f 735//735 774//774 444//444 
f 765//765 754//754 775//775 
f 776//776 775//775 754//754 
f 767//767 777//777 763//763 
f 771//771 763//763 777//777 
f 735//735 739//739 774//774 
f 732//732 755//755 730//730 
f 770//770 771//771 778//778 
f 777//777 778//778 771//771 
f 779//779 744//744 780//780 
f 770//770 780//780 744//744 
f 781//781 782//782 754//754 
f 780//780 783//783 784//784 
f 780//780 784//784 779//779 
f 782//782 776//776 754//754 
f 778//778 783//783 770//770 
f 780//780 770//770 783//783 
f 779//779 785//785 541//541 
f 671//671 786//786 529//529 
f 529//529 787//787 781//781 
f 785//785 779//779 788//788 
f 784//784 788//788 779//779 
f 541//541 789//789 790//790 
f 791//791 541//541 790//790 
f 791//791 792//792 541//541 
f 790//790 793//793 791//791 
f 789//789 794//794 793//793 
f 789//789 793//793 790//790 
f 785//785 789//789 541//541 
f 787//787 529//529 786//786 
f 788//788 794//794 785//785 
f 789//789 785//785 794//794 
f 786//786 671//671 674//674 
f 667//667 541//541 792//792 
f 793//793 795//795 791//791 
f 792//792 791//791 795//795 
f 667//667 792//792 795//795 
f 667//667 795//795 695//695 
f 777//777 767//767 795//795 
f 767//767 768//768 795//795 
f 768//768 761//761 795//795 
f 778//778 777//777 795//795 
f 761//761 733//733 795//795 
f 695//695 795//795 733//733 
f 757//757 725//725 733//733 
f 783//783 778//778 795//795 
f 795//795 793//793 783//783 
f 794//794 783//783 793//793 
f 794//794 788//788 783//783 
f 784//784 783//783 788//788 
f 695//695 733//733 707//707 
f 796//796 620//620 619//619 
f 796//796 171//171 620//620 
f 797//797 796//796 619//619 
f 798//798 797//797 799//799 
f 619//619 799//799 797//797 
f 800//800 171//171 801//801 
f 799//799 800//800 801//801 
f 801//801 798//798 799//799 
f 801//801 171//171 798//798 
f 797//797 798//798 171//171 
f 800//800 799//799 171//171 
f 619//619 171//171 799//799 
f 802//802 803//803 684//684 
f 709//709 217//217 804//804 
f 708//708 217//217 709//709 
f 142//142 805//805 806//806 
f 804//804 710//710 709//709 
f 807//807 708//708 710//710 
f 808//808 809//809 710//710 
f 807//807 710//710 810//810 
f 810//810 710//710 809//809 
f 807//807 217//217 708//708 
f 806//806 143//143 142//142 
f 810//810 217//217 807//807 
f 637//637 657//657 650//650 
f 646//646 649//649 657//657 
f 811//811 812//812 813//813 
f 814//814 217//217 809//809 
f 815//815 816//816 705//705 
f 817//817 261//261 818//818 
f 659//659 818//818 261//261 
f 659//659 819//819 818//818 
f 660//660 661//661 657//657 
f 818//818 819//819 817//817 
f 661//661 655//655 657//657 
f 663//663 666//666 657//657 
f 809//809 217//217 810//810 
f 820//820 821//821 721//721 
f 808//808 822//822 809//809 
f 649//649 650//650 657//657 
f 666//666 647//647 657//657 
f 814//814 809//809 822//822 
f 823//823 824//824 266//266 
f 588//588 825//825 822//822 
f 588//588 822//822 808//808 
f 267//267 823//823 266//266 
f 826//826 266//266 824//824 
f 822//822 827//827 814//814 
f 827//827 816//816 814//814 
f 828//828 267//267 817//817 
f 261//261 817//817 267//267 
f 823//823 267//267 828//828 
f 588//588 808//808 710//710 
f 829//829 814//814 816//816 
f 299//299 283//283 830//830 
f 299//299 830//830 831//831 
f 285//285 832//832 283//283 
f 832//832 833//833 283//283 
f 830//830 283//283 833//833 
f 827//827 705//705 816//816 
f 832//832 285//285 834//834 
f 300//300 835//835 285//285 
f 830//830 833//833 836//836 
f 816//816 815//815 829//829 
f 837//837 829//829 815//815 
f 825//825 705//705 827//827 
f 822//822 825//825 827//827 
f 804//804 217//217 238//238 
f 308//308 433//433 354//354 
f 235//235 238//238 217//217 
f 212//212 223//223 220//220 
f 838//838 839//839 840//840 
f 841//841 842//842 839//839 
f 842//842 840//840 839//839 
f 839//839 843//843 841//841 
f 844//844 845//845 840//840 
f 846//846 844//844 840//840 
f 846//846 840//840 842//842 
f 527//527 755//755 525//525 
f 847//847 846//846 842//842 
f 847//847 842//842 841//841 
f 347//347 351//351 838//838 
f 838//838 848//848 347//347 
f 772//772 847//847 841//841 
f 772//772 841//841 849//849 
f 802//802 850//850 803//803 
f 839//839 838//838 351//351 
f 849//849 773//773 772//772 
f 843//843 839//839 353//353 
f 624//624 217//217 625//625 
f 851//851 852//852 217//217 
f 850//850 853//853 803//803 
f 216//216 217//217 624//624 
f 347//347 848//848 345//345 
f 854//854 686//686 625//625 
f 353//353 839//839 351//351 
f 354//354 843//843 353//353 
f 435//435 843//843 354//354 
f 855//855 686//686 852//852 
f 854//854 852//852 686//686 
f 438//438 849//849 433//433 
f 435//435 433//433 849//849 
f 843//843 435//435 841//841 
f 849//849 841//841 435//435 
f 849//849 438//438 773//773 
f 444//444 773//773 438//438 
f 444//444 774//774 773//773 
f 854//854 217//217 852//852 
f 625//625 217//217 854//854 
f 217//217 814//814 851//851 
f 838//838 840//840 856//856 
f 857//857 858//858 814//814 
f 829//829 857//857 814//814 
f 851//851 814//814 858//858 
f 858//858 859//859 851//851 
f 526//526 860//860 758//758 
f 829//829 837//837 857//857 
f 685//685 857//857 837//837 
f 859//859 861//861 851//851 
f 861//861 862//862 851//851 
f 855//855 862//862 863//863 
f 863//863 686//686 855//855 
f 803//803 859//859 858//858 
f 803//803 858//858 684//684 
f 852//852 851//851 855//855 
f 862//862 855//855 851//851 
f 864//864 863//863 862//862 
f 862//862 861//861 864//864 
f 865//865 864//864 861//861 
f 848//848 866//866 867//867 
f 865//865 861//861 859//859 
f 865//865 859//859 803//803 
f 838//838 856//856 848//848 
f 684//684 858//858 857//857 
f 684//684 857//857 685//685 
f 868//868 867//867 866//866 
f 856//856 866//866 848//848 
f 53//53 91//91 86//86 
f 85//85 426//426 86//86 
f 521//521 292//292 821//821 
f 86//86 471//471 463//463 
f 463//463 455//455 86//86 
f 869//869 71//71 612//612 
f 86//86 612//612 71//71 
f 870//870 611//611 414//414 
f 870//870 414//414 871//871 
f 414//414 420//420 871//871 
f 416//416 672//672 872//872 
f 416//416 873//873 874//874 
f 875//875 416//416 874//874 
f 872//872 873//873 416//416 
f 870//870 869//869 611//611 
f 612//612 611//611 869//869 
f 871//871 869//869 870//870 
f 876//876 877//877 878//878 
f 620//620 171//171 672//672 
f 672//672 171//171 872//872 
f 71//71 869//869 87//87 
f 452//452 427//427 157//157 
f 797//797 171//171 796//796 
f 813//813 537//537 811//811 
f 749//749 879//879 739//739 
f 880//880 774//774 881//881 
f 592//592 157//157 477//477 
f 882//882 883//883 884//884 
f 883//883 882//882 885//885 
f 886//886 885//885 882//882 
f 887//887 888//888 886//886 
f 885//885 886//886 888//888 
f 889//889 890//890 887//887 
f 890//890 888//888 887//887 
f 891//891 890//890 889//889 
f 890//890 891//891 892//892 
f 891//891 893//893 892//892 
f 894//894 892//892 893//893 
f 893//893 895//895 894//894 
f 887//887 896//896 889//889 
f 889//889 897//897 891//891 
f 442//442 898//898 440//440 
f 441//441 440//440 898//898 
f 895//895 899//899 894//894 
f 900//900 901//901 581//581 
f 106//106 105//105 179//179 
f 104//104 902//902 105//105 
f 586//586 903//903 723//723 
f 904//904 905//905 906//906 
f 907//907 908//908 906//906 
f 909//909 546//546 547//547 
f 547//547 910//910 911//911 
f 547//547 911//911 909//909 
f 910//910 912//912 913//913 
f 910//910 913//913 911//911 
f 878//878 3//3 876//876 
f 914//914 915//915 678//678 
f 916//916 917//917 912//912 
f 724//724 918//918 678//678 
f 913//913 912//912 917//917 
f 919//919 679//679 678//678 
f 876//876 3//3 920//920 
f 920//920 3//3 921//921 
f 908//908 921//921 3//3 
f 543//543 719//719 679//679 
f 922//922 904//904 906//906 
f 923//923 924//924 916//916 
f 925//925 905//905 904//904 
f 926//926 905//905 925//925 
f 922//922 906//906 908//908 
f 917//917 916//916 924//924 
f 879//879 927//927 739//739 
f 928//928 924//924 923//923 
f 929//929 930//930 581//581 
f 931//931 581//581 932//932 
f 933//933 934//934 935//935 
f 936//936 937//937 933//933 
f 938//938 939//939 935//935 
f 940//940 941//941 942//942 
f 943//943 900//900 581//581 
f 728//728 944//944 749//749 
f 581//581 945//945 943//943 
f 946//946 922//922 573//573 
f 925//925 922//922 926//926 
f 904//904 922//922 925//925 
f 930//930 922//922 946//946 
f 922//922 929//929 931//931 
f 931//931 932//932 922//922 
f 947//947 922//922 948//948 
f 926//926 922//922 947//947 
f 571//571 573//573 922//922 
f 929//929 922//922 930//930 
f 930//930 946//946 581//581 
f 574//574 580//580 572//572 
f 946//946 573//573 581//581 
f 949//949 568//568 569//569 
f 940//940 922//922 932//932 
f 950//950 922//922 939//939 
f 931//931 929//929 581//581 
f 922//922 950//950 948//948 
f 901//901 940//940 932//932 
f 933//933 922//922 936//936 
f 935//935 922//922 933//933 
f 932//932 581//581 901//901 
f 899//899 951//951 894//894 
f 952//952 894//894 951//951 
f 895//895 336//336 899//899 
f 899//899 336//336 951//951 
f 894//894 952//952 953//953 
f 952//952 336//336 953//953 
f 159//159 954//954 160//160 
f 914//914 678//678 955//955 
f 893//893 336//336 895//895 
f 956//956 172//172 179//179 
f 957//957 138//138 958//958 
f 959//959 727//727 719//719 
f 148//148 960//960 150//150 
f 961//961 962//962 898//898 
f 516//516 533//533 963//963 
f 533//533 516//516 512//512 
f 919//919 678//678 915//915 
f 507//507 534//534 510//510 
f 897//897 889//889 896//896 
f 964//964 749//749 944//944 
f 357//357 464//464 208//208 
f 965//965 585//585 966//966 
f 967//967 953//953 338//338 
f 939//939 922//922 935//935 
f 900//900 945//945 901//901 
f 942//942 922//922 940//940 
f 968//968 922//922 942//942 
f 936//936 922//922 968//968 
f 900//900 943//943 945//945 
f 940//940 901//901 945//945 
f 70//70 68//68 87//87 
f 568//568 949//949 969//969 
f 970//970 969//969 2//2 
f 68//68 66//66 87//87 
f 971//971 85//85 49//49 
f 49//49 85//85 37//37 
f 949//949 2//2 969//969 
f 3//3 972//972 973//973 
f 974//974 3//3 973//973 
f 975//975 976//976 3//3 
f 974//974 975//975 3//3 
f 973//973 680//680 974//974 
f 972//972 680//680 973//973 
f 974//974 680//680 975//975 
f 2//2 4//4 977//977 
f 3//3 978//978 972//972 
f 979//979 680//680 980//980 
f 980//980 680//680 972//972 
f 980//980 972//972 978//978 
f 981//981 680//680 979//979 
f 981//981 979//979 978//978 
f 979//979 980//980 978//978 
f 978//978 680//680 981//981 
f 978//978 3//3 982//982 
f 983//983 978//978 984//984 
f 985//985 3//3 986//986 
f 985//985 982//982 3//3 
f 984//984 982//982 987//987 
f 985//985 987//987 982//982 
f 986//986 3//3 878//878 
f 523//523 988//988 989//989 
f 886//886 990//990 887//887 
f 991//991 167//167 992//992 
f 338//338 953//953 336//336 
f 336//336 891//891 897//897 
f 535//535 993//993 718//718 
f 586//586 994//994 903//903 
f 586//586 585//585 965//965 
f 723//723 903//903 995//995 
f 995//995 996//996 723//723 
f 991//991 159//159 167//167 
f 406//406 997//997 338//338 
f 891//891 336//336 893//893 
f 769//769 998//998 766//766 
f 138//138 957//957 191//191 
f 754//754 752//752 738//738 
f 999//999 1000//1000 1001//1001 
f 1002//1002 1003//1003 1004//1004 
f 1004//1004 1003//1003 1001//1001 
f 1004//1004 1001//1001 1000//1000 
f 1005//1005 1003//1003 1002//1002 
f 1003//1003 1006//1006 1001//1001 
f 468//468 469//469 190//190 
f 1007//1007 1003//1003 1005//1005 
f 1006//1006 1008//1008 1001//1001 
f 1008//1008 756//756 1001//1001 
f 756//756 742//742 1001//1001 
f 744//744 1001//1001 742//742 
f 1005//1005 1002//1002 1000//1000 
f 1002//1002 1004//1004 1000//1000 
f 1008//1008 1006//1006 1009//1009 
f 1010//1010 1009//1009 1006//1006 
f 1006//1006 1003//1003 1010//1010 
f 1007//1007 1011//1011 1003//1003 
f 1011//1011 1007//1007 1000//1000 
f 1007//1007 1005//1005 1000//1000 
f 1000//1000 1010//1010 1011//1011 
f 1003//1003 1011//1011 1010//1010 
f 1009//1009 757//757 756//756 
f 1009//1009 756//756 1008//1008 
f 728//728 1012//1012 944//944 
f 1009//1009 725//725 757//757 
f 1010//1010 725//725 1009//1009 
f 190//190 189//189 468//468 
f 1000//1000 713//713 1010//1010 
f 725//725 1010//1010 713//713 
f 1013//1013 774//774 880//880 
f 1014//1014 1015//1015 79//79 
f 749//749 964//964 879//879 
f 1016//1016 1017//1017 774//774 
f 739//739 881//881 774//774 
f 1018//1018 1019//1019 562//562 
f 1020//1020 1018//1018 441//441 
f 955//955 678//678 918//918 
f 479//479 509//509 177//177 
f 477//477 181//181 509//509 
f 619//619 173//173 171//171 
f 195//195 633//633 634//634 
f 874//874 873//873 171//171 
f 1015//1015 1021//1021 79//79 
f 918//918 724//724 996//996 
f 723//723 996//996 724//724 
f 182//182 184//184 186//186 
f 469//469 175//175 190//190 
f 403//403 1022//1022 1023//1023 
f 477//477 157//157 181//181 
f 1024//1024 989//989 988//988 
f 970//970 2//2 977//977 
f 902//902 191//191 957//957 
f 1//1 682//682 1025//1025 
f 1//1 3//3 976//976 
f 682//682 1//1 976//976 
f 975//975 680//680 976//976 
f 5//5 557//557 6//6 
f 1026//1026 7//7 565//565 
f 109//109 565//565 7//7 
f 558//558 7//7 1027//1027 
f 1026//1026 1027//1027 7//7 
f 1027//1027 404//404 558//558 
f 575//575 560//560 404//404 
f 1028//1028 1029//1029 963//963 
f 960//960 148//148 268//268 
f 1030//1030 83//83 963//963 
f 168//168 992//992 167//167 
f 169//169 1031//1031 168//168 
f 956//956 179//179 105//105 
f 1032//1032 1033//1033 963//963 
f 191//191 902//902 104//104 
f 137//137 958//958 138//138 
f 46//46 84//84 1034//1034 
f 958//958 137//137 143//143 
f 86//86 71//71 67//67 
f 805//805 142//142 259//259 
f 48//48 46//46 971//971 
f 1035//1035 1036//1036 1037//1037 
f 1038//1038 1037//1037 1036//1036 
f 1039//1039 1038//1038 1036//1036 
f 401//401 403//403 1023//1023 
f 1036//1036 1040//1040 1039//1039 
f 1041//1041 1039//1039 1040//1040 
f 101//101 103//103 135//135 
f 1040//1040 1042//1042 1041//1041 
f 1043//1043 1041//1041 1042//1042 
f 135//135 103//103 259//259 
f 805//805 259//259 103//103 
f 1027//1027 1026//1026 404//404 
f 1026//1026 565//565 404//404 
f 378//378 548//548 555//555 
f 108//108 150//150 109//109 
f 150//150 404//404 565//565 
f 558//558 404//404 560//560 
f 1030//1030 1000//1000 999//999 
f 548//548 378//378 377//377 
f 1044//1044 1045//1045 1046//1046 
f 1045//1045 1047//1047 1048//1048 
f 1045//1045 1048//1048 1046//1046 
f 1046//1046 1049//1049 1050//1050 
f 1030//1030 963//963 1000//1000 
f 713//713 1000//1000 963//963 
f 533//533 713//713 963//963 
f 1048//1048 1051//1051 1046//1046 
f 1049//1049 1046//1046 1051//1051 
f 1052//1052 1051//1051 1048//1048 
f 1053//1053 1001//1001 744//744 
f 1053//1053 744//744 1054//1054 
f 1052//1052 1048//1048 1055//1055 
f 754//754 738//738 1056//1056 
f 754//754 1057//1057 1058//1058 
f 1059//1059 754//754 1058//1058 
f 1056//1056 1057//1057 754//754 
f 1050//1050 1049//1049 1060//1060 
f 1049//1049 1051//1051 1061//1061 
f 1049//1049 1061//1061 1062//1062 
f 1063//1063 999//999 1054//1054 
f 1064//1064 1061//1061 1051//1051 
f 1064//1064 1051//1051 1052//1052 
f 551//551 1065//1065 377//377 
f 1066//1066 1064//1064 1052//1052 
f 1001//1001 1053//1053 999//999 
f 1054//1054 999//999 1053//1053 
f 1067//1067 1055//1055 1047//1047 
f 1055//1055 1067//1067 885//885 
f 745//745 1068//1068 746//746 
f 738//738 1068//1068 1056//1056 
f 1062//1062 1069//1069 1049//1049 
f 1069//1069 1060//1060 1049//1049 
f 1057//1057 98//98 1058//1058 
f 1058//1058 98//98 1059//1059 
f 1056//1056 98//98 1057//1057 
f 746//746 1068//1068 738//738 
f 1048//1048 1047//1047 1055//1055 
f 1070//1070 1052//1052 1055//1055 
f 1037//1037 1070//1070 1035//1035 
f 1071//1071 1072//1072 1073//1073 
f 1074//1074 1073//1073 1072//1072 
f 1055//1055 1035//1035 1070//1070 
f 1//1 1075//1075 4//4 
f 1076//1076 1075//1075 1077//1077 
f 1075//1075 1078//1078 1077//1077 
f 1076//1076 4//4 1075//1075 
f 1079//1079 1080//1080 1078//1078 
f 1081//1081 1024//1024 988//988 
f 1077//1077 1078//1078 1080//1080 
f 1082//1082 1083//1083 523//523 
f 522//522 1084//1084 523//523 
f 1085//1085 1086//1086 1087//1087 
f 1088//1088 1087//1087 539//539 
f 1089//1089 1090//1090 1087//1087 
f 1085//1085 1087//1087 1090//1090 
f 34//34 539//539 1091//1091 
f 1063//1063 1030//1030 999//999 
f 1080//1080 1092//1092 1093//1093 
f 1094//1094 1093//1093 1092//1092 
f 747//747 1068//1068 745//745 
f 1079//1079 1092//1092 1080//1080 
f 1094//1094 1095//1095 1093//1093 
f 1096//1096 1093//1093 1095//1095 
f 1097//1097 1066//1066 1052//1052 
f 1098//1098 1097//1097 1099//1099 
f 1100//1100 1097//1097 1101//1101 
f 1052//1052 1099//1099 1097//1097 
f 1102//1102 1097//1097 1100//1100 
f 1103//1103 1102//1102 1100//1100 
f 1103//1103 1104//1104 1102//1102 
f 1105//1105 1104//1104 1103//1103 
f 1100//1100 1106//1106 1105//1105 
f 1105//1105 1103//1103 1100//1100 
f 1105//1105 1106//1106 1104//1104 
f 1101//1101 1104//1104 1100//1100 
f 1106//1106 1100//1100 1104//1104 
f 1107//1107 1071//1071 1073//1073 
f 1108//1108 1037//1037 1109//1109 
f 1073//1073 1110//1110 1107//1107 
f 1111//1111 1112//1112 1113//1113 
f 1114//1114 1115//1115 1110//1110 
f 1042//1042 1116//1116 1043//1043 
f 1117//1117 1107//1107 1110//1110 
f 1118//1118 1119//1119 1037//1037 
f 1120//1120 1118//1118 1037//1037 
f 1121//1121 1122//1122 1123//1123 
f 1035//1035 1055//1055 885//885 
f 1123//1123 1124//1124 1121//1121 
f 1114//1114 1121//1121 1124//1124 
f 1125//1125 1120//1120 1038//1038 
f 1037//1037 1038//1038 1120//1120 
f 1125//1125 1038//1038 1039//1039 
f 1125//1125 1039//1039 1126//1126 
f 1124//1124 1115//1115 1114//1114 
f 1117//1117 1110//1110 1115//1115 
f 1126//1126 1039//1039 1041//1041 
f 1126//1126 1041//1041 1127//1127 
f 1127//1127 1041//1041 1043//1043 
f 1127//1127 1043//1043 1128//1128 
f 1072//1072 1129//1129 1074//1074 
f 1065//1065 1074//1074 1129//1129 
f 1130//1130 1131//1131 1132//1132 
f 1133//1133 1134//1134 1132//1132 
f 1043//1043 1135//1135 1128//1128 
f 894//894 1116//1116 1042//1042 
f 892//892 1042//1042 1040//1040 
f 1035//1035 885//885 1036//1036 
f 1036//1036 885//885 888//888 
f 890//890 1040//1040 888//888 
f 1036//1036 888//888 1040//1040 
f 890//890 892//892 1040//1040 
f 892//892 894//894 1042//1042 
f 1095//1095 1136//1136 1096//1096 
f 1137//1137 1138//1138 1136//1136 
f 1138//1138 1096//1096 1136//1136 
f 1138//1138 1137//1137 1139//1139 
f 1091//1091 1140//1140 1089//1089 
f 390//390 1091//1091 1089//1089 
f 401//401 1023//1023 1141//1141 
f 1137//1137 124//124 1139//1139 
f 1142//1142 528//528 1141//1141 
f 1143//1143 820//820 721//721 
f 1141//1141 1143//1143 721//721 
f 1144//1144 1139//1139 124//124 
f 1145//1145 528//528 1142//1142 
f 1146//1146 528//528 1145//1145 
f 1142//1142 1141//1141 721//721 
f 1145//1145 1142//1142 721//721 
f 528//528 401//401 1141//1141 
f 1143//1143 1141//1141 1023//1023 
f 1147//1147 1143//1143 1023//1023 
f 1023//1023 1148//1148 1147//1147 
f 1146//1146 1145//1145 721//721 
f 1146//1146 1149//1149 528//528 
f 1149//1149 1146//1146 721//721 
f 1150//1150 1151//1151 1152//1152 
f 721//721 528//528 1149//1149 
f 1148//1148 1153//1153 1147//1147 
f 1037//1037 1154//1154 1155//1155 
f 1037//1037 1155//1155 1156//1156 
f 1037//1037 1156//1156 1157//1157 
f 1037//1037 1157//1157 1070//1070 
f 1158//1158 1052//1052 1159//1159 
f 1070//1070 1159//1159 1052//1052 
f 1160//1160 1022//1022 730//730 
f 1160//1160 1153//1153 1022//1022 
f 1148//1148 1023//1023 1022//1022 
f 1153//1153 1148//1148 1022//1022 
f 845//845 844//844 1161//1161 
f 1153//1153 1160//1160 1147//1147 
f 1160//1160 730//730 1147//1147 
f 730//730 755//755 1147//1147 
f 1144//1144 122//122 1162//1162 
f 122//122 1144//1144 124//124 
f 755//755 527//527 1147//1147 
f 1147//1147 527//527 758//758 
f 1162//1162 122//122 305//305 
f 1147//1147 758//758 1163//1163 
f 1147//1147 1163//1163 1164//1164 
f 1147//1147 1164//1164 32//32 
f 1164//1164 860//860 32//32 
f 1163//1163 860//860 1164//1164 
f 1161//1161 1152//1152 845//845 
f 1163//1163 758//758 860//860 
f 111//111 305//305 122//122 
f 1165//1165 1166//1166 1081//1081 
f 1165//1165 1081//1081 988//988 
f 988//988 1083//1083 34//34 
f 34//34 1165//1165 988//988 
f 32//32 1167//1167 1165//1165 
f 1167//1167 860//860 1166//1166 
f 32//32 860//860 1167//1167 
f 860//860 1081//1081 1166//1166 
f 766//766 764//764 769//769 
f 111//111 410//410 305//305 
f 407//407 305//305 410//410 
f 490//490 407//407 410//410 
f 410//410 493//493 490//490 
f 490//490 493//493 500//500 
f 511//511 500//500 493//493 
f 529//529 541//541 511//511 
f 529//529 781//781 541//541 
f 500//500 511//511 541//541 
f 1052//1052 1168//1168 1169//1169 
f 1169//1169 1170//1170 1052//1052 
f 1168//1168 1052//1052 1158//1158 
f 1170//1170 1171//1171 1052//1052 
f 1172//1172 1099//1099 1052//1052 
f 1172//1172 1052//1052 1173//1173 
f 1171//1171 1173//1173 1052//1052 
f 1174//1174 99//99 1175//1175 
f 748//748 1068//1068 747//747 
f 1101//1101 1097//1097 1098//1098 
f 1176//1176 1177//1177 1119//1119 
f 1178//1178 1177//1177 1176//1176 
f 1179//1179 1177//1177 1178//1178 
f 1176//1176 1180//1180 1178//1178 
f 1181//1181 1177//1177 1179//1179 
f 1177//1177 1182//1182 1119//1119 
f 1182//1182 1183//1183 1119//1119 
f 1037//1037 1119//1119 1183//1183 
f 1183//1183 1184//1184 1037//1037 
f 1184//1184 1185//1185 1037//1037 
f 1185//1185 1113//1113 1037//1037 
f 1186//1186 1184//1184 1183//1183 
f 1113//1113 1187//1187 1037//1037 
f 1108//1108 1154//1154 1037//1037 
f 1184//1184 1186//1186 1185//1185 
f 1187//1187 1109//1109 1037//1037 
f 1188//1188 1150//1150 1152//1152 
f 1161//1161 1188//1188 1152//1152 
f 1189//1189 1150//1150 1188//1188 
f 1190//1190 1150//1150 1189//1189 
f 1188//1188 1161//1161 1189//1189 
f 1191//1191 1150//1150 1190//1190 
f 845//845 1152//1152 1151//1151 
f 1189//1189 1161//1161 1190//1190 
f 1192//1192 1193//1193 856//856 
f 840//840 845//845 1151//1151 
f 1151//1151 1192//1192 840//840 
f 856//856 840//840 1192//1192 
f 1190//1190 1161//1161 1191//1191 
f 1161//1161 1150//1150 1191//1191 
f 744//744 1194//1194 1054//1054 
f 1195//1195 1054//1054 1194//1194 
f 1195//1195 1194//1194 1196//1196 
f 1194//1194 1197//1197 1196//1196 
f 1198//1198 1196//1196 1197//1197 
f 1174//1174 1199//1199 1059//1059 
f 1198//1198 1197//1197 1200//1200 
f 1201//1201 1200//1200 1197//1197 
f 1197//1197 362//362 1201//1201 
f 1202//1202 1201//1201 362//362 
f 1199//1199 1175//1175 1203//1203 
f 1204//1204 1205//1205 1203//1203 
f 1206//1206 1207//1207 856//856 
f 1193//1193 1206//1206 856//856 
f 1174//1174 1175//1175 1199//1199 
f 754//754 1059//1059 1199//1199 
f 422//422 1202//1202 362//362 
f 361//361 132//132 429//429 
f 1208//1208 1193//1193 1192//1192 
f 1205//1205 1209//1209 132//132 
f 1205//1205 132//132 361//361 
f 1204//1204 1209//1209 1205//1205 
f 1199//1199 1203//1203 1205//1205 
f 1102//1102 1104//1104 1097//1097 
f 1200//1200 1201//1201 1210//1210 
f 426//426 1210//1210 1201//1201 
f 1063//1063 1196//1196 1210//1210 
f 1196//1196 1198//1198 1210//1210 
f 1200//1200 1210//1210 1198//1198 
f 1208//1208 1206//1206 1193//1193 
f 1054//1054 1195//1195 1063//1063 
f 1196//1196 1063//1063 1195//1195 
f 1211//1211 856//856 1212//1212 
f 1207//1207 1212//1212 856//856 
f 772//772 774//774 1017//1017 
f 1175//1175 99//99 1203//1203 
f 1059//1059 98//98 1174//1174 
f 1209//1209 62//62 132//132 
f 1213//1213 1123//1123 1020//1020 
f 1201//1201 1202//1202 426//426 
f 1202//1202 422//422 426//426 
f 422//422 421//421 426//426 
f 562//562 441//441 1018//1018 
f 1203//1203 99//99 1204//1204 
f 429//429 132//132 157//157 
f 1204//1204 62//62 1209//1209 
f 431//431 86//86 426//426 
f 971//971 1210//1210 426//426 
f 971//971 426//426 85//85 
f 545//545 1018//1018 1020//1020 
f 1034//1034 1063//1063 1210//1210 
f 1034//1034 1210//1210 971//971 
f 1063//1063 1034//1034 1030//1030 
f 1214//1214 562//562 1019//1019 
f 1215//1215 1216//1216 1217//1217 
f 1218//1218 1217//1217 1216//1216 
f 1219//1219 1218//1218 1216//1216 
f 834//834 285//285 835//835 
f 835//835 300//300 1220//1220 
f 1221//1221 1222//1222 1223//1223 
f 1224//1224 1225//1225 1159//1159 
f 1223//1223 1219//1219 1221//1221 
f 833//833 832//832 836//836 
f 836//836 1226//1226 830//830 
f 1227//1227 1223//1223 1222//1222 
f 1228//1228 274//274 1229//1229 
f 273//273 1229//1229 274//274 
f 1230//1230 1134//1134 1231//1231 
f 1232//1232 1230//1230 1231//1231 
f 1233//1233 1234//1234 1235//1235 
f 1235//1235 1236//1236 1233//1233 
f 1237//1237 1235//1235 1234//1234 
f 1231//1231 1238//1238 1232//1232 
f 1239//1239 1232//1232 1238//1238 
f 781//781 754//754 744//744 
f 273//273 272//272 293//293 
f 273//273 293//293 520//520 
f 1240//1240 1241//1241 1242//1242 
f 1242//1242 1243//1243 1239//1239 
f 1244//1244 1245//1245 273//273 
f 1229//1229 273//273 1246//1246 
f 779//779 781//781 744//744 
f 273//273 520//520 1244//1244 
f 1245//1245 1246//1246 273//273 
f 1229//1229 1246//1246 340//340 
f 1232//1232 1239//1239 1243//1243 
f 1247//1247 1234//1234 521//521 
f 519//519 521//521 1234//1234 
f 1230//1230 1248//1248 1132//1132 
f 1249//1249 519//519 1234//1234 
f 1249//1249 1234//1234 1233//1233 
f 781//781 779//779 541//541 
f 1134//1134 1230//1230 1132//1132 
f 1249//1249 1233//1233 341//341 
f 1250//1250 341//341 1233//1233 
f 754//754 1199//1199 744//744 
f 1194//1194 744//744 1199//1199 
f 520//520 519//519 1244//1244 
f 1199//1199 1205//1205 1194//1194 
f 1197//1197 1194//1194 1205//1205 
f 1205//1205 361//361 1197//1197 
f 362//362 1197//1197 361//361 
f 292//292 521//521 293//293 
f 1245//1245 519//519 1246//1246 
f 293//293 521//521 520//520 
f 721//721 821//821 291//291 
f 291//291 821//821 292//292 
f 1244//1244 519//519 1245//1245 
f 519//519 1249//1249 1246//1246 
f 1249//1249 341//341 340//340 
f 340//340 1246//1246 1249//1249 
f 1019//1019 1018//1018 545//545 
f 1215//1215 1217//1217 1251//1251 
f 1237//1237 1217//1217 1235//1235 
f 1218//1218 1235//1235 1217//1217 
f 1237//1237 1251//1251 1217//1217 
f 274//274 1228//1228 300//300 
f 1223//1223 1227//1227 1252//1252 
f 1219//1219 1223//1223 1218//1218 
f 1253//1253 1252//1252 1227//1227 
f 1236//1236 1252//1252 1254//1254 
f 1253//1253 1255//1255 1254//1254 
f 1253//1253 1254//1254 1252//1252 
f 1235//1235 1218//1218 1236//1236 
f 1252//1252 1236//1236 1218//1218 
f 1256//1256 562//562 1214//1214 
f 1253//1253 1227//1227 1257//1257 
f 1252//1252 1218//1218 1223//1223 
f 832//832 834//834 1216//1216 
f 1255//1255 1258//1258 1254//1254 
f 1259//1259 994//994 586//586 
f 1250//1250 1233//1233 1236//1236 
f 1254//1254 1260//1260 1236//1236 
f 1250//1250 1260//1260 1261//1261 
f 586//586 965//965 1259//1259 
f 1262//1262 341//341 1250//1250 
f 1261//1261 1262//1262 1250//1250 
f 1263//1263 243//243 1261//1261 
f 339//339 1262//1262 243//243 
f 1135//1135 1264//1264 1265//1265 
f 1261//1261 243//243 1262//1262 
f 341//341 1262//1262 339//339 
f 866//866 856//856 1266//1266 
f 198//198 221//221 199//199 
f 199//199 247//247 243//243 
f 1211//1211 1266//1266 856//856 
f 1267//1267 1265//1265 1264//1264 
f 866//866 1268//1268 868//868 
f 248//248 221//221 198//198 
f 146//146 244//244 248//248 
f 145//145 244//244 146//146 
f 205//205 207//207 145//145 
f 244//244 145//145 207//207 
f 162//162 248//248 244//244 
f 221//221 248//248 162//162 
f 247//247 199//199 221//221 
f 339//339 243//243 247//247 
f 1268//1268 866//866 924//924 
f 1257//1257 1269//1269 1253//1253 
f 1166//1166 1270//1270 1167//1167 
f 1208//1208 1207//1207 1206//1206 
f 536//536 812//812 34//34 
f 1084//1084 522//522 34//34 
f 1082//1082 34//34 1083//1083 
f 536//536 34//34 522//522 
f 1084//1084 34//34 1082//1082 
f 1082//1082 523//523 1084//1084 
f 988//988 523//523 1083//1083 
f 811//811 34//34 812//812 
f 811//811 537//537 34//34 
f 1271//1271 1091//1091 539//539 
f 1272//1272 1273//1273 128//128 
f 537//537 539//539 34//34 
f 1271//1271 1087//1087 1086//1086 
f 539//539 1087//1087 1271//1271 
f 1274//1274 1270//1270 1275//1275 
f 1276//1276 1277//1277 1167//1167 
f 1165//1165 1270//1270 1166//1166 
f 1165//1165 1167//1167 1275//1275 
f 1278//1278 1279//1279 1280//1280 
f 1167//1167 1270//1270 1276//1276 
f 1281//1281 1276//1276 1270//1270 
f 1270//1270 1274//1274 1281//1281 
f 1165//1165 1275//1275 1270//1270 
f 1274//1274 1275//1275 1282//1282 
f 1277//1277 1281//1281 1275//1275 
f 1282//1282 1275//1275 1281//1281 
f 1283//1283 1274//1274 1282//1282 
f 1283//1283 1282//1282 1281//1281 
f 1284//1284 1285//1285 1132//1132 
f 1281//1281 1274//1274 1283//1283 
f 1286//1286 1287//1287 1288//1288 
f 1289//1289 1286//1286 1288//1288 
f 1277//1277 1275//1275 1167//1167 
f 1290//1290 1291//1291 1043//1043 
f 1264//1264 1043//1043 1291//1291 
f 1277//1277 1276//1276 1281//1281 
f 1086//1086 1091//1091 1271//1271 
f 1085//1085 1091//1091 1086//1086 
f 1292//1292 1140//1140 1085//1085 
f 1140//1140 1091//1091 1085//1085 
f 1140//1140 1292//1292 1089//1089 
f 1090//1090 1292//1292 1085//1085 
f 1273//1273 1293//1293 128//128 
f 129//129 128//128 1293//1293 
f 1292//1292 1090//1090 1089//1089 
f 1280//1280 1294//1294 1278//1278 
f 1272//1272 1278//1278 1294//1294 
f 1295//1295 1296//1296 1297//1297 
f 1294//1294 1273//1273 1272//1272 
f 129//129 1293//1293 1298//1298 
f 1135//1135 1043//1043 1264//1264 
f 1291//1291 1267//1267 1264//1264 
f 1291//1291 1290//1290 1267//1267 
f 1248//1248 1299//1299 1132//1132 
f 1232//1232 1243//1243 1230//1230 
f 1243//1243 1241//1241 1230//1230 
f 1241//1241 1300//1300 1230//1230 
f 1300//1300 1287//1287 1230//1230 
f 1243//1243 1242//1242 1241//1241 
f 1286//1286 1301//1301 1230//1230 
f 1287//1287 1286//1286 1230//1230 
f 1302//1302 1288//1288 1287//1287 
f 1248//1248 1230//1230 1301//1301 
f 1301//1301 1303//1303 1248//1248 
f 1303//1303 1304//1304 1248//1248 
f 171//171 78//78 79//79 
f 1303//1303 1301//1301 1305//1305 
f 1289//1289 1305//1305 1301//1301 
f 1306//1306 1248//1248 1304//1304 
f 1304//1304 1303//1303 1307//1307 
f 1305//1305 1307//1307 1303//1303 
f 1253//1253 1269//1269 1308//1308 
f 1307//1307 1309//1309 1304//1304 
f 1269//1269 1310//1310 1308//1308 
f 1311//1311 1308//1308 1310//1310 
f 1301//1301 1286//1286 1289//1289 
f 1312//1312 1302//1302 1287//1287 
f 1312//1312 1287//1287 1300//1300 
f 1240//1240 1312//1312 1300//1300 
f 1240//1240 1300//1300 1241//1241 
f 819//819 1313//1313 1310//1310 
f 1311//1311 1310//1310 1313//1313 
f 1314//1314 1132//1132 1285//1285 
f 657//657 1315//1315 819//819 
f 1313//1313 819//819 1315//1315 
f 1316//1316 1317//1317 637//637 
f 1225//1225 1318//1318 1159//1159 
f 834//834 835//835 1216//1216 
f 1319//1319 1320//1320 1321//1321 
f 1322//1322 1320//1320 1284//1284 
f 657//657 637//637 1315//1315 
f 1315//1315 637//637 1317//1317 
f 1322//1322 1284//1284 1132//1132 
f 598//598 1317//1317 1316//1316 
f 1323//1323 1319//1319 1321//1321 
f 597//597 1324//1324 598//598 
f 1317//1317 598//598 1324//1324 
f 1323//1323 1321//1321 1132//1132 
f 1325//1325 1319//1319 1323//1323 
f 1324//1324 601//601 1326//1326 
f 601//601 1327//1327 1326//1326 
f 1327//1327 1328//1328 1326//1326 
f 1321//1321 1322//1322 1132//1132 
f 601//601 1324//1324 597//597 
f 1328//1328 618//618 1329//1329 
f 1325//1325 1299//1299 1319//1319 
f 618//618 566//566 1329//1329 
f 1323//1323 1132//1132 1325//1325 
f 1299//1299 1325//1325 1132//1132 
f 1329//1329 1326//1326 1328//1328 
f 566//566 1330//1330 1329//1329 
f 345//345 1329//1329 1331//1331 
f 462//462 461//461 345//345 
f 1306//1306 1319//1319 1248//1248 
f 1299//1299 1248//1248 1319//1319 
f 1309//1309 1319//1319 1306//1306 
f 1306//1306 1304//1304 1309//1309 
f 1133//1133 1132//1132 1131//1131 
f 1327//1327 614//614 1328//1328 
f 597//597 599//599 601//601 
f 601//601 614//614 1327//1327 
f 1328//1328 614//614 618//618 
f 618//618 595//595 566//566 
f 566//566 563//563 1332//1332 
f 436//436 344//344 445//445 
f 1332//1332 563//563 481//481 
f 1266//1266 1333//1333 866//866 
f 1332//1332 1330//1330 566//566 
f 545//545 1256//1256 1214//1214 
f 1214//1214 1019//1019 545//545 
f 1332//1332 481//481 1330//1330 
f 1334//1334 1329//1329 1330//1330 
f 483//483 1329//1329 1334//1334 
f 482//482 1329//1329 483//483 
f 1331//1331 1329//1329 482//482 
f 545//545 1335//1335 1256//1256 
f 1176//1176 1119//1119 1180//1180 
f 451//451 447//447 345//345 
f 1179//1179 1178//1178 1180//1180 
f 1179//1179 1180//1180 1181//1181 
f 345//345 1331//1331 462//462 
f 1181//1181 1180//1180 1177//1177 
f 1331//1331 482//482 462//462 
f 545//545 966//966 1335//1335 
f 1183//1183 1182//1182 1186//1186 
f 1334//1334 1330//1330 462//462 
f 1330//1330 481//481 462//462 
f 483//483 1334//1334 462//462 
f 610//610 599//599 598//598 
f 1224//1224 1159//1159 1070//1070 
f 1336//1336 1335//1335 966//966 
f 831//831 830//830 1226//1226 
f 1337//1337 1336//1336 966//966 
f 966//966 545//545 965//965 
f 1337//1337 562//562 1336//1336 
f 966//966 1338//1338 1337//1337 
f 1336//1336 562//562 1335//1335 
f 1256//1256 1335//1335 562//562 
f 1337//1337 1338//1338 562//562 
f 562//562 1338//1338 585//585 
f 966//966 585//585 1338//1338 
f 994//994 545//545 903//903 
f 1259//1259 545//545 994//994 
f 1259//1259 965//965 545//545 
f 903//903 545//545 995//995 
f 995//995 545//545 996//996 
f 996//996 545//545 918//918 
f 828//828 817//817 1310//1310 
f 197//197 196//196 634//634 
f 203//203 197//197 641//641 
f 915//915 914//914 545//545 
f 629//629 1316//1316 635//635 
f 545//545 919//919 915//915 
f 914//914 955//955 545//545 
f 955//955 918//918 545//545 
f 823//823 828//828 1310//1310 
f 919//919 545//545 1339//1339 
f 543//543 1339//1339 545//545 
f 679//679 919//919 1339//1339 
f 1340//1340 826//826 824//824 
f 64//64 157//157 63//63 
f 679//679 1339//1339 543//543 
f 824//824 823//823 1269//1269 
f 1341//1341 546//546 1342//1342 
f 959//959 1342//1342 546//546 
f 1273//1273 1294//1294 1343//1343 
f 1294//1294 1280//1280 1343//1343 
f 1293//1293 1273//1273 1343//1343 
f 628//628 1316//1316 629//629 
f 1290//1290 1343//1343 1280//1280 
f 1280//1280 1296//1296 1290//1290 
f 1296//1296 1295//1295 1290//1290 
f 1296//1296 1280//1280 1279//1279 
f 868//868 1268//1268 1344//1344 
f 868//868 1344//1344 1345//1345 
f 1345//1345 1346//1346 868//868 
f 1267//1267 1295//1295 1297//1297 
f 1279//1279 1297//1297 1296//1296 
f 1268//1268 924//924 1344//1344 
f 1346//1346 1347//1347 868//868 
f 1347//1347 1348//1348 868//868 
f 1267//1267 1290//1290 1295//1295 
f 1349//1349 1350//1350 868//868 
f 1350//1350 1351//1351 868//868 
f 1352//1352 1353//1353 1354//1354 
f 1355//1355 1349//1349 1356//1356 
f 1356//1356 1349//1349 868//868 
f 1348//1348 1356//1356 868//868 
f 1356//1356 1348//1348 1355//1355 
f 1355//1355 1348//1348 1347//1347 
f 1357//1357 1352//1352 1351//1351 
f 1358//1358 1359//1359 1357//1357 
f 1352//1352 1360//1360 1351//1351 
f 628//628 610//610 598//598 
f 598//598 1316//1316 628//628 
f 1353//1353 1352//1352 1357//1357 
f 1359//1359 1353//1353 1357//1357 
f 1127//1127 1128//1128 1265//1265 
f 1361//1361 1358//1358 1357//1357 
f 1361//1361 1354//1354 1358//1358 
f 1361//1361 1357//1357 1362//1362 
f 1344//1344 924//924 1345//1345 
f 1359//1359 1354//1354 1353//1353 
f 232//232 1363//1363 224//224 
f 1362//1362 1354//1354 1361//1361 
f 1359//1359 1358//1358 1354//1354 
f 225//225 222//222 1363//1363 
f 1354//1354 1362//1362 1357//1357 
f 473//473 376//376 232//232 
f 1360//1360 1364//1364 1351//1351 
f 1365//1365 1043//1043 1366//1366 
f 222//222 224//224 1363//1363 
f 1367//1367 411//411 496//496 
f 1360//1360 1352//1352 1354//1354 
f 1368//1368 496//496 287//287 
f 1366//1366 1368//1368 287//287 
f 1369//1369 1365//1365 287//287 
f 1366//1366 287//287 1365//1365 
f 1329//1329 345//345 848//848 
f 113//113 1370//1370 323//323 
f 287//287 323//323 1369//1369 
f 1371//1371 1372//1372 1373//1373 
f 228//228 226//226 1374//1374 
f 1373//1373 1375//1375 1374//1374 
f 1368//1368 1366//1366 1043//1043 
f 1043//1043 1376//1376 1367//1367 
f 1310//1310 817//817 819//819 
f 186//186 648//648 182//182 
f 637//637 635//635 1316//1316 
f 187//187 183//183 654//654 
f 654//654 413//413 187//187 
f 659//659 660//660 657//657 
f 460//460 468//468 189//189 
f 634//634 641//641 197//197 
f 203//203 641//641 204//204 
f 460//460 189//189 188//188 
f 542//542 387//387 547//547 
f 819//819 659//659 657//657 
f 909//909 1017//1017 1016//1016 
f 909//909 1377//1377 1017//1017 
f 177//177 176//176 479//479 
f 1310//1310 1269//1269 823//823 
f 1219//1219 1216//1216 835//835 
f 835//835 1220//1220 1219//1219 
f 1220//1220 300//300 1221//1221 
f 1378//1378 1221//1221 300//300 
f 175//175 469//469 480//480 
f 176//176 175//175 480//480 
f 1379//1379 1222//1222 1378//1378 
f 1221//1221 1378//1378 1222//1222 
f 192//192 178//178 509//509 
f 1257//1257 1227//1227 1340//1340 
f 192//192 509//509 181//181 
f 1378//1378 826//826 1340//1340 
f 1378//1378 1340//1340 1379//1379 
f 1340//1340 824//824 1257//1257 
f 1269//1269 1257//1257 824//824 
f 1379//1379 1340//1340 1227//1227 
f 1220//1220 1221//1221 1219//1219 
f 1222//1222 1379//1379 1227//1227 
f 497//497 912//912 910//910 
f 485//485 910//910 547//547 
f 1380//1380 1381//1381 911//911 
f 911//911 1381//1381 1382//1382 
f 909//909 911//911 1377//1377 
f 1383//1383 1377//1377 911//911 
f 648//648 183//183 182//182 
f 911//911 1382//1382 1383//1383 
f 648//648 654//654 183//183 
f 1216//1216 836//836 832//832 
f 1250//1250 1236//1236 1260//1260 
f 1384//1384 1385//1385 1255//1255 
f 1260//1260 1254//1254 1258//1258 
f 1258//1258 1255//1255 1385//1385 
f 413//413 59//59 187//187 
f 1161//1161 847//847 1386//1386 
f 413//413 664//664 59//59 
f 1387//1387 1386//1386 847//847 
f 1380//1380 847//847 1381//1381 
f 1382//1382 847//847 1383//1383 
f 480//480 478//478 176//176 
f 177//177 509//509 178//178 
f 1377//1377 847//847 1017//1017 
f 1383//1383 847//847 1377//1377 
f 497//497 910//910 485//485 
f 78//78 171//171 76//76 
f 1380//1380 1387//1387 847//847 
f 619//619 621//621 173//173 
f 1381//1381 847//847 1382//1382 
f 1363//1363 1374//1374 225//225 
f 195//195 634//634 196//196 
f 953//953 967//967 1388//1388 
f 894//894 953//953 1388//1388 
f 911//911 913//913 1380//1380 
f 951//951 336//336 952//952 
f 1389//1389 1388//1388 967//967 
f 1389//1389 1390//1390 1388//1388 
f 1119//1119 1118//1118 1180//1180 
f 1391//1391 1392//1392 913//913 
f 913//913 1392//1392 1393//1393 
f 913//913 1386//1386 1387//1387 
f 1387//1387 1380//1380 913//913 
f 913//913 1393//1393 1386//1386 
f 1386//1386 1393//1393 1161//1161 
f 231//231 472//472 232//232 
f 472//472 473//473 232//232 
f 513//513 912//912 497//497 
f 1394//1394 1385//1385 1395//1395 
f 1384//1384 1395//1395 1385//1385 
f 1396//1396 1394//1394 1395//1395 
f 917//917 1391//1391 913//913 
f 1263//1263 1261//1261 1260//1260 
f 1397//1397 1263//1263 1260//1260 
f 1397//1397 1260//1260 1258//1258 
f 1398//1398 1397//1397 1258//1258 
f 1398//1398 1258//1258 1385//1385 
f 257//257 1398//1398 1385//1385 
f 257//257 1385//1385 1394//1394 
f 1399//1399 257//257 1394//1394 
f 1399//1399 1394//1394 1396//1396 
f 1391//1391 1161//1161 1392//1392 
f 1396//1396 1400//1400 1399//1399 
f 1390//1390 997//997 1388//1388 
f 1401//1401 550//550 1402//1402 
f 226//226 225//225 1374//1374 
f 230//230 229//229 1374//1374 
f 1388//1388 997//997 1403//1403 
f 1404//1404 1403//1403 997//997 
f 1405//1405 1406//1406 1404//1404 
f 1403//1403 1404//1404 1406//1406 
f 228//228 1374//1374 229//229 
f 1131//1131 1407//1407 1133//1133 
f 1133//1133 1407//1407 1134//1134 
f 1372//1372 1371//1371 1408//1408 
f 1409//1409 1410//1410 1405//1405 
f 1231//1231 1134//1134 1407//1407 
f 1410//1410 1406//1406 1405//1405 
f 1231//1231 1407//1407 1238//1238 
f 1409//1409 1411//1411 1410//1410 
f 82//82 1410//1410 1411//1411 
f 1411//1411 1033//1033 82//82 
f 1033//1033 1032//1032 82//82 
f 1032//1032 1029//1029 82//82 
f 1029//1029 1028//1028 82//82 
f 1412//1412 1413//1413 1414//1414 
f 417//417 516//516 1405//1405 
f 1405//1405 1404//1404 417//417 
f 406//406 417//417 1404//1404 
f 1409//1409 1405//1405 516//516 
f 1411//1411 1409//1409 963//963 
f 1415//1415 1416//1416 270//270 
f 1034//1034 971//971 46//46 
f 49//49 48//48 971//971 
f 271//271 270//270 1416//1416 
f 967//967 338//338 1389//1389 
f 1416//1416 1415//1415 1417//1417 
f 1342//1342 959//959 719//719 
f 1315//1315 1418//1418 1395//1395 
f 1341//1341 1342//1342 719//719 
f 1389//1389 338//338 1390//1390 
f 264//264 263//263 1398//1398 
f 543//543 546//546 1419//1419 
f 1341//1341 1419//1419 546//546 
f 1255//1255 1253//1253 1308//1308 
f 1311//1311 1255//1255 1308//1308 
f 1419//1419 719//719 543//543 
f 719//719 1419//1419 1341//1341 
f 1384//1384 1255//1255 1311//1311 
f 1311//1311 1313//1313 1384//1384 
f 1395//1395 1384//1384 1313//1313 
f 959//959 546//546 1420//1420 
f 727//727 1420//1420 1421//1421 
f 1395//1395 1313//1313 1315//1315 
f 1420//1420 727//727 959//959 
f 1422//1422 867//867 868//868 
f 1097//1097 1104//1104 1066//1066 
f 868//868 1423//1423 1422//1422 
f 1423//1423 1424//1424 1422//1422 
f 1395//1395 1418//1418 1396//1396 
f 1424//1424 1425//1425 1426//1426 
f 1418//1418 1426//1426 1425//1425 
f 1425//1425 1396//1396 1418//1418 
f 1421//1421 546//546 1012//1012 
f 1012//1012 546//546 944//944 
f 1427//1427 1422//1422 1424//1424 
f 1426//1426 1427//1427 1424//1424 
f 1012//1012 728//728 1421//1421 
f 1428//1428 1429//1429 868//868 
f 868//868 1364//1364 1428//1428 
f 727//727 1421//1421 728//728 
f 1120//1120 1180//1180 1118//1118 
f 867//867 1422//1422 1329//1329 
f 1430//1430 1431//1431 1423//1423 
f 1429//1429 1430//1430 1423//1423 
f 1429//1429 1423//1423 868//868 
f 1396//1396 1425//1425 1400//1400 
f 1432//1432 1400//1400 1425//1425 
f 1433//1433 1432//1432 1425//1425 
f 1433//1433 1425//1425 1424//1424 
f 964//964 546//546 879//879 
f 1431//1431 1433//1433 1424//1424 
f 1431//1431 1424//1424 1423//1423 
f 1426//1426 1317//1317 1427//1427 
f 1426//1426 1418//1418 1315//1315 
f 1390//1390 338//338 997//997 
f 944//944 546//546 964//964 
f 1364//1364 1354//1354 1428//1428 
f 516//516 963//963 1409//1409 
f 927//927 1434//1434 881//881 
f 879//879 1434//1434 927//927 
f 1426//1426 1315//1315 1317//1317 
f 1324//1324 1326//1326 1427//1427 
f 1427//1427 1317//1317 1324//1324 
f 1028//1028 1435//1435 82//82 
f 1435//1435 83//83 82//82 
f 1422//1422 1326//1326 1329//1329 
f 1422//1422 1427//1427 1326//1326 
f 997//997 406//406 1404//1404 
f 1367//1367 496//496 1043//1043 
f 868//868 1351//1351 1364//1364 
f 1329//1329 848//848 867//867 
f 1343//1343 1043//1043 1365//1365 
f 1360//1360 1354//1354 1364//1364 
f 1298//1298 1436//1436 119//119 
f 119//119 1437//1437 1438//1438 
f 1290//1290 1043//1043 1343//1343 
f 1412//1412 1439//1439 1417//1417 
f 1416//1416 1417//1417 1440//1440 
f 1414//1414 1439//1439 1412//1412 
f 496//496 1368//1368 1043//1043 
f 1440//1440 1417//1417 1439//1439 
f 1388//1388 1116//1116 894//894 
f 414//414 416//416 420//420 
f 1365//1365 1370//1370 1343//1343 
f 1370//1370 1365//1365 1369//1369 
f 1369//1369 323//323 1370//1370 
f 1343//1343 1370//1370 1441//1441 
f 1441//1441 1437//1437 1343//1343 
f 1370//1370 113//113 1441//1441 
f 1441//1441 113//113 1438//1438 
f 1437//1437 1436//1436 1343//1343 
f 1437//1437 119//119 1436//1436 
f 1436//1436 1293//1293 1343//1343 
f 1298//1298 1293//1293 1436//1436 
f 1438//1438 1437//1437 1441//1441 
f 1442//1442 880//880 1434//1434 
f 1420//1420 546//546 1421//1421 
f 1434//1434 879//879 546//546 
f 1443//1443 1444//1444 1445//1445 
f 1446//1446 1447//1447 1445//1445 
f 1448//1448 1445//1445 1447//1447 
f 1449//1449 1448//1448 1450//1450 
f 1447//1447 1450//1450 1448//1448 
f 1442//1442 1434//1434 774//774 
f 1446//1446 1445//1445 1444//1444 
f 419//419 1451//1451 420//420 
f 1452//1452 1013//1013 1442//1442 
f 1453//1453 420//420 1451//1451 
f 1450//1450 1453//1453 1449//1449 
f 1451//1451 1449//1449 1453//1453 
f 1443//1443 1454//1454 1455//1455 
f 1455//1455 1444//1444 1443//1443 
f 1413//1413 1455//1455 1414//1414 
f 1454//1454 1414//1414 1455//1455 
f 881//881 739//739 927//927 
f 270//270 276//276 1456//1456 
f 282//282 1457//1457 275//275 
f 1458//1458 1459//1459 1412//1412 
f 1452//1452 1460//1460 1013//1013 
f 880//880 1442//1442 1013//1013 
f 881//881 1434//1434 880//880 
f 1412//1412 1461//1461 1462//1462 
f 1458//1458 1412//1412 1462//1462 
f 1463//1463 1462//1462 1461//1461 
f 1462//1462 1463//1463 1458//1458 
f 1459//1459 1458//1458 1463//1463 
f 1452//1452 1442//1442 774//774 
f 1464//1464 1465//1465 1412//1412 
f 1466//1466 1467//1467 1456//1456 
f 1467//1467 1468//1468 1456//1456 
f 402//402 720//720 271//271 
f 276//276 275//275 1457//1457 
f 774//774 1013//1013 1460//1460 
f 1128//1128 1135//1135 1265//1265 
f 1469//1469 1467//1467 1466//1466 
f 1470//1470 1467//1467 1469//1469 
f 1267//1267 1297//1297 1265//1265 
f 1456//1456 276//276 1457//1457 
f 1466//1466 1456//1456 1457//1457 
f 1471//1471 1467//1467 1470//1470 
f 1472//1472 1473//1473 720//720 
f 383//383 544//544 1474//1474 
f 1468//1468 1475//1475 1456//1456 
f 270//270 1456//1456 1475//1475 
f 1476//1476 1477//1477 720//720 
f 1477//1477 1472//1472 720//720 
f 1469//1469 1466//1466 1457//1457 
f 1470//1470 1469//1469 1457//1457 
f 1478//1478 721//721 1476//1476 
f 1321//1321 1320//1320 1322//1322 
f 1468//1468 1467//1467 1479//1479 
f 1480//1480 1479//1479 1467//1467 
f 1471//1471 1481//1481 1467//1467 
f 720//720 1478//1478 1476//1476 
f 1471//1471 1470//1470 1457//1457 
f 1481//1481 1471//1471 1457//1457 
f 1457//1457 1480//1480 1481//1481 
f 1467//1467 1481//1481 1480//1480 
f 1475//1475 1482//1482 270//270 
f 402//402 271//271 403//403 
f 1475//1475 1468//1468 1483//1483 
f 1479//1479 1483//1483 1468//1468 
f 1482//1482 1484//1484 270//270 
f 1484//1484 1485//1485 270//270 
f 1485//1485 1486//1486 270//270 
f 1486//1486 1487//1487 270//270 
f 271//271 731//731 1488//1488 
f 271//271 1488//1488 1489//1489 
f 1484//1484 1490//1490 1485//1485 
f 1490//1490 1484//1484 1491//1491 
f 1482//1482 1491//1491 1484//1484 
f 731//731 1022//1022 1488//1488 
f 1489//1489 403//403 271//271 
f 1483//1483 1491//1491 1475//1475 
f 1482//1482 1475//1475 1491//1491 
f 1492//1492 265//265 1493//1493 
f 256//256 262//262 1492//1492 
f 1487//1487 1494//1494 270//270 
f 731//731 271//271 732//732 
f 525//525 732//732 271//271 
f 1490//1490 1495//1495 1485//1485 
f 1486//1486 1485//1485 1495//1495 
f 1487//1487 1486//1486 1496//1496 
f 1495//1495 1496//1496 1486//1486 
f 525//525 271//271 526//526 
f 1494//1494 1487//1487 1497//1497 
f 1496//1496 1497//1497 1487//1487 
f 270//270 1494//1494 1498//1498 
f 270//270 1498//1498 1415//1415 
f 1499//1499 526//526 271//271 
f 1498//1498 1500//1500 1415//1415 
f 1501//1501 1391//1391 1502//1502 
f 917//917 1503//1503 1391//1391 
f 1498//1498 1494//1494 1500//1500 
f 1497//1497 1500//1500 1494//1494 
f 1504//1504 860//860 1499//1499 
f 1505//1505 1161//1161 1501//1501 
f 1506//1506 1417//1417 1507//1507 
f 1506//1506 1508//1508 1417//1417 
f 1415//1415 1507//1507 1417//1417 
f 1500//1500 1509//1509 1415//1415 
f 1507//1507 1415//1415 1509//1509 
f 1506//1506 1507//1507 1510//1510 
f 1509//1509 1510//1510 1507//1507 
f 1505//1505 1501//1501 1502//1502 
f 1511//1511 1512//1512 917//917 
f 1513//1513 1514//1514 1515//1515 
f 1513//1513 1515//1515 1516//1516 
f 1517//1517 1161//1161 1518//1518 
f 1513//1513 1417//1417 1508//1508 
f 1506//1506 1510//1510 1508//1508 
f 1510//1510 1514//1514 1508//1508 
f 1513//1513 1508//1508 1514//1514 
f 1517//1517 1518//1518 1502//1502 
f 1518//1518 1505//1505 1502//1502 
f 1033//1033 1411//1411 963//963 
f 1187//1187 1113//1113 1112//1112 
f 1502//1502 1391//1391 1503//1503 
f 1032//1032 963//963 1029//1029 
f 1512//1512 1503//1503 917//917 
f 1509//1509 1496//1496 1510//1510 
f 1497//1497 1496//1496 1509//1509 
f 1500//1500 1497//1497 1509//1509 
f 1514//1514 1510//1510 1496//1496 
f 1496//1496 1495//1495 1514//1514 
f 1515//1515 1514//1514 1495//1495 
f 1495//1495 1490//1490 1515//1515 
f 1515//1515 1490//1490 1491//1491 
f 1515//1515 1491//1491 1483//1483 
f 1515//1515 1483//1483 1479//1479 
f 1515//1515 1479//1479 1480//1480 
f 1457//1457 15//15 1480//1480 
f 1515//1515 15//15 1519//1519 
f 1066//1066 1104//1104 1064//1064 
f 1499//1499 271//271 1504//1504 
f 1416//1416 1504//1504 271//271 
f 1416//1416 860//860 1504//1504 
f 1520//1520 1521//1521 1440//1440 
f 1440//1440 523//523 989//989 
f 1440//1440 989//989 1024//1024 
f 1440//1440 1024//1024 1416//1416 
f 1464//1464 1412//1412 1417//1417 
f 1513//1513 1516//1516 1417//1417 
f 1516//1516 1522//1522 1417//1417 
f 1522//1522 1523//1523 1417//1417 
f 1440//1440 1524//1524 1525//1525 
f 1440//1440 1525//1525 524//524 
f 1523//1523 1522//1522 1519//1519 
f 1522//1522 1516//1516 1519//1519 
f 1515//1515 1519//1519 1516//1516 
f 524//524 523//523 1440//1440 
f 1526//1526 1527//1527 1412//1412 
f 1527//1527 1528//1528 1412//1412 
f 1529//1529 1412//1412 1528//1528 
f 1465//1465 1526//1526 1412//1412 
f 1464//1464 1417//1417 1523//1523 
f 1440//1440 1530//1530 1524//1524 
f 1531//1531 1532//1532 1521//1521 
f 1440//1440 813//813 1533//1533 
f 1440//1440 1533//1533 1530//1530 
f 1534//1534 1535//1535 1529//1529 
f 1523//1523 1519//1519 1464//1464 
f 1519//1519 1536//1536 1464//1464 
f 1465//1465 1464//1464 1536//1536 
f 1533//1533 812//812 1530//1530 
f 1536//1536 1537//1537 1526//1526 
f 1536//1536 1526//1526 1465//1465 
f 1538//1538 1539//1539 1529//1529 
f 1528//1528 1538//1538 1529//1529 
f 1540//1540 1541//1541 1531//1531 
f 538//538 1521//1521 1088//1088 
f 538//538 1542//1542 1521//1521 
f 1534//1534 1543//1543 1535//1535 
f 1544//1544 1545//1545 1528//1528 
f 1544//1544 1528//1528 1527//1527 
f 1440//1440 1521//1521 813//813 
f 813//813 1521//1521 1542//1542 
f 1527//1527 1526//1526 1537//1537 
f 1527//1527 1537//1537 1544//1544 
f 538//538 537//537 1542//1542 
f 1064//1064 1104//1104 1061//1061 
f 1543//1543 1534//1534 1546//1546 
f 1539//1539 1546//1546 1534//1534 
f 1534//1534 1529//1529 1539//1539 
f 1547//1547 1541//1541 1540//1540 
f 1548//1548 1521//1521 1532//1532 
f 1088//1088 1521//1521 1548//1548 
f 1543//1543 1549//1549 1535//1535 
f 1550//1550 1539//1539 1538//1538 
f 1545//1545 1550//1550 1538//1538 
f 1545//1545 1538//1538 1528//1528 
f 1532//1532 1087//1087 1548//1548 
f 1551//1551 1549//1549 1546//1546 
f 1549//1549 1543//1543 1546//1546 
f 1547//1547 1552//1552 1541//1541 
f 1532//1532 1531//1531 1541//1541 
f 1549//1549 1551//1551 1535//1535 
f 1089//1089 1552//1552 1547//1547 
f 1547//1547 1540//1540 1089//1089 
f 1546//1546 1539//1539 1550//1550 
f 1546//1546 1550//1550 1553//1553 
f 1541//1541 1089//1089 1532//1532 
f 1545//1545 1544//1544 15//15 
f 1062//1062 1061//1061 1554//1554 
f 1555//1555 1101//1101 1098//1098 
f 1556//1556 1557//1557 1155//1155 
f 1558//1558 1559//1559 1172//1172 
f 1555//1555 1098//1098 1099//1099 
f 1122//1122 1474//1474 544//544 
f 542//542 383//383 387//387 
f 542//542 544//544 383//383 
f 485//485 547//547 387//387 
f 1560//1560 546//546 1016//1016 
f 909//909 1016//1016 546//546 
f 546//546 1560//1560 1561//1561 
f 546//546 1562//1562 1434//1434 
f 546//546 1561//1561 1562//1562 
f 1562//1562 774//774 1434//1434 
f 1560//1560 774//774 1561//1561 
f 1016//1016 774//774 1560//1560 
f 1561//1561 774//774 1562//1562 
f 1460//1460 1452//1452 774//774 
f 314//314 312//312 309//309 
f 313//313 1563//1563 309//309 
f 383//383 1474//1474 381//381 
f 371//371 381//381 1474//1474 
f 307//307 1564//1564 314//314 
f 313//313 312//312 1564//1564 
f 306//306 382//382 307//307 
f 1564//1564 307//307 370//370 
f 1565//1565 1563//1563 1564//1564 
f 1566//1566 434//434 309//309 
f 1122//1122 544//544 1123//1123 
f 545//545 1123//1123 544//544 
f 437//437 961//961 442//442 
f 1213//1213 898//898 1123//1123 
f 545//545 1020//1020 1123//1123 
f 962//962 1567//1567 1568//1568 
f 1213//1213 1020//1020 441//441 
f 1566//1566 309//309 1563//1563 
f 370//370 371//371 1474//1474 
f 1569//1569 1563//1563 1565//1565 
f 312//312 314//314 1564//1564 
f 961//961 437//437 962//962 
f 1570//1570 962//962 437//437 
f 898//898 1571//1571 1123//1123 
f 442//442 961//961 898//898 
f 898//898 1213//1213 441//441 
f 1563//1563 1572//1572 1566//1566 
f 1573//1573 1566//1566 1574//1574 
f 1572//1572 1574//1574 1566//1566 
f 1574//1574 1575//1575 1573//1573 
f 1576//1576 1573//1573 1575//1575 
f 1575//1575 1577//1577 1576//1576 
f 1577//1577 1578//1578 1576//1576 
f 1579//1579 1580//1580 1581//1581 
f 1580//1580 1582//1582 1581//1581 
f 1583//1583 1584//1584 1585//1585 
f 1582//1582 1586//1586 1581//1581 
f 1587//1587 1588//1588 1589//1589 
f 1587//1587 1589//1589 1586//1586 
f 1590//1590 1591//1591 1592//1592 
f 1576//1576 1578//1578 1591//1591 
f 1591//1591 1590//1590 1593//1593 
f 1590//1590 1594//1594 1593//1593 
f 1593//1593 1594//1594 1595//1595 
f 1594//1594 1596//1596 1595//1595 
f 1596//1596 1597//1597 1595//1595 
f 1595//1595 1597//1597 1598//1598 
f 1581//1581 1598//1598 1579//1579 
f 1599//1599 1579//1579 1598//1598 
f 1599//1599 1598//1598 1597//1597 
f 1600//1600 1601//1601 1592//1592 
f 1602//1602 1584//1584 1603//1603 
f 1604//1604 1603//1603 1584//1584 
f 1605//1605 1606//1606 1602//1602 
f 1584//1584 1602//1602 1606//1606 
f 1605//1605 1607//1607 1606//1606 
f 1603//1603 1608//1608 1602//1602 
f 1588//1588 1609//1609 1589//1589 
f 1151//1151 1150//1150 1512//1512 
f 1610//1610 1611//1611 1589//1589 
f 1503//1503 1512//1512 1150//1150 
f 1612//1612 1589//1589 1611//1611 
f 1581//1581 1586//1586 1589//1589 
f 1511//1511 917//917 1208//1208 
f 1581//1581 1589//1589 1613//1613 
f 1581//1581 1613//1613 1614//1614 
f 1581//1581 1614//1614 1615//1615 
f 1581//1581 1615//1615 1616//1616 
f 1581//1581 1616//1616 1617//1617 
f 1585//1585 1581//1581 1617//1617 
f 1589//1589 1612//1612 1618//1618 
f 1612//1612 1619//1619 1618//1618 
f 1512//1512 1511//1511 1151//1151 
f 1620//1620 1584//1584 1583//1583 
f 1617//1617 1583//1583 1585//1585 
f 1621//1621 917//917 1622//1622 
f 1208//1208 917//917 1621//1621 
f 1614//1614 1583//1583 1615//1615 
f 1613//1613 1583//1583 1614//1614 
f 1583//1583 1613//1613 1589//1589 
f 1589//1589 1618//1618 1583//1583 
f 1604//1604 1623//1623 1624//1624 
f 1584//1584 1625//1625 1604//1604 
f 1604//1604 1625//1625 1623//1623 
f 1581//1581 1585//1585 1584//1584 
f 1625//1625 1584//1584 1626//1626 
f 1626//1626 1584//1584 1620//1620 
f 1616//1616 1583//1583 1617//1617 
f 1615//1615 1583//1583 1616//1616 
f 1626//1626 1620//1620 1623//1623 
f 1620//1620 1608//1608 1623//1623 
f 1583//1583 1608//1608 1620//1620 
f 1618//1618 1608//1608 1583//1583 
f 1625//1625 1626//1626 1623//1623 
f 1623//1623 1608//1608 1624//1624 
f 1604//1604 1624//1624 1603//1603 
f 83//83 1030//1030 84//84 
f 1624//1624 1608//1608 1603//1603 
f 1580//1580 1627//1627 1582//1582 
f 1610//1610 1589//1589 1609//1609 
f 1435//1435 963//963 83//83 
f 1610//1610 1619//1619 1611//1611 
f 1609//1609 1619//1619 1610//1610 
f 1611//1611 1619//1619 1612//1612 
f 1028//1028 963//963 1435//1435 
f 1586//1586 1628//1628 1587//1587 
f 1587//1587 1619//1619 1588//1588 
f 1030//1030 1034//1034 84//84 
f 1116//1116 1629//1629 1043//1043 
f 1376//1376 1043//1043 1629//1629 
f 1630//1630 1631//1631 1629//1629 
f 1376//1376 1629//1629 1631//1631 
f 1630//1630 1632//1632 1631//1631 
f 1633//1633 1631//1631 1632//1632 
f 1632//1632 1634//1634 1633//1633 
f 1635//1635 1633//1633 1634//1634 
f 1634//1634 100//100 1635//1635 
f 1588//1588 1619//1619 1609//1609 
f 1636//1636 1635//1635 100//100 
f 1637//1637 1367//1367 1376//1376 
f 1376//1376 1638//1638 1637//1637 
f 1638//1638 1376//1376 1639//1639 
f 1640//1640 1639//1639 1631//1631 
f 1376//1376 1631//1631 1639//1639 
f 1640//1640 1631//1631 1633//1633 
f 1640//1640 1633//1633 498//498 
f 498//498 1633//1633 1635//1635 
f 498//498 1635//1635 534//534 
f 534//534 1635//1635 1636//1636 
f 534//534 1636//1636 1641//1641 
f 1641//1641 1636//1636 1642//1642 
f 1634//1634 1410//1410 100//100 
f 1632//1632 1410//1410 1634//1634 
f 1643//1643 1644//1644 1596//1596 
f 1629//1629 1116//1116 1388//1388 
f 1629//1629 1388//1388 1630//1630 
f 1582//1582 1627//1627 1586//1586 
f 1388//1388 1403//1403 1630//1630 
f 1602//1602 1608//1608 1605//1605 
f 1403//1403 1406//1406 1630//1630 
f 1630//1630 1406//1406 1632//1632 
f 1632//1632 1406//1406 1410//1410 
f 1410//1410 82//82 100//100 
f 100//100 95//95 96//96 
f 1636//1636 100//100 96//96 
f 1579//1579 1627//1627 1580//1580 
f 1622//1622 1207//1207 1621//1621 
f 1621//1621 1207//1207 1208//1208 
f 1622//1622 917//917 1645//1645 
f 1646//1646 1645//1645 917//917 
f 1553//1553 1535//1535 1551//1551 
f 1553//1553 1551//1551 1546//1546 
f 1594//1594 1647//1647 1596//1596 
f 924//924 1333//1333 917//917 
f 1553//1553 1550//1550 15//15 
f 1333//1333 1646//1646 917//917 
f 1550//1550 1545//1545 15//15 
f 1544//1544 1537//1537 15//15 
f 1536//1536 15//15 1537//1537 
f 1536//1536 1519//1519 15//15 
f 1648//1648 928//928 1649//1649 
f 924//924 928//928 1648//1648 
f 1284//1284 1320//1320 1285//1285 
f 1649//1649 928//928 1650//1650 
f 1651//1651 1650//1650 928//928 
f 1319//1319 1309//1309 1320//1320 
f 1505//1505 1518//1518 1161//1161 
f 1535//1535 1553//1553 15//15 
f 282//282 299//299 1457//1457 
f 1172//1172 1173//1173 1558//1558 
f 263//263 1652//1652 1397//1397 
f 1429//1429 1653//1653 1430//1430 
f 1654//1654 1402//1402 550//550 
f 1515//1515 1480//1480 15//15 
f 15//15 1371//1371 1535//1535 
f 15//15 1457//1457 299//299 
f 1463//1463 1535//1535 1371//1371 
f 1412//1412 1529//1529 1461//1461 
f 1439//1439 1414//1414 389//389 
f 1439//1439 389//389 388//388 
f 1439//1439 1655//1655 1520//1520 
f 1439//1439 1520//1520 1440//1440 
f 1439//1439 388//388 1655//1655 
f 1461//1461 1529//1529 1463//1463 
f 1535//1535 1463//1463 1529//1529 
f 1656//1656 1657//1657 1658//1658 
f 1473//1473 289//289 271//271 
f 271//271 720//720 1473//1473 
f 1473//1473 1472//1472 721//721 
f 720//720 402//402 528//528 
f 1302//1302 1107//1107 1288//1288 
f 526//526 1499//1499 860//860 
f 1524//1524 536//536 1525//1525 
f 1659//1659 1288//1288 1107//1107 
f 524//524 1525//1525 536//536 
f 1530//1530 812//812 1524//1524 
f 1489//1489 1488//1488 1022//1022 
f 1022//1022 403//403 1489//1489 
f 250//250 252//252 258//258 
f 1660//1660 1307//1307 1305//1305 
f 860//860 1416//1416 1024//1024 
f 1289//1289 1661//1661 1305//1305 
f 1109//1109 1187//1187 1112//1112 
f 1070//1070 1092//1092 1224//1224 
f 1101//1101 1662//1662 1104//1104 
f 1663//1663 1664//1664 1170//1170 
f 289//289 1473//1473 721//721 
f 290//290 721//721 291//291 
f 290//290 289//289 721//721 
f 721//721 1472//1472 1477//1477 
f 721//721 1478//1478 720//720 
f 1665//1665 1666//1666 1636//1636 
f 1667//1667 1668//1668 1636//1636 
f 1642//1642 1636//1636 1666//1666 
f 1665//1665 535//535 1666//1666 
f 535//535 530//530 1666//1666 
f 1668//1668 535//535 1665//1665 
f 1668//1668 1667//1667 535//535 
f 1642//1642 1666//1666 530//530 
f 1592//1592 1601//1601 1590//1590 
f 1600//1600 1591//1591 1669//1669 
f 1669//1669 1591//1591 1578//1578 
f 1665//1665 1636//1636 1668//1668 
f 1667//1667 1636//1636 1670//1670 
f 1667//1667 1670//1670 1671//1671 
f 1672//1672 1673//1673 1674//1674 
f 1667//1667 1671//1671 1675//1675 
f 1667//1667 1675//1675 535//535 
f 993//993 1675//1675 1671//1671 
f 993//993 1671//1671 1676//1676 
f 535//535 1675//1675 993//993 
f 1676//1676 1671//1671 1672//1672 
f 1676//1676 1672//1672 1674//1674 
f 1669//1669 1601//1601 1600//1600 
f 1575//1575 1677//1677 1577//1577 
f 1637//1637 411//411 1367//1367 
f 1096//1096 1138//1138 1678//1678 
f 1592//1592 1591//1591 1600//1600 
f 1678//1678 1138//1138 1679//1679 
f 1578//1578 1577//1577 1677//1677 
f 1136//1136 1680//1680 1681//1681 
f 1137//1137 1136//1136 1681//1681 
f 1682//1682 1680//1680 1136//1136 
f 1682//1682 1136//1136 1095//1095 
f 1574//1574 1683//1683 1575//1575 
f 1684//1684 1685//1685 1679//1679 
f 1679//1679 1685//1685 1678//1678 
f 1686//1686 1687//1687 1685//1685 
f 1680//1680 1682//1682 1126//1126 
f 896//896 1685//1685 1684//1684 
f 1685//1685 896//896 1686//1686 
f 1138//1138 1139//1139 1679//1679 
f 1688//1688 1679//1679 1139//1139 
f 1688//1688 1139//1139 1689//1689 
f 98//98 1690//1690 96//96 
f 1137//1137 1691//1691 1692//1692 
f 1137//1137 1681//1681 1691//1691 
f 1689//1689 1693//1693 1684//1684 
f 1694//1694 1684//1684 1693//1693 
f 1563//1563 1569//1569 1572//1572 
f 1679//1679 1688//1688 1684//1684 
f 1689//1689 1684//1684 1688//1688 
f 896//896 1684//1684 897//897 
f 1695//1695 1673//1673 769//769 
f 1572//1572 1696//1696 1574//1574 
f 96//96 1690//1690 1636//1636 
f 1697//1697 1636//1636 1690//1690 
f 1697//1697 1698//1698 1636//1636 
f 1699//1699 1700//1700 1636//1636 
f 1701//1701 998//998 769//769 
f 998//998 1702//1702 1703//1703 
f 1681//1681 1680//1680 1126//1126 
f 1691//1691 1681//1681 1126//1126 
f 673//673 1674//1674 1673//1673 
f 1701//1701 769//769 1673//1673 
f 1695//1695 1704//1704 1673//1673 
f 674//674 1673//1673 1704//1704 
f 673//673 1673//1673 674//674 
f 1705//1705 1706//1706 1707//1707 
f 1670//1670 1636//1636 1700//1700 
f 1705//1705 1707//1707 1700//1700 
f 1707//1707 1702//1702 1700//1700 
f 1670//1670 1700//1700 1701//1701 
f 1672//1672 1670//1670 1673//1673 
f 1701//1701 1673//1673 1670//1670 
f 1701//1701 1700//1700 1702//1702 
f 998//998 1701//1701 1702//1702 
f 1578//1578 1708//1708 1669//1669 
f 1707//1707 1703//1703 1702//1702 
f 1672//1672 1671//1671 1670//1670 
f 1709//1709 1596//1596 1647//1647 
f 1690//1690 98//98 1068//1068 
f 62//62 1204//1204 99//99 
f 1699//1699 1636//1636 1710//1710 
f 1710//1710 1636//1636 1698//1698 
f 1709//1709 1643//1643 1596//1596 
f 1697//1697 1690//1690 1068//1068 
f 1698//1698 1697//1697 1068//1068 
f 1710//1710 1698//1698 1068//1068 
f 1699//1699 1710//1710 1068//1068 
f 1696//1696 1572//1572 1569//1569 
f 1711//1711 1574//1574 1696//1696 
f 552//552 1712//1712 1713//1713 
f 1644//1644 1713//1713 1712//1712 
f 1644//1644 1712//1712 1597//1597 
f 1714//1714 1715//1715 1597//1597 
f 1703//1703 1707//1707 1706//1706 
f 1700//1700 1699//1699 1068//1068 
f 1700//1700 1068//1068 1705//1705 
f 1706//1706 1705//1705 1068//1068 
f 1597//1597 1596//1596 1644//1644 
f 1533//1533 813//813 812//812 
f 1151//1151 1511//1511 1208//1208 
f 1651//1651 928//928 1716//1716 
f 1717//1717 928//928 1718//1718 
f 1309//1309 1719//1719 1320//1320 
f 1716//1716 1347//1347 1651//1651 
f 1720//1720 1718//1718 928//928 
f 1718//1718 1720//1720 1355//1355 
f 1717//1717 1718//1718 1355//1355 
f 1716//1716 928//928 1717//1717 
f 1662//1662 1101//1101 1555//1555 
f 103//103 554//554 394//394 
f 1540//1540 1531//1531 1089//1089 
f 1520//1520 1089//1089 1521//1521 
f 1521//1521 1089//1089 1531//1531 
f 813//813 1542//1542 537//537 
f 1111//1111 1113//1113 1185//1185 
f 1087//1087 1532//1532 1089//1089 
f 1541//1541 1552//1552 1089//1089 
f 1107//1107 1302//1302 1721//1721 
f 1477//1477 1476//1476 721//721 
f 730//730 1022//1022 731//731 
f 1558//1558 1173//1173 1171//1171 
f 1024//1024 1081//1081 860//860 
f 1524//1524 812//812 536//536 
f 1722//1722 1723//1723 1238//1238 
f 1723//1723 1239//1239 1238//1238 
f 1520//1520 1655//1655 1089//1089 
f 1088//1088 539//539 538//538 
f 1180//1180 1120//1120 1125//1125 
f 1548//1548 1087//1087 1088//1088 
f 1724//1724 871//871 420//420 
f 1724//1724 420//420 1725//1725 
f 1021//1021 419//419 875//875 
f 416//416 875//875 419//419 
f 419//419 1021//1021 1015//1015 
f 1015//1015 1014//1014 419//419 
f 1726//1726 1727//1727 1725//1725 
f 1725//1725 1727//1727 1724//1724 
f 869//869 871//871 1727//1727 
f 1724//1724 1727//1727 871//871 
f 79//79 875//875 171//171 
f 873//873 872//872 171//171 
f 1726//1726 87//87 1727//1727 
f 1727//1727 87//87 869//869 
f 1728//1728 1450//1450 1729//1729 
f 1447//1447 1730//1730 1450//1450 
f 1448//1448 1449//1449 626//626 
f 1731//1731 1732//1732 1730//1730 
f 1446//1446 1733//1733 1447//1447 
f 1734//1734 1735//1735 1447//1447 
f 1736//1736 1575//1575 1683//1683 
f 1737//1737 1447//1447 1738//1738 
f 1594//1594 1590//1590 1739//1739 
f 1731//1731 1737//1737 1738//1738 
f 1355//1355 1716//1716 1717//1717 
f 313//313 1564//1564 1563//1563 
f 1740//1740 928//928 1741//1741 
f 1647//1647 1594//1594 1742//1742 
f 1743//1743 1744//1744 1739//1739 
f 1743//1743 1590//1590 1601//1601 
f 1745//1745 1744//1744 1708//1708 
f 1746//1746 1742//1742 1744//1744 
f 1743//1743 1601//1601 1744//1744 
f 1708//1708 1744//1744 1601//1601 
f 1739//1739 1590//1590 1743//1743 
f 98//98 1056//1056 1068//1068 
f 1708//1708 1578//1578 1745//1745 
f 1601//1601 1669//1669 1708//1708 
f 1747//1747 1677//1677 1748//1748 
f 1749//1749 1748//1748 1677//1677 
f 1750//1750 1578//1578 1747//1747 
f 1744//1744 1751//1751 1748//1748 
f 928//928 1752//1752 1741//1741 
f 1753//1753 1578//1578 1750//1750 
f 1747//1747 1578//1578 1677//1677 
f 1750//1750 1748//1748 1753//1753 
f 1747//1747 1748//1748 1750//1750 
f 1754//1754 1578//1578 1753//1753 
f 1753//1753 1748//1748 1754//1754 
f 1755//1755 1578//1578 1754//1754 
f 1754//1754 1748//1748 1755//1755 
f 1756//1756 1578//1578 1755//1755 
f 1674//1674 673//673 690//690 
f 1755//1755 1748//1748 1756//1756 
f 1757//1757 1741//1741 1752//1752 
f 1758//1758 1578//1578 1756//1756 
f 1751//1751 1578//1578 1758//1758 
f 1758//1758 1748//1748 1751//1751 
f 1756//1756 1748//1748 1758//1758 
f 1745//1745 1578//1578 1751//1751 
f 1744//1744 1745//1745 1751//1751 
f 912//912 513//513 518//518 
f 916//916 912//912 518//518 
f 1312//1312 1721//1721 1302//1302 
f 1397//1397 1398//1398 263//263 
f 265//265 266//266 1759//1759 
f 1760//1760 1761//1761 1493//1493 
f 1762//1762 1763//1763 1493//1493 
f 1492//1492 1493//1493 1763//1763 
f 1492//1492 1763//1763 1764//1764 
f 1492//1492 1764//1764 1652//1652 
f 1493//1493 1761//1761 1762//1762 
f 256//256 1492//1492 263//263 
f 1659//1659 1765//1765 1288//1288 
f 1492//1492 1652//1652 263//263 
f 928//928 1740//1740 1720//1720 
f 1766//1766 1757//1757 1767//1767 
f 1752//1752 1354//1354 1767//1767 
f 1764//1764 1763//1763 1397//1397 
f 1652//1652 1764//1764 1397//1397 
f 1752//1752 1768//1768 1354//1354 
f 1398//1398 257//257 252//252 
f 1762//1762 1761//1761 1263//1263 
f 1769//1769 1770//1770 1767//1767 
f 1767//1767 1354//1354 1769//1769 
f 1771//1771 1770//1770 1769//1769 
f 1752//1752 1767//1767 1757//1757 
f 1771//1771 1772//1772 1770//1770 
f 1769//1769 1354//1354 1771//1771 
f 1772//1772 1771//1771 1354//1354 
f 1773//1773 1774//1774 1320//1320 
f 1770//1770 1772//1772 1354//1354 
f 377//377 1129//1129 548//548 
f 549//549 548//548 1129//1129 
f 1770//1770 1766//1766 1767//1767 
f 1713//1713 1065//1065 552//552 
f 551//551 552//552 1065//1065 
f 1130//1130 1775//1775 1776//1776 
f 1312//1312 1777//1777 1721//1721 
f 916//916 518//518 603//603 
f 1763//1763 1762//1762 1263//1263 
f 1263//1263 1397//1397 1763//1763 
f 1759//1759 266//266 826//826 
f 1778//1778 1289//1289 1288//1288 
f 1307//1307 1779//1779 1309//1309 
f 1774//1774 1780//1780 1320//1320 
f 1407//1407 1781//1781 1238//1238 
f 1430//1430 1653//1653 1431//1431 
f 1782//1782 1312//1312 1783//1783 
f 753//753 760//760 1703//1703 
f 1784//1784 1785//1785 1786//1786 
f 760//760 766//766 998//998 
f 1704//1704 1695//1695 782//782 
f 1564//1564 370//370 1474//1474 
f 1787//1787 1569//1569 1474//1474 
f 1569//1569 1565//1565 1474//1474 
f 1564//1564 1474//1474 1565//1565 
f 1788//1788 1711//1711 1787//1787 
f 1711//1711 1696//1696 1787//1787 
f 1569//1569 1787//1787 1696//1696 
f 1749//1749 1736//1736 1748//1748 
f 1788//1788 1748//1748 1736//1736 
f 1683//1683 1788//1788 1736//1736 
f 1711//1711 1788//1788 1683//1683 
f 1677//1677 1575//1575 1749//1749 
f 1749//1749 1575//1575 1736//1736 
f 1683//1683 1574//1574 1711//1711 
f 1739//1739 1744//1744 1742//1742 
f 1713//1713 1709//1709 1746//1746 
f 1709//1709 1647//1647 1746//1746 
f 1742//1742 1746//1746 1647//1647 
f 1644//1644 1643//1643 1713//1713 
f 1709//1709 1713//1713 1643//1643 
f 1712//1712 1789//1789 1597//1597 
f 1789//1789 1714//1714 1597//1597 
f 1742//1742 1594//1594 1739//1739 
f 1606//1606 1607//1607 1790//1790 
f 1791//1791 1790//1790 1607//1607 
f 1792//1792 1793//1793 1791//1791 
f 1790//1790 1791//1791 1793//1793 
f 1794//1794 1795//1795 1792//1792 
f 1793//1793 1792//1792 1795//1795 
f 1796//1796 1795//1795 1797//1797 
f 1798//1798 1795//1795 1799//1799 
f 1800//1800 1801//1801 1802//1802 
f 1803//1803 1804//1804 1805//1805 
f 1806//1806 1044//1044 1807//1807 
f 1808//1808 1807//1807 1044//1044 
f 1044//1044 1805//1805 1808//1808 
f 1801//1801 1798//1798 1799//1799 
f 1800//1800 1798//1798 1801//1801 
f 1809//1809 1798//1798 1800//1800 
f 1794//1794 1799//1799 1795//1795 
f 1797//1797 1795//1795 1798//1798 
f 1810//1810 1738//1738 1811//1811 
f 1731//1731 1738//1738 1810//1810 
f 1447//1447 1811//1811 1738//1738 
f 1811//1811 1447//1447 1735//1735 
f 1812//1812 1735//1735 1813//1813 
f 1735//1735 1734//1734 1813//1813 
f 1811//1811 1814//1814 1810//1810 
f 1731//1731 1810//1810 1814//1814 
f 1814//1814 1811//1811 1731//1731 
f 1812//1812 1731//1731 1811//1811 
f 1812//1812 1811//1811 1735//1735 
f 1813//1813 232//232 1812//1812 
f 1815//1815 1816//1816 1817//1817 
f 1818//1818 1444//1444 1816//1816 
f 1816//1816 1815//1815 1819//1819 
f 1820//1820 1444//1444 1821//1821 
f 1820//1820 1822//1822 1444//1444 
f 1822//1822 1823//1823 1444//1444 
f 1821//1821 1824//1824 1820//1820 
f 1818//1818 1825//1825 1824//1824 
f 1818//1818 1824//1824 1821//1821 
f 1819//1819 1825//1825 1816//1816 
f 1818//1818 1816//1816 1825//1825 
f 1823//1823 1826//1826 1444//1444 
f 1827//1827 1795//1795 1796//1796 
f 1809//1809 1828//1828 1798//1798 
f 1827//1827 1829//1829 1795//1795 
f 1830//1830 1805//1805 1829//1829 
f 1824//1824 1831//1831 1820//1820 
f 1822//1822 1820//1820 1831//1831 
f 1823//1823 1822//1822 1832//1832 
f 1831//1831 1832//1832 1822//1822 
f 1826//1826 1833//1833 1444//1444 
f 1834//1834 1444//1444 1833//1833 
f 1826//1826 1835//1835 1836//1836 
f 1826//1826 1836//1836 1833//1833 
f 1832//1832 1835//1835 1823//1823 
f 1826//1826 1823//1823 1835//1835 
f 1836//1836 1834//1834 1833//1833 
f 1831//1831 1824//1824 1837//1837 
f 1838//1838 1837//1837 1824//1824 
f 1825//1825 1838//1838 1824//1824 
f 1832//1832 1831//1831 1837//1837 
f 1819//1819 1838//1838 1825//1825 
f 1444//1444 1834//1834 1839//1839 
f 1444//1444 1839//1839 1446//1446 
f 1840//1840 1443//1443 1841//1841 
f 1445//1445 1841//1841 1443//1443 
f 1446//1446 1839//1839 1842//1842 
f 1839//1839 1834//1834 1842//1842 
f 1836//1836 1842//1842 1834//1834 
f 1843//1843 1072//1072 1844//1844 
f 1845//1845 1844//1844 1072//1072 
f 685//685 837//837 1445//1445 
f 1846//1846 1447//1447 1733//1733 
f 1846//1846 1847//1847 1447//1447 
f 1448//1448 1848//1848 683//683 
f 1448//1448 683//683 1445//1445 
f 1845//1845 1407//1407 1844//1844 
f 1842//1842 1849//1849 1446//1446 
f 1733//1733 1446//1446 1849//1849 
f 683//683 685//685 1445//1445 
f 1846//1846 1733//1733 1850//1850 
f 1849//1849 1850//1850 1733//1733 
f 690//690 691//691 1674//1674 
f 1851//1851 1852//1852 1447//1447 
f 1852//1852 1853//1853 1447//1447 
f 802//802 1448//1448 850//850 
f 626//626 1854//1854 1448//1448 
f 1855//1855 1856//1856 1851//1851 
f 1855//1855 1851//1851 1847//1847 
f 1851//1851 1856//1856 1852//1852 
f 1847//1847 1851//1851 1447//1447 
f 802//802 1848//1848 1448//1448 
f 1850//1850 1855//1855 1846//1846 
f 1847//1847 1846//1846 1855//1855 
f 1853//1853 1857//1857 1447//1447 
f 853//853 1448//1448 1858//1858 
f 850//850 1448//1448 853//853 
f 1853//1853 1852//1852 1837//1837 
f 1856//1856 1837//1837 1852//1852 
f 1734//1734 1447//1447 1857//1857 
f 1858//1858 1448//1448 1859//1859 
f 998//998 1703//1703 760//760 
f 1857//1857 1853//1853 1838//1838 
f 1837//1837 1838//1838 1853//1853 
f 1448//1448 1860//1860 1861//1861 
f 1859//1859 1448//1448 1861//1861 
f 1448//1448 1862//1862 1860//1860 
f 1813//1813 1734//1734 1838//1838 
f 1857//1857 1838//1838 1734//1734 
f 1863//1863 686//686 1860//1860 
f 1835//1835 1832//1832 1837//1837 
f 1864//1864 1813//1813 1819//1819 
f 1836//1836 1835//1835 1837//1837 
f 1842//1842 1836//1836 1837//1837 
f 1856//1856 1855//1855 1837//1837 
f 1855//1855 1849//1849 1837//1837 
f 1850//1850 1849//1849 1855//1855 
f 1842//1842 1837//1837 1849//1849 
f 1737//1737 1865//1865 1447//1447 
f 1730//1730 1447//1447 1865//1865 
f 1729//1729 1450//1450 1730//1730 
f 1730//1730 1865//1865 1731//1731 
f 1865//1865 1737//1737 1731//1731 
f 626//626 686//686 1854//1854 
f 1854//1854 1862//1862 1448//1448 
f 1704//1704 782//782 781//781 
f 1866//1866 1862//1862 686//686 
f 1866//1866 1863//1863 1862//1862 
f 1863//1863 1860//1860 1862//1862 
f 669//669 690//690 673//673 
f 1862//1862 1854//1854 686//686 
f 1867//1867 1863//1863 1866//1866 
f 1867//1867 1866//1866 686//686 
f 686//686 863//863 1860//1860 
f 1867//1867 686//686 1863//1863 
f 1868//1868 1869//1869 1443//1443 
f 1443//1443 1870//1870 1868//1868 
f 1871//1871 1872//1872 1817//1817 
f 1873//1873 1817//1817 1872//1872 
f 1641//1641 1642//1642 530//530 
f 1874//1874 1875//1875 1873//1873 
f 1876//1876 1875//1875 1874//1874 
f 1818//1818 1821//1821 1444//1444 
f 1877//1877 1868//1868 589//589 
f 1874//1874 1873//1873 1872//1872 
f 710//710 1877//1877 1878//1878 
f 1817//1817 1816//1816 1444//1444 
f 1878//1878 1877//1877 589//589 
f 1876//1876 1874//1874 1872//1872 
f 1879//1879 1663//1663 1169//1169 
f 1880//1880 710//710 1878//1878 
f 1881//1881 1875//1875 1876//1876 
f 1817//1817 1873//1873 1875//1875 
f 1817//1817 1875//1875 1882//1882 
f 1817//1817 1882//1882 1815//1815 
f 1883//1883 1880//1880 589//589 
f 589//589 1868//1868 590//590 
f 1880//1880 1878//1878 589//589 
f 1881//1881 1876//1876 1872//1872 
f 1884//1884 977//977 1076//1076 
f 710//710 1880//1880 1883//1883 
f 1554//1554 1075//1075 1025//1025 
f 682//682 976//976 680//680 
f 1872//1872 1885//1885 1881//1881 
f 1875//1875 1881//1881 1885//1885 
f 589//589 710//710 1883//1883 
f 1882//1882 1875//1875 1864//1864 
f 1885//1885 1864//1864 1875//1875 
f 590//590 1868//1868 665//665 
f 1882//1882 1864//1864 1815//1815 
f 1819//1819 1815//1815 1864//1864 
f 1886//1886 1443//1443 703//703 
f 1870//1870 1443//1443 1886//1886 
f 1886//1886 705//705 1870//1870 
f 1886//1886 703//703 705//705 
f 665//665 1868//1868 1870//1870 
f 1797//1797 1829//1829 1796//1796 
f 1827//1827 1796//1796 1829//1829 
f 534//534 1641//1641 530//530 
f 1828//1828 1802//1802 1830//1830 
f 1887//1887 1805//1805 1888//1888 
f 1888//1888 1805//1805 1830//1830 
f 1797//1797 1798//1798 1829//1829 
f 1830//1830 1829//1829 1828//1828 
f 1828//1828 1829//1829 1798//1798 
f 1888//1888 1830//1830 1889//1889 
f 1803//1803 1889//1889 1804//1804 
f 1808//1808 1805//1805 1804//1804 
f 1803//1803 1887//1887 1889//1889 
f 1795//1795 1829//1829 1805//1805 
f 1887//1887 1803//1803 1805//1805 
f 1887//1887 1888//1888 1889//1889 
f 1799//1799 1802//1802 1801//1801 
f 1809//1809 1802//1802 1828//1828 
f 1890//1890 1891//1891 1892//1892 
f 1676//1676 700//700 701//701 
f 993//993 1676//1676 711//711 
f 701//701 711//711 1676//1676 
f 1893//1893 1894//1894 1895//1895 
f 1131//1131 1130//1130 1776//1776 
f 772//772 1017//1017 847//847 
f 1242//1242 1896//1896 1240//1240 
f 1502//1502 1150//1150 1161//1161 
f 1897//1897 1240//1240 1896//1896 
f 691//691 700//700 1674//1674 
f 1676//1676 1674//1674 700//700 
f 711//711 718//718 993//993 
f 1393//1393 1392//1392 1161//1161 
f 1391//1391 1501//1501 1161//1161 
f 1517//1517 1502//1502 1161//1161 
f 769//769 765//765 775//775 
f 776//776 782//782 1695//1695 
f 750//750 740//740 1068//1068 
f 1706//1706 736//736 752//752 
f 752//752 1703//1703 1706//1706 
f 99//99 1174//1174 98//98 
f 1239//1239 1898//1898 1242//1242 
f 1099//1099 1899//1899 1555//1555 
f 736//736 1706//1706 737//737 
f 740//740 737//737 1706//1706 
f 1706//1706 1068//1068 740//740 
f 1794//1794 1802//1802 1799//1799 
f 157//157 132//132 63//63 
f 750//750 1068//1068 748//748 
f 1802//1802 1809//1809 1800//1800 
f 705//705 825//825 1870//1870 
f 1840//1840 1900//1900 1443//1443 
f 704//704 1443//1443 1901//1901 
f 703//703 1443//1443 704//704 
f 1900//1900 1902//1902 1443//1443 
f 1902//1902 1901//1901 1443//1443 
f 1900//1900 1840//1840 837//837 
f 752//752 753//753 1703//1703 
f 1902//1902 1900//1900 837//837 
f 837//837 815//815 1902//1902 
f 1695//1695 769//769 775//775 
f 1841//1841 1445//1445 837//837 
f 775//775 776//776 1695//1695 
f 674//674 1704//1704 787//787 
f 781//781 787//787 1704//1704 
f 787//787 786//786 674//674 
f 1885//1885 1813//1813 1864//1864 
f 1872//1872 1813//1813 1885//1885 
f 61//61 63//63 132//132 
f 1903//1903 1904//1904 1375//1375 
f 1372//1372 1904//1904 1903//1903 
f 1904//1904 227//227 1375//1375 
f 230//230 1375//1375 227//227 
f 1408//1408 1904//1904 1372//1372 
f 12//12 1904//1904 1408//1408 
f 8//8 10//10 1905//1905 
f 10//10 12//12 1905//1905 
f 1408//1408 1905//1905 12//12 
f 1903//1903 1373//1373 1372//1372 
f 1375//1375 1373//1373 1903//1903 
f 230//230 1374//1374 1375//1375 
f 234//234 1906//1906 236//236 
f 234//234 1907//1907 1906//1906 
f 33//33 1906//1906 1907//1907 
f 34//34 1906//1906 33//33 
f 236//236 1906//1906 241//241 
f 1658//1658 241//241 1906//1906 
f 1431//1431 1908//1908 1433//1433 
f 390//390 1658//1658 1906//1906 
f 390//390 1906//1906 34//34 
f 234//234 227//227 1907//1907 
f 34//34 1091//1091 390//390 
f 1907//1907 1904//1904 33//33 
f 389//389 1656//1656 1658//1658 
f 1655//1655 388//388 390//390 
f 1802//1802 1889//1889 1830//1830 
f 1792//1792 1802//1802 1794//1794 
f 1889//1889 1802//1802 1804//1804 
f 1792//1792 1791//1791 1802//1802 
f 1782//1782 1777//1777 1312//1312 
f 1605//1605 1608//1608 1607//1607 
f 1240//1240 1783//1783 1312//1312 
f 1089//1089 1655//1655 390//390 
f 1170//1170 1169//1169 1663//1663 
f 1904//1904 1907//1907 227//227 
f 33//33 1904//1904 12//12 
f 14//14 27//27 12//12 
f 20//20 27//27 26//26 
f 1909//1909 1910//1910 19//19 
f 20//20 19//19 1910//1910 
f 14//14 16//16 27//27 
f 27//27 20//20 1910//1910 
f 1909//1909 1911//1911 1910//1910 
f 1911//1911 1226//1226 1910//1910 
f 836//836 1215//1215 1226//1226 
f 1216//1216 1215//1215 836//836 
f 1910//1910 1226//1226 1215//1215 
f 1778//1778 1288//1288 1765//1765 
f 1289//1289 1912//1912 1661//1661 
f 1556//1556 1155//1155 1154//1154 
f 1092//1092 1070//1070 1157//1157 
f 1557//1557 1913//1913 1156//1156 
f 1914//1914 1320//1320 1719//1719 
f 1071//1071 1915//1915 1845//1845 
f 1071//1071 1845//1845 1072//1072 
f 1915//1915 1407//1407 1845//1845 
f 1915//1915 1916//1916 1407//1407 
f 1909//1909 831//831 1911//1911 
f 31//31 1251//1251 1247//1247 
f 1251//1251 1237//1237 1247//1247 
f 1234//1234 1247//1247 1237//1237 
f 1147//1147 32//32 31//31 
f 1165//1165 34//34 30//30 
f 32//32 1165//1165 30//30 
f 1247//1247 1147//1147 31//31 
f 821//821 820//820 1247//1247 
f 1247//1247 521//521 821//821 
f 1251//1251 31//31 1215//1215 
f 820//820 1143//1143 1147//1147 
f 820//820 1147//1147 1247//1247 
f 1722//1722 1917//1917 1071//1071 
f 1407//1407 1918//1918 1917//1917 
f 1918//1918 1071//1071 1917//1917 
f 1917//1917 1919//1919 1407//1407 
f 1781//1781 1919//1919 1722//1722 
f 1723//1723 1722//1722 1071//1071 
f 1919//1919 1917//1917 1722//1722 
f 1919//1919 1781//1781 1407//1407 
f 1722//1722 1238//1238 1781//1781 
f 30//30 33//33 12//12 
f 27//27 31//31 30//30 
f 30//30 12//12 27//27 
f 31//31 1910//1910 1215//1215 
f 31//31 27//27 1910//1910 
f 1723//1723 1071//1071 1898//1898 
f 1783//1783 1897//1897 1071//1071 
f 1239//1239 1723//1723 1898//1898 
f 1898//1898 1071//1071 1896//1896 
f 1715//1715 1920//1920 1599//1599 
f 1896//1896 1242//1242 1898//1898 
f 1896//1896 1071//1071 1897//1897 
f 1783//1783 1240//1240 1897//1897 
f 1579//1579 1599//1599 1920//1920 
f 831//831 1909//1909 299//299 
f 1921//1921 1618//1618 1922//1922 
f 299//299 19//19 15//15 
f 1923//1923 1586//1586 1627//1627 
f 1627//1627 1579//1579 1924//1924 
f 1925//1925 1926//1926 372//372 
f 1926//1926 1923//1923 372//372 
f 15//15 1905//1905 1371//1371 
f 1926//1926 1586//1586 1923//1923 
f 1927//1927 1925//1925 372//372 
f 1928//1928 1586//1586 1929//1929 
f 1559//1559 1899//1899 1172//1172 
f 1930//1930 1586//1586 1927//1927 
f 1925//1925 1586//1586 1926//1926 
f 1930//1930 1927//1927 372//372 
f 1628//1628 1586//1586 1928//1928 
f 1931//1931 1930//1930 372//372 
f 1289//1289 1778//1778 1912//1912 
f 1929//1929 1931//1931 372//372 
f 1783//1783 1071//1071 1782//1782 
f 1927//1927 1586//1586 1925//1925 
f 1777//1777 1071//1071 1721//1721 
f 1782//1782 1071//1071 1777//1777 
f 1928//1928 1929//1929 372//372 
f 1628//1628 1928//1928 372//372 
f 1619//1619 1628//1628 372//372 
f 1107//1107 1721//1721 1071//1071 
f 1929//1929 1586//1586 1931//1931 
f 369//369 1932//1932 368//368 
f 1922//1922 368//368 1921//1921 
f 1932//1932 1618//1618 1921//1921 
f 1659//1659 1117//1117 1765//1765 
f 1922//1922 1933//1933 368//368 
f 1933//1933 1618//1618 1934//1934 
f 1659//1659 1107//1107 1117//1117 
f 1933//1933 1934//1934 368//368 
f 1934//1934 1619//1619 368//368 
f 372//372 368//368 1619//1619 
f 1934//1934 1618//1618 1619//1619 
f 1922//1922 1618//1618 1933//1933 
f 1619//1619 1587//1587 1628//1628 
f 1778//1778 1117//1117 1912//1912 
f 1661//1661 1912//1912 1117//1117 
f 1931//1931 1586//1586 1930//1930 
f 372//372 1920//1920 552//552 
f 1920//1920 1715//1715 552//552 
f 552//552 1715//1715 1714//1714 
f 1924//1924 1579//1579 1920//1920 
f 372//372 1924//1924 1920//1920 
f 1923//1923 1627//1627 372//372 
f 1924//1924 372//372 1627//1627 
f 369//369 557//557 1935//1935 
f 568//568 1936//1936 557//557 
f 1935//1935 557//557 1937//1937 
f 1838//1838 1819//1819 1813//1813 
f 1938//1938 1660//1660 1305//1305 
f 1661//1661 1117//1117 1938//1938 
f 1812//1812 232//232 1731//1731 
f 232//232 1813//1813 1872//1872 
f 1871//1871 1363//1363 1872//1872 
f 232//232 1872//1872 1363//1363 
f 464//464 1731//1731 232//232 
f 420//420 1453//1453 1725//1725 
f 1939//1939 1725//1725 1453//1453 
f 1450//1450 1940//1940 1453//1453 
f 1941//1941 1451//1451 1014//1014 
f 1451//1451 1942//1942 1943//1943 
f 1943//1943 1944//1944 1451//1451 
f 1941//1941 1942//1942 1451//1451 
f 419//419 1014//1014 1451//1451 
f 1939//1939 1940//1940 1726//1726 
f 1732//1732 1726//1726 1940//1940 
f 1725//1725 1939//1939 1726//1726 
f 1014//1014 79//79 1941//1941 
f 1021//1021 875//875 79//79 
f 1941//1941 79//79 1942//1942 
f 79//79 214//214 1942//1942 
f 874//874 171//171 875//875 
f 1408//1408 1371//1371 1905//1905 
f 357//357 1726//1726 1732//1732 
f 1937//1937 1607//1607 1935//1935 
f 1937//1937 557//557 1936//1936 
f 1945//1945 1946//1946 568//568 
f 1936//1936 568//568 1946//1946 
f 1905//1905 15//15 8//8 
f 18//18 15//15 19//19 
f 1946//1946 1791//1791 1936//1936 
f 1936//1936 1791//1791 1937//1937 
f 1226//1226 1911//1911 831//831 
f 19//19 299//299 1909//1909 
f 1607//1607 1937//1937 1791//1791 
f 29//29 15//15 21//21 
f 1947//1947 1948//1948 1802//1802 
f 26//26 15//15 17//17 
f 1949//1949 1945//1945 969//969 
f 568//568 969//969 1945//1945 
f 1950//1950 1951//1951 969//969 
f 1949//1949 969//969 1951//1951 
f 1951//1951 1791//1791 1949//1949 
f 1945//1945 1791//1791 1946//1946 
f 1949//1949 1791//1791 1945//1945 
f 1305//1305 1661//1661 1938//1938 
f 1950//1950 1802//1802 1951//1951 
f 1433//1433 1952//1952 1432//1432 
f 1953//1953 1950//1950 969//969 
f 1954//1954 1802//1802 1955//1955 
f 1955//1955 1802//1802 1953//1953 
f 1953//1953 1802//1802 1950//1950 
f 1307//1307 1956//1956 1779//1779 
f 1791//1791 1951//1951 1802//1802 
f 1955//1955 1953//1953 969//969 
f 1957//1957 1802//1802 1954//1954 
f 1954//1954 1955//1955 969//969 
f 1958//1958 1802//1802 1957//1957 
f 1957//1957 1954//1954 969//969 
f 1959//1959 1802//1802 1958//1958 
f 1958//1958 1957//1957 969//969 
f 1960//1960 1802//1802 1959//1959 
f 1961//1961 1802//1802 1960//1960 
f 1959//1959 1958//1958 969//969 
f 1960//1960 1959//1959 969//969 
f 1558//1558 1171//1171 1664//1664 
f 1961//1961 1960//1960 969//969 
f 1962//1962 1802//1802 1961//1961 
f 970//970 1963//1963 1964//1964 
f 1963//1963 970//970 1965//1965 
f 1947//1947 1965//1965 970//970 
f 1947//1947 970//970 977//977 
f 1965//1965 1802//1802 1963//1963 
f 1964//1964 1962//1962 970//970 
f 1966//1966 1182//1182 1967//1967 
f 969//969 970//970 1961//1961 
f 1962//1962 1961//1961 970//970 
f 1963//1963 1802//1802 1964//1964 
f 1962//1962 1964//1964 1802//1802 
f 1947//1947 1802//1802 1965//1965 
f 977//977 1948//1948 1947//1947 
f 1948//1948 977//977 1968//1968 
f 1156//1156 1155//1155 1557//1557 
f 1802//1802 1948//1948 1808//1808 
f 1968//1968 1808//1808 1948//1948 
f 1921//1921 368//368 1932//1932 
f 1969//1969 1884//1884 1077//1077 
f 1076//1076 1077//1077 1884//1884 
f 1935//1935 1608//1608 369//369 
f 1932//1932 369//369 1608//1608 
f 1079//1079 1078//1078 1970//1970 
f 1971//1971 1970//1970 1078//1078 
f 1972//1972 1971//1971 1078//1078 
f 4//4 1076//1076 977//977 
f 1608//1608 1618//1618 1932//1932 
f 1//1 1025//1025 1075//1075 
f 1935//1935 1607//1607 1608//1608 
f 552//552 1789//1789 1712//1712 
f 1660//1660 1956//1956 1307//1307 
f 1789//1789 552//552 1714//1714 
f 1599//1599 1597//1597 1715//1715 
f 1044//1044 1806//1806 1045//1045 
f 1973//1973 1974//1974 1047//1047 
f 1045//1045 1973//1973 1047//1047 
f 1975//1975 1045//1045 1976//1976 
f 1976//1976 1045//1045 1806//1806 
f 1779//1779 1977//1977 1978//1978 
f 1806//1806 1807//1807 1808//1808 
f 1975//1975 1976//1976 1973//1973 
f 1047//1047 1974//1974 1979//1979 
f 1067//1067 1047//1047 1979//1979 
f 1973//1973 1045//1045 1975//1975 
f 1979//1979 1980//1980 1067//1067 
f 1978//1978 1309//1309 1779//1779 
f 1981//1981 1067//1067 1980//1980 
f 1808//1808 1973//1973 1976//1976 
f 1804//1804 1802//1802 1808//1808 
f 1976//1976 1806//1806 1808//1808 
f 1078//1078 1982//1982 1972//1972 
f 1554//1554 1982//1982 1078//1078 
f 1554//1554 1078//1078 1075//1075 
f 1983//1983 1984//1984 1980//1980 
f 1983//1983 1985//1985 1984//1984 
f 1986//1986 1980//1980 1984//1984 
f 1981//1981 1980//1980 1986//1986 
f 1986//1986 1984//1984 1987//1987 
f 1986//1986 1987//1987 1981//1981 
f 1808//1808 1988//1988 1987//1987 
f 1984//1984 1985//1985 1987//1987 
f 1079//1079 1970//1970 1989//1989 
f 1079//1079 1990//1990 1991//1991 
f 1990//1990 1079//1079 1992//1992 
f 1989//1989 1992//1992 1079//1079 
f 1993//1993 1067//1067 1994//1994 
f 1987//1987 1994//1994 1067//1067 
f 1987//1987 1067//1067 1981//1981 
f 1990//1990 1992//1992 1104//1104 
f 1985//1985 1808//1808 1987//1987 
f 1994//1994 1987//1987 1988//1988 
f 1989//1989 1104//1104 1992//1992 
f 883//883 1995//1995 884//884 
f 1971//1971 1061//1061 1970//1970 
f 1993//1993 883//883 1067//1067 
f 885//885 1067//1067 883//883 
f 883//883 1993//1993 1995//1995 
f 1719//1719 1309//1309 1978//1978 
f 1719//1719 1996//1996 1914//1914 
f 1997//1997 1320//1320 1998//1998 
f 1983//1983 1808//1808 1985//1985 
f 1914//1914 1998//1998 1320//1320 
f 1726//1726 357//357 87//87 
f 1939//1939 1453//1453 1940//1940 
f 1999//1999 1940//1940 1450//1450 
f 1728//1728 1999//1999 1450//1450 
f 2000//2000 1449//1449 1944//1944 
f 2001//2001 1071//1071 2002//2002 
f 1918//1918 2002//2002 1071//1071 
f 1449//1449 2003//2003 2004//2004 
f 2004//2004 626//626 1449//1449 
f 1071//1071 1916//1916 1915//1915 
f 2000//2000 2003//2003 1449//1449 
f 1451//1451 1944//1944 1449//1449 
f 1071//1071 2001//2001 1916//1916 
f 1999//1999 1728//1728 1732//1732 
f 1918//1918 1407//1407 2002//2002 
f 1407//1407 2001//2001 2002//2002 
f 1729//1729 1730//1730 1732//1732 
f 1728//1728 1729//1729 1732//1732 
f 1940//1940 1999//1999 1732//1732 
f 1916//1916 2001//2001 1407//1407 
f 2000//2000 1944//1944 215//215 
f 214//214 215//215 1944//1944 
f 2004//2004 215//215 626//626 
f 1943//1943 1942//1942 214//214 
f 411//411 374//374 287//287 
f 1731//1731 464//464 1732//1732 
f 357//357 1732//1732 464//464 
f 1944//1944 1943//1943 214//214 
f 215//215 216//216 626//626 
f 216//216 624//624 626//626 
f 2003//2003 215//215 2004//2004 
f 2005//2005 1817//1817 1444//1444 
f 2005//2005 1444//1444 1455//1455 
f 2005//2005 1455//1455 2006//2006 
f 1869//1869 694//694 1443//1443 
f 1455//1455 1413//1413 2006//2006 
f 2007//2007 2006//2006 1413//1413 
f 1443//1443 693//693 2008//2008 
f 694//694 693//693 1443//1443 
f 2007//2007 1413//1413 2009//2009 
f 1459//1459 2009//2009 1413//1413 
f 1459//1459 1413//1413 1412//1412 
f 1657//1657 1656//1656 1414//1414 
f 389//389 1414//1414 1656//1656 
f 2010//2010 2011//2011 1454//1454 
f 1414//1414 1454//1454 2011//2011 
f 1414//1414 2011//2011 1657//1657 
f 2008//2008 2010//2010 1454//1454 
f 2008//2008 1454//1454 1443//1443 
f 2009//2009 1459//1459 2012//2012 
f 1463//1463 2012//2012 1459//1459 
f 2006//2006 2007//2007 2013//2013 
f 2012//2012 2013//2013 2007//2007 
f 2009//2009 2012//2012 2007//2007 
f 1871//1871 2006//2006 2013//2013 
f 1658//1658 390//390 389//389 
f 241//241 1658//1658 1657//1657 
f 2006//2006 1871//1871 2005//2005 
f 1817//1817 2005//2005 1871//1871 
f 2011//2011 241//241 1657//1657 
f 2008//2008 239//239 2010//2010 
f 1877//1877 710//710 1868//1868 
f 1869//1869 1868//1868 238//238 
f 694//694 1869//1869 238//238 
f 710//710 804//804 1868//1868 
f 2010//2010 241//241 2011//2011 
f 804//804 238//238 1868//1868 
f 239//239 240//240 2010//2010 
f 693//693 237//237 2008//2008 
f 1373//1373 2012//2012 1371//1371 
f 1463//1463 1371//1371 2012//2012 
f 2012//2012 1373//1373 1374//1374 
f 2012//2012 1374//1374 2013//2013 
f 1363//1363 1871//1871 2013//2013 
f 1363//1363 2013//2013 1374//1374 
f 1502//1502 1503//1503 1150//1150 
f 1208//1208 1192//1192 1151//1151 
f 1265//1265 1692//1692 1127//1127 
f 1212//1212 1645//1645 1211//1211 
f 1808//1808 1983//1983 1980//1980 
f 1970//1970 1104//1104 1989//1989 
f 1988//1988 2014//2014 1994//1994 
f 1080//1080 1969//1969 1077//1077 
f 1969//1969 1080//1080 2015//2015 
f 1744//1744 1073//1073 1746//1746 
f 1073//1073 1074//1074 1746//1746 
f 1780//1780 2016//2016 1320//1320 
f 1773//1773 1117//1117 1774//1774 
f 1115//1115 1780//1780 1117//1117 
f 2017//2017 1977//1977 1117//1117 
f 1778//1778 1765//1765 1117//1117 
f 1977//1977 1779//1779 1117//1117 
f 1660//1660 1938//1938 1117//1117 
f 2017//2017 1117//1117 1773//1773 
f 2018//2018 1320//1320 2016//2016 
f 2019//2019 1719//1719 1977//1977 
f 1660//1660 1117//1117 1956//1956 
f 1977//1977 1320//1320 2019//2019 
f 1997//1997 2020//2020 1320//1320 
f 2017//2017 1320//1320 1977//1977 
f 1974//1974 1973//1973 1808//1808 
f 1996//1996 1719//1719 2019//2019 
f 1956//1956 1117//1117 1779//1779 
f 2019//2019 1320//1320 1996//1996 
f 1980//1980 1979//1979 1808//1808 
f 1978//1978 1977//1977 1719//1719 
f 2020//2020 1998//1998 1996//1996 
f 1993//1993 1994//1994 2014//2014 
f 1996//1996 1320//1320 2020//2020 
f 1979//1979 1974//1974 1808//1808 
f 1997//1997 1998//1998 2020//2020 
f 1914//1914 1996//1996 1998//1998 
f 1744//1744 1748//1748 1073//1073 
f 1110//1110 1073//1073 1748//1748 
f 1995//1995 1993//1993 2021//2021 
f 1884//1884 2022//2022 977//977 
f 865//865 803//803 1858//1858 
f 2022//2022 2023//2023 1808//1808 
f 1968//1968 2022//2022 1808//1808 
f 1122//1122 1121//1121 1474//1474 
f 1787//1787 1474//1474 1121//1121 
f 1571//1571 2024//2024 1123//1123 
f 1788//1788 1787//1787 1121//1121 
f 1788//1788 1121//1121 1114//1114 
f 1568//1568 2025//2025 1123//1123 
f 1124//1124 1123//1123 2025//2025 
f 2021//2021 2026//2026 1995//1995 
f 882//882 884//884 2027//2027 
f 2024//2024 1568//1568 1123//1123 
f 1788//1788 1114//1114 1748//1748 
f 2028//2028 2029//2029 1124//1124 
f 2030//2030 1115//1115 2029//2029 
f 1124//1124 2025//2025 2028//2028 
f 1115//1115 2016//2016 1780//1780 
f 1774//1774 1117//1117 1780//1780 
f 1124//1124 2029//2029 1115//1115 
f 1115//1115 2030//2030 2016//2016 
f 2014//2014 2021//2021 1993//1993 
f 882//882 2031//2031 886//886 
f 1884//1884 1969//1969 2014//2014 
f 1884//1884 2014//2014 1988//1988 
f 2016//2016 2030//2030 2032//2032 
f 2026//2026 2021//2021 1969//1969 
f 2014//2014 1969//1969 2021//2021 
f 1988//1988 2023//2023 1884//1884 
f 2023//2023 2022//2022 1884//1884 
f 1968//1968 977//977 2022//2022 
f 2029//2029 2028//2028 2032//2032 
f 1567//1567 2032//2032 2028//2028 
f 2024//2024 1571//1571 962//962 
f 1571//1571 898//898 962//962 
f 1568//1568 2024//2024 962//962 
f 2033//2033 1556//1556 1154//1154 
f 2003//2003 2000//2000 215//215 
f 1171//1171 1170//1170 1664//1664 
f 1099//1099 1172//1172 1899//1899 
f 2034//2034 2035//2035 1104//1104 
f 2034//2034 1104//1104 2036//2036 
f 1879//1879 2037//2037 1079//1079 
f 1991//1991 2038//2038 1079//1079 
f 1318//1318 1079//1079 2037//2037 
f 2028//2028 2025//2025 1567//1567 
f 2025//2025 1568//1568 1567//1567 
f 2030//2030 2029//2029 2032//2032 
f 2032//2032 2018//2018 2016//2016 
f 1432//1432 2039//2039 1400//1400 
f 1168//1168 1318//1318 2037//2037 
f 2037//2037 1879//1879 1168//1168 
f 864//864 865//865 1859//1859 
f 1168//1168 1158//1158 1318//1318 
f 1662//1662 1079//1079 2038//2038 
f 1663//1663 1079//1079 1664//1664 
f 1879//1879 1079//1079 1663//1663 
f 2040//2040 2041//2041 1400//1400 
f 1990//1990 1104//1104 1991//1991 
f 1991//1991 1104//1104 2038//2038 
f 1892//1892 2041//2041 2042//2042 
f 1110//1110 1748//1748 1114//1114 
f 1713//1713 1746//1746 1074//1074 
f 1713//1713 1074//1074 1065//1065 
f 1072//1072 1843//1843 1776//1776 
f 1129//1129 1654//1654 549//549 
f 1129//1129 1072//1072 1402//1402 
f 1129//1129 1402//1402 1654//1654 
f 1072//1072 1776//1776 1402//1402 
f 1844//1844 1407//1407 1843//1843 
f 1775//1775 1401//1401 1776//1776 
f 1407//1407 1131//1131 1776//1776 
f 549//549 1654//1654 550//550 
f 1843//1843 1407//1407 1776//1776 
f 2043//2043 2044//2044 1891//1891 
f 1402//1402 1776//1776 1401//1401 
f 884//884 1995//1995 2026//2026 
f 2026//2026 2027//2027 884//884 
f 2023//2023 1988//1988 1808//1808 
f 2045//2045 2046//2046 2047//2047 
f 1969//1969 2015//2015 2026//2026 
f 2048//2048 1662//1662 2038//2038 
f 1559//1559 1079//1079 1899//1899 
f 1558//1558 1079//1079 1559//1559 
f 2038//2038 1104//1104 2048//2048 
f 2049//2049 882//882 2050//2050 
f 2050//2050 882//882 2027//2027 
f 2027//2027 2026//2026 2015//2015 
f 2050//2050 2027//2027 2015//2015 
f 1664//1664 1079//1079 1558//1558 
f 2049//2049 2050//2050 2015//2015 
f 2035//2035 2036//2036 2048//2048 
f 1555//1555 1079//1079 1662//1662 
f 1899//1899 1079//1079 1555//1555 
f 2051//2051 882//882 2052//2052 
f 2052//2052 2049//2049 2015//2015 
f 2051//2051 2052//2052 2015//2015 
f 2035//2035 2034//2034 2036//2036 
f 2052//2052 882//882 2049//2049 
f 2053//2053 882//882 2051//2051 
f 2035//2035 2048//2048 1104//1104 
f 2054//2054 2053//2053 2015//2015 
f 2036//2036 1662//1662 2048//2048 
f 2051//2051 2015//2015 2053//2053 
f 2055//2055 2054//2054 2015//2015 
f 2036//2036 1104//1104 1662//1662 
f 2054//2054 882//882 2053//2053 
f 2056//2056 2055//2055 2015//2015 
f 2055//2055 882//882 2054//2054 
f 2056//2056 882//882 2055//2055 
f 863//863 864//864 1861//1861 
f 2057//2057 882//882 2058//2058 
f 2058//2058 882//882 2056//2056 
f 2059//2059 1186//1186 1966//1966 
f 2060//2060 1094//1094 2061//2061 
f 1111//1111 2061//2061 1094//1094 
f 2062//2062 1094//1094 2060//2060 
f 2060//2060 2061//2061 1186//1186 
f 665//665 1870//1870 825//825 
f 1399//1399 1400//1400 2041//2041 
f 2063//2063 1094//1094 2033//2033 
f 1112//1112 1094//1094 2063//2063 
f 1111//1111 1094//1094 1112//1112 
f 2039//2039 2042//2042 2040//2040 
f 1154//1154 1108//1108 2033//2033 
f 2041//2041 2064//2064 1399//1399 
f 2064//2064 2044//2044 1399//1399 
f 1108//1108 1112//1112 2063//2063 
f 2063//2063 2033//2033 1108//1108 
f 241//241 2010//2010 240//240 
f 1108//1108 1109//1109 1112//1112 
f 2040//2040 2042//2042 2041//2041 
f 2064//2064 1891//1891 2044//2044 
f 2033//2033 1094//1094 1556//1556 
f 1557//1557 1556//1556 1094//1094 
f 825//825 588//588 665//665 
f 1891//1891 2064//2064 1892//1892 
f 1892//1892 2064//2064 2041//2041 
f 1557//1557 1094//1094 1913//1913 
f 1092//1092 1913//1913 1094//1094 
f 2039//2039 2040//2040 1400//1400 
f 1157//1157 1913//1913 1092//1092 
f 1157//1157 1156//1156 1913//1913 
f 1318//1318 1225//1225 1079//1079 
f 1079//1079 1224//1224 1092//1092 
f 1879//1879 1169//1169 1168//1168 
f 2058//2058 2056//2056 2015//2015 
f 1225//1225 1224//1224 1079//1079 
f 1158//1158 1159//1159 1318//1318 
f 2057//2057 2058//2058 2015//2015 
f 2065//2065 882//882 2057//2057 
f 1180//1180 2066//2066 2067//2067 
f 2068//2068 2066//2066 1180//1180 
f 2069//2069 882//882 2065//2065 
f 2065//2065 2057//2057 2015//2015 
f 2070//2070 2071//2071 2015//2015 
f 1177//1177 1180//1180 1967//1967 
f 684//684 683//683 1848//1848 
f 2065//2065 2015//2015 2069//2069 
f 684//684 1848//1848 802//802 
f 1859//1859 1861//1861 864//864 
f 589//589 588//588 710//710 
f 239//239 2008//2008 237//237 
f 2047//2047 2072//2072 2073//2073 
f 2073//2073 2045//2045 2047//2047 
f 575//575 404//404 2046//2046 
f 574//574 575//575 2046//2046 
f 574//574 2046//2046 2045//2045 
f 580//580 574//574 2045//2045 
f 580//580 2045//2045 2073//2073 
f 2074//2074 580//580 2073//2073 
f 1858//1858 803//803 853//853 
f 1858//1858 1859//1859 865//865 
f 296//296 311//311 323//323 
f 2047//2047 2075//2075 1790//1790 
f 1861//1861 1860//1860 863//863 
f 1790//1790 1793//1793 2047//2047 
f 1793//1793 1795//1795 2047//2047 
f 2072//2072 2047//2047 1795//1795 
f 1046//1046 1050//1050 2076//2076 
f 2076//2076 1044//1044 1046//1046 
f 815//815 705//705 704//704 
f 1805//1805 1044//1044 2076//2076 
f 704//704 1901//1901 815//815 
f 1050//1050 2077//2077 2076//2076 
f 2078//2078 2076//2076 2077//2077 
f 681//681 2079//2079 1050//1050 
f 1901//1901 1902//1902 815//815 
f 1060//1060 681//681 1050//1050 
f 1840//1840 1841//1841 837//837 
f 1104//1104 1970//1970 1061//1061 
f 1982//1982 1554//1554 1061//1061 
f 2078//2078 1805//1805 2076//2076 
f 2072//2072 2080//2080 2073//2073 
f 2072//2072 2078//2078 2080//2080 
f 2069//2069 2015//2015 2081//2081 
f 2082//2082 2071//2071 2070//2070 
f 2077//2077 2080//2080 2078//2078 
f 2071//2071 882//882 2081//2081 
f 937//937 2083//2083 2074//2074 
f 2074//2074 2073//2073 937//937 
f 934//934 937//937 2073//2073 
f 2081//2081 882//882 2069//2069 
f 2081//2081 2015//2015 2071//2071 
f 2082//2082 882//882 2071//2071 
f 907//907 2073//2073 2084//2084 
f 905//905 2073//2073 907//907 
f 2070//2070 2085//2085 2082//2082 
f 2086//2086 990//990 2070//2070 
f 990//990 2031//2031 2070//2070 
f 2085//2085 2070//2070 2031//2031 
f 896//896 887//887 2086//2086 
f 2085//2085 882//882 2082//2082 
f 2031//2031 882//882 2085//2085 
f 990//990 886//886 2031//2031 
f 2086//2086 887//887 990//990 
f 2066//2066 1094//1094 2067//2067 
f 2087//2087 1180//1180 2088//2088 
f 2067//2067 2089//2089 1180//1180 
f 2090//2090 1570//1570 2091//2091 
f 2092//2092 2087//2087 1967//1967 
f 2087//2087 2088//2088 1967//1967 
f 2088//2088 2089//2089 1967//1967 
f 2089//2089 2067//2067 1967//1967 
f 2091//2091 434//434 1566//1566 
f 2092//2092 1180//1180 2087//2087 
f 1967//1967 1180//1180 2092//2092 
f 2093//2093 1314//1314 2094//2094 
f 1132//1132 1314//1314 2093//2093 
f 1570//1570 437//437 434//434 
f 2091//2091 2095//2095 2090//2090 
f 434//434 2091//2091 1570//1570 
f 2094//2094 1314//1314 2095//2095 
f 1314//1314 2090//2090 2095//2095 
f 1966//1966 1094//1094 2059//2059 
f 2059//2059 1094//1094 2062//2062 
f 847//847 1161//1161 846//846 
f 846//846 1161//1161 844//844 
f 2062//2062 1186//1186 2059//2059 
f 1567//1567 962//962 1570//1570 
f 2032//2032 1567//1567 1570//1570 
f 2032//2032 1570//1570 2090//2090 
f 2018//2018 2032//2032 2090//2090 
f 2018//2018 2090//2090 1314//1314 
f 1285//1285 2018//2018 1314//1314 
f 2062//2062 2060//2060 1186//1186 
f 2093//2093 2094//2094 1576//1576 
f 2094//2094 2095//2095 1576//1576 
f 2091//2091 1566//1566 2095//2095 
f 2096//2096 2097//2097 1891//1891 
f 1080//1080 2070//2070 2015//2015 
f 1093//1093 2070//2070 1080//1080 
f 1966//1966 1967//1967 1094//1094 
f 1967//1967 2067//2067 1094//1094 
f 1285//1285 1320//1320 2018//2018 
f 2017//2017 1773//1773 1320//1320 
f 1573//1573 2095//2095 1566//1566 
f 2088//2088 1180//1180 2089//2089 
f 2095//2095 1573//1573 1576//1576 
f 1345//1345 1649//1649 1346//1346 
f 2098//2098 1265//1265 2099//2099 
f 2100//2100 908//908 2084//2084 
f 2080//2080 908//908 2100//2100 
f 2073//2073 905//905 2101//2101 
f 2073//2073 2101//2101 2102//2102 
f 2102//2102 2103//2103 2073//2073 
f 2103//2103 2104//2104 2073//2073 
f 2104//2104 938//938 2073//2073 
f 934//934 2073//2073 938//938 
f 2105//2105 2106//2106 2107//2107 
f 2108//2108 2107//2107 2106//2106 
f 122//122 127//127 129//129 
f 2109//2109 1132//1132 2093//2093 
f 2110//2110 2109//2109 2111//2111 
f 2093//2093 2111//2111 2109//2109 
f 2106//2106 2110//2110 2112//2112 
f 2111//2111 2112//2112 2110//2110 
f 2112//2112 2108//2108 2106//2106 
f 2113//2113 556//556 2105//2105 
f 2113//2113 2105//2105 394//394 
f 2083//2083 941//941 2074//2074 
f 393//393 394//394 2105//2105 
f 2114//2114 2115//2115 581//581 
f 1775//1775 1130//1130 1132//1132 
f 934//934 933//933 937//937 
f 1401//1401 1775//1775 1132//1132 
f 1401//1401 1132//1132 2109//2109 
f 2093//2093 1576//1576 1591//1591 
f 550//550 1401//1401 2109//2109 
f 550//550 2109//2109 2110//2110 
f 555//555 550//550 2110//2110 
f 555//555 2110//2110 2106//2106 
f 1593//1593 2112//2112 2111//2111 
f 2111//2111 2093//2093 1591//1591 
f 2111//2111 1591//1591 1593//1593 
f 556//556 555//555 2106//2106 
f 556//556 2106//2106 2105//2105 
f 2114//2114 2074//2074 941//941 
f 2115//2115 2114//2114 941//941 
f 2116//2116 2115//2115 941//941 
f 2115//2115 2116//2116 581//581 
f 968//968 2083//2083 936//936 
f 379//379 378//378 555//555 
f 554//554 553//553 556//556 
f 556//556 2113//2113 554//554 
f 550//550 555//555 548//548 
f 2113//2113 394//394 554//554 
f 1581//1581 2107//2107 2108//2108 
f 2117//2117 2116//2116 941//941 
f 1211//1211 1646//1646 1266//1266 
f 1333//1333 1266//1266 1646//1646 
f 1595//1595 2112//2112 1593//1593 
f 1595//1595 2108//2108 2112//2112 
f 2108//2108 1598//1598 1581//1581 
f 1598//1598 2108//2108 1595//1595 
f 2118//2118 2119//2119 2120//2120 
f 2121//2121 2120//2120 2119//2119 
f 2046//2046 2118//2118 2075//2075 
f 2120//2120 2075//2075 2118//2118 
f 2075//2075 2047//2047 2046//2046 
f 1272//1272 128//128 130//130 
f 2122//2122 2123//2123 2119//2119 
f 405//405 2122//2122 2119//2119 
f 405//405 2119//2119 2118//2118 
f 404//404 405//405 2118//2118 
f 404//404 2118//2118 2046//2046 
f 2121//2121 1606//1606 2120//2120 
f 1278//1278 1272//1272 2124//2124 
f 1207//1207 1622//1622 1212//1212 
f 1646//1646 1211//1211 1645//1645 
f 2121//2121 1584//1584 1606//1606 
f 1606//1606 1790//1790 2120//2120 
f 2075//2075 2120//2120 1790//1790 
f 1346//1346 1650//1650 1347//1347 
f 1350//1350 1740//1740 1351//1351 
f 1093//1093 1096//1096 1686//1686 
f 1687//1687 1686//1686 1096//1096 
f 1650//1650 1346//1346 1649//1649 
f 1094//1094 2066//2066 2068//2068 
f 1678//1678 1687//1687 1096//1096 
f 2125//2125 1279//1279 1278//1278 
f 1094//1094 2126//2126 2127//2127 
f 2126//2126 1094//1094 2128//2128 
f 2068//2068 2128//2128 1094//1094 
f 1095//1095 2129//2129 2130//2130 
f 1682//1682 1095//1095 2130//2130 
f 2127//2127 2129//2129 1095//1095 
f 2127//2127 1095//1095 1094//1094 
f 1678//1678 1685//1685 1687//1687 
f 2129//2129 2127//2127 1125//1125 
f 2099//2099 1297//1297 2131//2131 
f 2130//2130 2129//2129 1125//1125 
f 1720//1720 1350//1350 1349//1349 
f 1126//1126 1127//1127 1691//1691 
f 1297//1297 2099//2099 1265//1265 
f 1180//1180 1125//1125 2127//2127 
f 1125//1125 1126//1126 1682//1682 
f 581//581 2116//2116 2117//2117 
f 2128//2128 2068//2068 1180//1180 
f 1180//1180 2127//2127 2126//2126 
f 2126//2126 2128//2128 1180//1180 
f 581//581 2117//2117 941//941 
f 1795//1795 1805//1805 2072//2072 
f 2072//2072 1805//1805 2078//2078 
f 2077//2077 2132//2132 983//983 
f 984//984 2077//2077 983//983 
f 2133//2133 680//680 983//983 
f 125//125 130//130 128//128 
f 987//987 2077//2077 984//984 
f 987//987 2134//2134 2077//2077 
f 956//956 2121//2121 2119//2119 
f 130//130 131//131 1272//1272 
f 2105//2105 2107//2107 956//956 
f 2134//2134 877//877 2077//2077 
f 2135//2135 2124//2124 1272//1272 
f 2121//2121 956//956 2107//2107 
f 2077//2077 877//877 2136//2136 
f 1351//1351 1741//1741 1357//1357 
f 2137//2137 393//393 2138//2138 
f 2139//2139 2137//2137 2140//2140 
f 1645//1645 1212//1212 1622//1622 
f 2137//2137 2139//2139 2140//2140 
f 924//924 866//866 1333//1333 
f 2077//2077 2136//2136 2141//2141 
f 2077//2077 2141//2141 2080//2080 
f 2084//2084 2073//2073 2100//2100 
f 2080//2080 2100//2100 2073//2073 
f 2119//2119 2142//2142 2143//2143 
f 2144//2144 2145//2145 2133//2133 
f 2146//2146 2133//2133 2145//2145 
f 2147//2147 2148//2148 2133//2133 
f 2146//2146 2147//2147 2133//2133 
f 680//680 2147//2147 2146//2146 
f 2147//2147 680//680 2148//2148 
f 2133//2133 2148//2148 680//680 
f 2119//2119 1031//1031 2149//2149 
f 2150//2150 2132//2132 2077//2077 
f 2079//2079 2150//2150 2077//2077 
f 2079//2079 2077//2077 1050//1050 
f 321//321 281//281 323//323 
f 2151//2151 983//983 2132//2132 
f 2152//2152 983//983 2153//2153 
f 2154//2154 983//983 2151//2151 
f 118//118 119//119 1438//1438 
f 2155//2155 2156//2156 2157//2157 
f 2153//2153 983//983 2154//2154 
f 2132//2132 680//680 2151//2151 
f 2152//2152 2144//2144 983//983 
f 2153//2153 2154//2154 680//680 
f 498//498 411//411 1640//1640 
f 1639//1639 411//411 1638//1638 
f 2152//2152 2158//2158 2144//2144 
f 2133//2133 983//983 2144//2144 
f 2144//2144 2152//2152 680//680 
f 2158//2158 2152//2152 2144//2144 
f 2152//2152 2153//2153 680//680 
f 1639//1639 1640//1640 411//411 
f 2145//2145 680//680 2146//2146 
f 2145//2145 2144//2144 680//680 
f 2074//2074 2114//2114 581//581 
f 120//120 121//121 1298//1298 
f 924//924 1648//1648 1345//1345 
f 121//121 123//123 1298//1298 
f 2159//2159 2160//2160 2161//2161 
f 1893//1893 2161//2161 2160//2160 
f 1347//1347 1650//1650 1651//1651 
f 2161//2161 1786//1786 2159//2159 
f 2162//2162 2159//2159 1786//1786 
f 1637//1637 1638//1638 411//411 
f 534//534 507//507 498//498 
f 1349//1349 1355//1355 1720//1720 
f 1144//1144 1693//1693 1139//1139 
f 1693//1693 1689//1689 1139//1139 
f 2163//2163 2164//2164 2165//2165 
f 1692//1692 2166//2166 1137//1137 
f 1786//1786 1785//1785 2162//2162 
f 1347//1347 1716//1716 1355//1355 
f 2157//2157 1893//1893 2155//2155 
f 2160//2160 2155//2155 1893//1893 
f 2167//2167 2043//2043 2156//2156 
f 1691//1691 1127//1127 1692//1692 
f 2044//2044 2167//2167 1399//1399 
f 2167//2167 2155//2155 1399//1399 
f 2155//2155 2160//2160 1399//1399 
f 2160//2160 2159//2159 1399//1399 
f 1757//1757 1766//1766 1354//1354 
f 1770//1770 1354//1354 1766//1766 
f 2156//2156 2155//2155 2167//2167 
f 2162//2162 1399//1399 2159//2159 
f 2164//2164 1399//1399 2162//2162 
f 2168//2168 1399//1399 2163//2163 
f 1757//1757 1357//1357 1741//1741 
f 2165//2165 2168//2168 2163//2163 
f 2164//2164 2163//2163 1399//1399 
f 1357//1357 1757//1757 1354//1354 
f 1785//1785 2165//2165 2164//2164 
f 2162//2162 1785//1785 2164//2164 
f 2044//2044 2043//2043 2167//2167 
f 1649//1649 1345//1345 1648//1648 
f 2124//2124 2169//2169 1278//1278 
f 2168//2168 2165//2165 258//258 
f 2070//2070 1093//1093 1686//1686 
f 2070//2070 1686//1686 2086//2086 
f 2086//2086 1686//1686 896//896 
f 1740//1740 1350//1350 1720//1720 
f 1682//1682 2130//2130 1125//1125 
f 1741//1741 1351//1351 1740//1740 
f 1177//1177 1967//1967 1182//1182 
f 1966//1966 1186//1186 1182//1182 
f 2061//2061 1185//1185 1186//1186 
f 1185//1185 2061//2061 1111//1111 
f 1031//1031 169//169 2149//2149 
f 2119//2119 2149//2149 2170//2170 
f 2119//2119 2170//2170 956//956 
f 1692//1692 1265//1265 2166//2166 
f 2170//2170 2149//2149 172//172 
f 1653//1653 1429//1429 2171//2171 
f 2172//2172 1433//1433 1908//1908 
f 2173//2173 960//960 2143//2143 
f 2119//2119 2143//2143 960//960 
f 2142//2142 2123//2123 150//150 
f 2143//2143 2142//2142 150//150 
f 2174//2174 960//960 2173//2173 
f 2175//2175 960//960 2174//2174 
f 2174//2174 2173//2173 150//150 
f 2176//2176 2177//2177 2178//2178 
f 2178//2178 2179//2179 2176//2176 
f 923//923 2178//2178 928//928 
f 2177//2177 928//928 2178//2178 
f 2180//2180 2176//2176 2179//2179 
f 2176//2176 2180//2180 2181//2181 
f 2182//2182 2183//2183 1265//1265 
f 2184//2184 2185//2185 2043//2043 
f 2186//2186 960//960 2175//2175 
f 960//960 268//268 2119//2119 
f 907//907 2084//2084 908//908 
f 268//268 384//384 2119//2119 
f 384//384 2187//2187 2119//2119 
f 2187//2187 954//954 2119//2119 
f 954//954 991//991 2119//2119 
f 991//991 992//992 2119//2119 
f 1278//1278 2188//2188 2125//2125 
f 992//992 2189//2189 2119//2119 
f 2189//2189 1031//1031 2119//2119 
f 2189//2189 168//168 1031//1031 
f 956//956 2170//2170 172//172 
f 902//902 2105//2105 105//105 
f 956//956 105//105 2105//2105 
f 375//375 399//399 287//287 
f 902//902 957//957 2105//2105 
f 321//321 323//323 311//311 
f 957//957 958//958 2105//2105 
f 2190//2190 393//393 958//958 
f 2138//2138 393//393 2190//2190 
f 296//296 323//323 287//287 
f 114//114 115//115 113//113 
f 1438//1438 113//113 115//115 
f 112//112 114//114 113//113 
f 1438//1438 115//115 118//118 
f 2180//2180 2191//2191 2181//2181 
f 399//399 395//395 287//287 
f 2192//2192 2181//2181 2191//2191 
f 2141//2141 921//921 2080//2080 
f 2135//2135 1272//1272 131//131 
f 1144//1144 2193//2193 2194//2194 
f 1144//1144 2194//2194 2195//2195 
f 1144//1144 2195//2195 2196//2196 
f 2196//2196 2197//2197 1144//1144 
f 2166//2166 2198//2198 124//124 
f 2196//2196 2195//2195 2199//2199 
f 2195//2195 2194//2194 2199//2199 
f 2200//2200 2199//2199 2194//2194 
f 2194//2194 2193//2193 2200//2200 
f 1144//1144 2201//2201 1693//1693 
f 580//580 2074//2074 581//581 
f 2197//2197 2202//2202 1144//1144 
f 2202//2202 2203//2203 1144//1144 
f 124//124 1137//1137 2166//2166 
f 2204//2204 2183//2183 124//124 
f 131//131 124//124 2135//2135 
f 2204//2204 124//124 2198//2198 
f 2201//2201 1694//1694 1693//1693 
f 2199//2199 2205//2205 2196//2196 
f 2197//2197 2196//2196 2205//2205 
f 2202//2202 2197//2197 2206//2206 
f 2205//2205 2206//2206 2197//2197 
f 2203//2203 2207//2207 1144//1144 
f 2207//2207 2208//2208 1144//1144 
f 2208//2208 2209//2209 1144//1144 
f 2209//2209 2210//2210 1144//1144 
f 2154//2154 2151//2151 680//680 
f 2132//2132 2150//2150 680//680 
f 2079//2079 680//680 2150//2150 
f 2183//2183 2182//2182 124//124 
f 2169//2169 124//124 2188//2188 
f 2124//2124 124//124 2169//2169 
f 2211//2211 2212//2212 1694//1694 
f 2166//2166 1265//1265 2198//2198 
f 2208//2208 2207//2207 2213//2213 
f 2203//2203 2214//2214 2207//2207 
f 2213//2213 2207//2207 2214//2214 
f 2135//2135 124//124 2124//2124 
f 2206//2206 2214//2214 2202//2202 
f 2203//2203 2202//2202 2214//2214 
f 2215//2215 2216//2216 1144//1144 
f 2216//2216 2217//2217 1144//1144 
f 2210//2210 2215//2215 1144//1144 
f 2217//2217 2218//2218 1144//1144 
f 2201//2201 1144//1144 2211//2211 
f 2219//2219 2220//2220 124//124 
f 2182//2182 2219//2219 124//124 
f 2221//2221 124//124 2222//2222 
f 2125//2125 124//124 2221//2221 
f 2188//2188 124//124 2125//2125 
f 2201//2201 2211//2211 1694//1694 
f 334//334 2212//2212 2223//2223 
f 334//334 1694//1694 2212//2212 
f 2204//2204 1265//1265 2183//2183 
f 2213//2213 2224//2224 2208//2208 
f 2209//2209 2208//2208 2224//2224 
f 2215//2215 2210//2210 2225//2225 
f 2043//2043 1891//1891 2226//2226 
f 1279//1279 2221//2221 2222//2222 
f 2209//2209 2224//2224 2210//2210 
f 2225//2225 2210//2210 2224//2224 
f 1279//1279 2125//2125 2221//2221 
f 2211//2211 1144//1144 2212//2212 
f 2212//2212 1144//1144 2223//2223 
f 2218//2218 2227//2227 1144//1144 
f 2098//2098 124//124 2220//2220 
f 2131//2131 124//124 2099//2099 
f 2222//2222 124//124 2131//2131 
f 2227//2227 334//334 2223//2223 
f 2079//2079 681//681 680//680 
f 2220//2220 2219//2219 1265//1265 
f 2182//2182 1265//1265 2219//2219 
f 2225//2225 2228//2228 2215//2215 
f 2216//2216 2215//2215 2228//2228 
f 2131//2131 1279//1279 2222//2222 
f 2217//2217 2216//2216 337//337 
f 2228//2228 337//337 2216//2216 
f 2223//2223 1144//1144 2227//2227 
f 2229//2229 2227//2227 2218//2218 
f 2220//2220 2230//2230 2098//2098 
f 2229//2229 334//334 2227//2227 
f 2230//2230 2220//2220 1265//1265 
f 2218//2218 335//335 334//334 
f 2218//2218 334//334 2229//2229 
f 1265//1265 2098//2098 2230//2230 
f 2099//2099 124//124 2098//2098 
f 337//337 335//335 2217//2217 
f 2218//2218 2217//2217 335//335 
f 2231//2231 2232//2232 2200//2200 
f 2200//2200 2232//2232 2205//2205 
f 2205//2205 2232//2232 2206//2206 
f 2214//2214 2206//2206 2232//2232 
f 2199//2199 2200//2200 2205//2205 
f 2232//2232 2233//2233 2214//2214 
f 330//330 327//327 2214//2214 
f 332//332 330//330 2214//2214 
f 2234//2234 332//332 2214//2214 
f 2233//2233 2234//2234 2214//2214 
f 329//329 333//333 305//305 
f 1890//1890 2235//2235 1891//1891 
f 333//333 2236//2236 305//305 
f 2237//2237 305//305 2236//2236 
f 332//332 2234//2234 333//333 
f 2236//2236 333//333 2234//2234 
f 2237//2237 2236//2236 2233//2233 
f 2234//2234 2233//2233 2236//2236 
f 2184//2184 2043//2043 2226//2226 
f 1162//1162 305//305 2238//2238 
f 2237//2237 2238//2238 305//305 
f 1162//1162 2238//2238 2231//2231 
f 2232//2232 2231//2231 2238//2238 
f 2233//2233 2232//2232 2237//2237 
f 2238//2238 2237//2237 2232//2232 
f 1162//1162 2193//2193 1144//1144 
f 2239//2239 2157//2157 2156//2156 
f 2231//2231 2200//2200 2193//2193 
f 2231//2231 2193//2193 1162//1162 
f 1894//1894 1893//1893 2157//2157 
f 2228//2228 2225//2225 322//322 
f 324//324 322//322 2225//2225 
f 322//322 315//315 2228//2228 
f 2240//2240 1786//1786 2161//2161 
f 806//806 2137//2137 2138//2138 
f 806//806 805//805 2137//2137 
f 334//334 336//336 1694//1694 
f 2190//2190 958//958 143//143 
f 2190//2190 143//143 2138//2138 
f 2140//2140 2137//2137 805//805 
f 2241//2241 2140//2140 805//805 
f 2242//2242 2241//2241 805//805 
f 260//260 1894//1894 2191//2191 
f 2243//2243 103//103 2242//2242 
f 143//143 806//806 2138//2138 
f 1894//1894 2192//2192 2191//2191 
f 805//805 2244//2244 2242//2242 
f 2224//2224 2213//2213 327//327 
f 2213//2213 2214//2214 327//327 
f 327//327 324//324 2224//2224 
f 337//337 2228//2228 315//315 
f 2225//2225 2224//2224 324//324 
f 251//251 1894//1894 260//260 
f 2245//2245 103//103 2243//2243 
f 2241//2241 2242//2242 103//103 
f 260//260 262//262 251//251 
f 2245//2245 2243//2243 2244//2244 
f 2243//2243 2242//2242 2244//2244 
f 256//256 251//251 262//262 
f 1694//1694 336//336 1684//1684 
f 1684//1684 336//336 897//897 
f 1759//1759 1493//1493 265//265 
f 103//103 2245//2245 2244//2244 
f 2244//2244 805//805 103//103 
f 265//265 1492//1492 262//262 
f 2173//2173 2143//2143 150//150 
f 923//923 916//916 603//603 
f 1768//1768 1752//1752 928//928 
f 2168//2168 258//258 257//257 
f 160//160 954//954 161//161 
f 2187//2187 384//384 161//161 
f 268//268 155//155 384//384 
f 126//126 125//125 128//128 
f 609//609 2180//2180 2179//2179 
f 2178//2178 609//609 2179//2179 
f 1952//1952 2246//2246 2176//2176 
f 2176//2176 2246//2246 2172//2172 
f 1908//1908 2247//2247 2176//2176 
f 1653//1653 2177//2177 2247//2247 
f 2198//2198 1265//1265 2204//2204 
f 2176//2176 2172//2172 1908//1908 
f 1785//1785 2248//2248 2165//2165 
f 928//928 2249//2249 1768//1768 
f 2171//2171 2250//2250 2177//2177 
f 928//928 2177//2177 2250//2250 
f 928//928 2250//2250 2249//2249 
f 2188//2188 1278//1278 2169//2169 
f 2176//2176 2247//2247 2177//2177 
f 2177//2177 1653//1653 2171//2171 
f 2250//2250 1354//1354 2249//2249 
f 2142//2142 2119//2119 2123//2123 
f 1354//1354 2250//2250 1428//1428 
f 2123//2123 2122//2122 150//150 
f 253//253 250//250 258//258 
f 2247//2247 1431//1431 1653//1653 
f 1908//1908 1431//1431 2247//2247 
f 257//257 1399//1399 2168//2168 
f 2249//2249 1354//1354 1768//1768 
f 2171//2171 1429//1429 2250//2250 
f 2131//2131 1297//1297 1279//1279 
f 254//254 253//253 258//258 
f 252//252 264//264 1398//1398 
f 1428//1428 2250//2250 1429//1429 
f 2246//2246 1433//1433 2172//2172 
f 2251//2251 218//218 1759//1759 
f 1493//1493 1759//1759 218//218 
f 2252//2252 218//218 2251//2251 
f 2251//2251 1228//1228 2252//2252 
f 1229//1229 2252//2252 1228//1228 
f 1493//1493 200//200 1760//1760 
f 2253//2253 2254//2254 243//243 
f 2254//2254 2255//2255 243//243 
f 120//120 1298//1298 119//119 
f 2253//2253 1760//1760 242//242 
f 2256//2256 243//243 2255//2255 
f 123//123 122//122 129//129 
f 2256//2256 2255//2255 242//242 
f 2255//2255 2254//2254 242//242 
f 2254//2254 2253//2253 242//242 
f 129//129 1298//1298 123//123 
f 242//242 1760//1760 200//200 
f 200//200 1493//1493 202//202 
f 201//201 202//202 1493//1493 
f 331//331 201//201 1493//1493 
f 331//331 1493//1493 144//144 
f 218//218 144//144 1493//1493 
f 205//205 145//145 218//218 
f 2252//2252 206//206 218//218 
f 206//206 2252//2252 245//245 
f 340//340 2257//2257 1229//1229 
f 2252//2252 1229//1229 245//245 
f 245//245 207//207 206//206 
f 218//218 206//206 205//205 
f 245//245 1229//1229 163//163 
f 342//342 1229//1229 2257//2257 
f 939//939 2104//2104 950//950 
f 163//163 1229//1229 164//164 
f 2258//2258 342//342 2257//2257 
f 164//164 1229//1229 246//246 
f 2258//2258 2259//2259 342//342 
f 246//246 1229//1229 342//342 
f 2259//2259 2258//2258 339//339 
f 2259//2259 2260//2260 342//342 
f 2260//2260 2259//2259 339//339 
f 342//342 2260//2260 339//339 
f 243//243 1263//1263 1760//1760 
f 1760//1760 2253//2253 243//243 
f 243//243 2256//2256 242//242 
f 1069//1069 1062//1062 1554//1554 
f 1972//1972 1982//1982 1061//1061 
f 146//146 248//248 331//331 
f 331//331 144//144 146//146 
f 246//246 221//221 164//164 
f 2257//2257 340//340 339//339 
f 342//342 247//247 246//246 
f 2258//2258 2257//2257 339//339 
f 300//300 1228//1228 2251//2251 
f 826//826 2251//2251 1759//1759 
f 2251//2251 1378//1378 300//300 
f 1378//1378 2251//2251 826//826 
f 1761//1761 1760//1760 1263//1263 
f 939//939 938//938 2104//2104 
f 945//945 581//581 940//940 
f 938//938 935//935 934//934 
f 1952//1952 1433//1433 2246//2246 
f 608//608 609//609 2178//2178 
f 2178//2178 923//923 608//608 
f 603//603 608//608 923//923 
f 2176//2176 2181//2181 1952//1952 
f 2180//2180 609//609 630//630 
f 2181//2181 2261//2261 2262//2262 
f 2262//2262 1952//1952 2181//2181 
f 2263//2263 2264//2264 2181//2181 
f 2181//2181 2264//2264 2261//2261 
f 2263//2263 1432//1432 2264//2264 
f 2039//2039 1432//1432 2263//2263 
f 2261//2261 1432//1432 2262//2262 
f 2121//2121 2107//2107 1584//1584 
f 2107//2107 1581//1581 1584//1584 
f 2181//2181 2096//2096 2263//2263 
f 2105//2105 958//958 393//393 
f 2137//2137 103//103 393//393 
f 2241//2241 103//103 2140//2140 
f 2140//2140 103//103 2137//2137 
f 2263//2263 2265//2265 2266//2266 
f 2267//2267 2039//2039 2268//2268 
f 405//405 150//150 2122//2122 
f 2175//2175 2174//2174 150//150 
f 2186//2186 2175//2175 150//150 
f 2269//2269 2270//2270 2266//2266 
f 2270//2270 2271//2271 2266//2266 
f 150//150 960//960 2186//2186 
f 2272//2272 2039//2039 2267//2267 
f 2187//2187 161//161 954//954 
f 159//159 991//991 954//954 
f 2267//2267 2268//2268 2271//2271 
f 2272//2272 2267//2267 2271//2271 
f 2273//2273 2272//2272 2271//2271 
f 2268//2268 2266//2266 2271//2271 
f 2192//2192 2184//2184 2181//2181 
f 2273//2273 2039//2039 2272//2272 
f 992//992 168//168 2189//2189 
f 172//172 2149//2149 169//169 
f 2271//2271 2274//2274 2273//2273 
f 2273//2273 2274//2274 2039//2039 
f 2271//2271 2039//2039 2274//2274 
f 2265//2265 2263//2263 2275//2275 
f 2269//2269 2266//2266 2265//2265 
f 2235//2235 2263//2263 2096//2096 
f 1890//1890 2263//2263 2235//2235 
f 2096//2096 2181//2181 2097//2097 
f 2275//2275 2263//2263 1890//1890 
f 2268//2268 2039//2039 2266//2266 
f 2269//2269 2042//2042 2270//2270 
f 2270//2270 2042//2042 2271//2271 
f 2271//2271 2042//2042 2039//2039 
f 2269//2269 2265//2265 2042//2042 
f 1892//1892 2275//2275 1890//1890 
f 2226//2226 2181//2181 2184//2184 
f 2097//2097 2181//2181 2226//2226 
f 2276//2276 2277//2277 2192//2192 
f 2278//2278 2279//2279 2192//2192 
f 2192//2192 2239//2239 2280//2280 
f 2192//2192 2280//2280 2276//2276 
f 2277//2277 2276//2276 2156//2156 
f 2276//2276 2280//2280 2156//2156 
f 2239//2239 2156//2156 2280//2280 
f 2185//2185 2184//2184 2192//2192 
f 2192//2192 2277//2277 2185//2185 
f 2156//2156 2043//2043 2185//2185 
f 2156//2156 2185//2185 2277//2277 
f 2239//2239 2192//2192 2281//2281 
f 2239//2239 2281//2281 2157//2157 
f 2279//2279 2278//2278 2157//2157 
f 2281//2281 2192//2192 2279//2279 
f 1894//1894 2278//2278 2192//2192 
f 2157//2157 2281//2281 2279//2279 
f 2278//2278 1894//1894 2157//2157 
f 1894//1894 251//251 1895//1895 
f 2282//2282 1895//1895 251//251 
f 2283//2283 251//251 2284//2284 
f 2284//2284 251//251 2285//2285 
f 2285//2285 251//251 2240//2240 
f 2285//2285 2240//2240 2161//2161 
f 2282//2282 251//251 2283//2283 
f 2240//2240 251//251 2286//2286 
f 2286//2286 251//251 1784//1784 
f 1786//1786 2240//2240 2286//2286 
f 1786//1786 2286//2286 1784//1784 
f 2287//2287 2288//2288 2289//2289 
f 2290//2290 251//251 2248//2248 
f 1784//1784 251//251 2290//2290 
f 2291//2291 2292//2292 2287//2287 
f 2293//2293 2248//2248 2294//2294 
f 255//255 2294//2294 2248//2248 
f 2289//2289 258//258 2287//2287 
f 2293//2293 2288//2288 2165//2165 
f 2165//2165 2248//2248 2293//2293 
f 2291//2291 2295//2295 2292//2292 
f 2288//2288 2287//2287 2292//2292 
f 950//950 2103//2103 948//948 
f 2165//2165 2288//2288 258//258 
f 908//908 2080//2080 921//921 
f 630//630 2191//2191 2180//2180 
f 630//630 639//639 2191//2191 
f 255//255 2248//2248 251//251 
f 968//968 942//942 2083//2083 
f 2296//2296 2288//2288 2294//2294 
f 941//941 940//940 581//581 
f 2288//2288 2293//2293 2294//2294 
f 2289//2289 2288//2288 2296//2296 
f 2296//2296 2294//2294 258//258 
f 2296//2296 258//258 2289//2289 
f 2101//2101 947//947 2102//2102 
f 260//260 2191//2191 261//261 
f 639//639 261//261 2191//2191 
f 2262//2262 1432//1432 1952//1952 
f 2265//2265 1892//1892 2042//2042 
f 1893//1893 1895//1895 2282//2282 
f 2283//2283 2284//2284 2161//2161 
f 2283//2283 2161//2161 2282//2282 
f 1893//1893 2282//2282 2161//2161 
f 2265//2265 2275//2275 1892//1892 
f 574//574 561//561 575//575 
f 2096//2096 1891//1891 2235//2235 
f 2226//2226 1891//1891 2097//2097 
f 2103//2103 950//950 2104//2104 
f 937//937 936//936 2083//2083 
f 2284//2284 2285//2285 2161//2161 
f 987//987 985//985 2134//2134 
f 255//255 254//254 258//258 
f 2295//2295 2291//2291 258//258 
f 255//255 258//258 2294//2294 
f 1785//1785 2290//2290 2248//2248 
f 921//921 2141//2141 920//920 
f 1785//1785 1784//1784 2290//2290 
f 2287//2287 258//258 2291//2291 
f 905//905 926//926 2101//2101 
f 2292//2292 258//258 2288//2288 
f 2102//2102 948//948 2103//2103 
f 2295//2295 258//258 2292//2292 
f 2264//2264 1432//1432 2261//2261 
f 2266//2266 2039//2039 2263//2263 
f 986//986 2134//2134 985//985 
f 878//878 877//877 986//986 
f 2134//2134 986//986 877//877 
f 877//877 876//876 2136//2136 
f 920//920 2136//2136 876//876 
f 2136//2136 920//920 2141//2141 
f 907//907 906//906 905//905 
f 947//947 2101//2101 926//926 
f 2102//2102 947//947 948//948 
f 573//573 572//572 581//581 
f 941//941 2083//2083 942//942 
f 1554//1554 1025//1025 1060//1060 
f 1060//1060 1069//1069 1554//1554 
f 1025//1025 682//682 1060//1060 
f 1972//1972 1061//1061 1971//1971 
f 681//681 1060//1060 682//682 
f 978//978 983//983 680//680 
f 982//982 984//984 978//978 
f 107//107 7//7 6//6 
f 179//179 373//373 136//136 
f 6//6 367//367 107//107 
f 373//373 179//179 367//367 
f 107//107 367//367 179//179 
f 1129//1129 377//377 1065//1065 
f 136//136 373//373 377//377 
f 551//551 377//377 373//373 
f 7//7 559//559 5//5 
f 559//559 569//569 5//5 
f 569//569 559//559 571//571 
f 3//3 2//2 908//908 
f 949//949 908//908 2//2 
f 571//571 949//949 569//569 
f 922//922 908//908 949//949 
f 949//949 571//571 922//922 
