v 3.387300014 0.4988000095 -1.071799994
vn 0.7363262177 -0.1914882511 0.6489652991
v 3.388400078 0.5 -1.070999861
vn 0.6099270582 0.391854316 -0.6887954473
v 3.381799936 0.4636999965 -1.075799823
vn 0.7840521336 -0.1689765602 0.5972513556
v 3.387600183 0.5 -1.071599841
vn 0.002553567756 0.9999942183 0.002250842284
v 1.726099968 0.5 -2.89289999
vn -0.2367880046 0.08918111026 0.967459619
v 1.513100028 0.5 -2.991100073
vn 0.1277336627 0.7005606294 -0.7020676136
v 1.718799949 0.5 -2.89470005
vn -0.2370480597 0.0890526101 0.9674078226
v 1.702600002 0.5 -2.898799896
vn -0.2403410077 0.08592323214 0.9668781757
v 1.710999966 0.5 -2.896600008
vn -0.2444466949 0.08538932353 0.9658957124
v -2.53489995 0.1648000032 -0.9938000441
vn 0.7007398009 -0.03710385785 -0.7124513984
v -2.448499918 5.286352689e-09 -1.070999861
vn -0.5941357613 -0.3836526275 -0.7069748044
v -2.536200047 0.1169000044 -0.9926000237
vn 0.6494886875 -0.03423700109 -0.7596001029
v 1.693600059 0.5 -2.900900126
vn 0.001579845208 0.9999986887 0.0004043725494
v -4.521100044 0.5 0.3836000264
vn 0.9147785306 0.1984655261 0.3518404365
v -4.524000168 0.5 0.3910999596
vn 0.9174720049 0.1969695687 0.3456127346
v -4.531700134 5.286352689e-09 0.4117000699
vn 0.9326977134 0.0004956767079 0.3606588244
v 1.769000053 0.5 -2.8822999
vn -0.07885637134 0.9443485737 0.3193546832
v 1.761199951 0.5 -2.884200335
vn -0.2370480597 0.0890526101 0.9674078226
v -0.5015000105 0.3413000107 -1.995100141
vn -0.981175065 -0.1078710034 0.1601851732
v -0.5005999804 0.3332000077 -1.995299935
vn -0.9944847226 -0.08859948069 0.05612759292
v -0.6402000189 0.3332000077 -1.960800052
vn 0.8651351929 -0.1005582735 -0.4913543761
v -4.518000126 0.5 0.375499934
vn 0.9183613062 0.1925407201 0.3457464576
v -4.531700134 5.286352689e-09 0.4117000699
vn 0.9339418411 0.0002875588543 0.3574249744
v 2.865499973 5.286352689e-09 -1.22420001
vn -0.7098324299 -0.532975018 -0.4605166018
v 3.356100082 5.286352689e-09 -1.094599843
vn 0.01898601837 -0.9997024536 0.01531348657
v 2.756000042 5.286352689e-09 -1.114699841
vn -0.0790251866 -0.9920913577 -0.09751805663
v 1.746899962 0.5 -2.887700081
vn -0.2416184843 0.08679137379 0.9664821625
v 1.753900051 0.5 -2.885999918
vn -0.2367898822 0.08918017894 0.9674592614
v 1.739899993 0.5 -2.889499903
vn -0.2449475378 0.08514082432 0.9657907486
v 1.733100057 0.5 -2.891200066
vn -0.2382911742 0.08843812346 0.9671587348
v 2.174000025 0.5 -1.915700078
vn 0.3558625579 0.7567874789 0.548301518
v 2.312000036 0.5 -1.985999823
vn 0.09400393069 0.9314098954 0.3516231477
v 1.735800028 0.5 -2.672099829
vn -0.002164959442 0.9999974966 -0.0005315446761
v 1.777400017 0.5 -2.880200148
vn -0.2416717857 0.08379636705 0.966733098
v 1.786299944 0.5 -2.878000259
vn -0.004824248608 0.9999879003 -0.0009643865633
v 2.032000065 0.5 -2.861200094
vn 0.2241671085 0.6352254152 -0.7390789986
v 2.312000036 5.286352689e-09 -1.985999823
vn 0.2269349098 -0.7742862105 0.5907465219
v 2.174000025 5.286352689e-09 -1.915700078
vn 0.2725120187 -0.9015580416 0.3360511065
v 2.032000065 5.286352689e-09 -2.861200094
vn 0.1538954824 -0.8478608727 -0.5073934197
v 4.748099804 0.173999995 0.7760999799
vn -0.2499301881 -0.04452688247 -0.9672394991
v 4.748600006 0.1254999936 0.7778000832
vn -0.3039850593 -0.0365655385 -0.9519748092
v 4.720200062 5.286352689e-09 0.6994000077
vn 0.3363602161 -0.9310239553 -0.1416200101
v 4.748799801 0.1169000044 0.7781000733
vn -0.3015794456 -0.02218888327 -0.9531828165
v 4.749199867 0.05869999528 0.7792000175
vn -0.2544842362 -0.01432348602 -0.966970861
v 4.749300003 5.286352689e-09 0.7796999216
vn -0.008454169147 -0.9996175766 -0.02632860094
v 4.682600021 0.1080999896 0.6208999157
vn 0.4067384601 -0.02164660022 0.9132881761
v 4.682099819 0.05869999528 0.6199999452
vn 0.4564723969 -0.01917406544 0.8895309567
v 4.682700157 0.1169000044 0.6211000681
vn 0.4580949843 -0.03435957059 0.8882389069
v 4.683400154 0.1652999967 0.6226999164
vn 0.4075298607 -0.03607147187 0.9124791622
v 4.682099819 0.04980000481 0.6199000478
vn 0.4063678086 -0.007610777393 0.9136778712
v 4.683499813 0.173999995 0.6230000854
vn 0.4606222808 -0.04960822314 0.8862088323
v 4.681900024 5.286352689e-09 0.6196000576
vn 0.009101873264 -0.9998006225 0.01777361706
v 2.53550005 5.286352689e-09 -2.681000233
vn 0.3102285862 -0.58567518 -0.7488275766
v 3.019000053 5.286352689e-09 -2.452300072
vn 0.2788063884 -0.8062967658 -0.5216824412
v 2.618000031 5.286352689e-09 -1.985999823
vn -0.105404608 -0.9129307866 0.3942680061
v 2.756000042 5.286352689e-09 -1.915700078
vn -0.2204762548 -0.9143261313 0.3397026956
v 2.464999914 5.286352689e-09 -2.010200024
vn 0.0189572107 -0.9329297543 0.3595589995
v 3.487600088 0.05869999528 -0.9824001193
vn -0.6827549934 -0.01149391849 -0.7305570245
v 3.388400078 5.286352689e-09 -1.070999861
vn 0.1723103672 -0.9642451406 -0.201346606
v 3.486599922 0.1169000044 -0.9831998944
vn -0.6978394389 -0.02878690511 -0.7156755328
v 3.487799883 5.286352689e-09 -0.9820999503
vn -0.002440094715 -0.9999927878 -0.002903146436
v 3.487799883 0.009800008498 -0.9822000265
vn -0.6434044838 -0.006102078129 -0.7655020952
v 3.480200052 0.2827000022 -0.9889000058
vn -0.1348575056 -0.06021584198 -0.9890336394
v 2.935800076 5.286352689e-09 -1.362200141
vn -0.3147067726 -0.9454528093 -0.0841344595
v 2.960000038 5.286352689e-09 -1.515200138
vn -0.3591251671 -0.9332894087 -8.022347478e-18
v 3.953399658 5.286352689e-09 -1.771499872
vn 0.1086272672 -0.9884656072 0.1055265144
v 2.865499973 5.286352689e-09 -1.80610013
vn -0.5633621812 -0.6887946725 0.4562729299
v 3.477799654 5.286352689e-09 -2.177400112
vn 0.4193508029 -0.6558982134 -0.627648294
v 2.935800076 5.286352689e-09 -1.668099999
vn -0.4023172557 -0.9061235189 0.130694434
v 2.174000025 5.286352689e-09 -1.114699841
vn 0.08583198488 -0.9874864817 -0.1322999746
v 1.113999963 5.286352689e-09 1.016000032
vn -0.0406079255 -0.9677084684 0.2487796247
v 2.064500093 5.286352689e-09 -1.22420001
vn 0.1236384809 -0.9872563481 -0.100192152
v 2.312000036 5.286352689e-09 -1.044399977
vn 0.03270691261 -0.9943774343 -0.1007165387
v 1.423400044 5.286352689e-09 1.085500002
vn -0.06275466084 -0.9674847722 0.2450204939
v 2.464999914 5.286352689e-09 -1.020200133
vn 4.760684987e-18 -0.9777137041 -0.209942624
v 1.723700047 5.286352689e-09 1.181900024
vn -0.08442227542 -0.9675508142 0.238155961
v 2.618000031 5.286352689e-09 -1.044399977
vn -0.1235371605 -0.9387867451 -0.3215866387
v 2.012000084 5.286352689e-09 1.304200053
vn -0.03492016345 -0.9965102673 0.07581491023
v -2.416599989 0.3332000077 -1.094300032
vn -0.7815164924 -0.09347136319 0.6168428659
v -2.420799971 0.3804999888 -1.091300011
vn -0.8509756923 -0.1139371768 0.5126975179
v -2.413100004 0.2827000022 -1.096900105
vn -0.7799765468 -0.07435270399 0.6213760972
v -2.410099983 0.2294999957 -1.099099874
vn -0.778740108 -0.05724424124 0.6247295141
v -0.6248000264 0.4569999874 -1.964600086
vn 0.9215176702 -0.1572720557 -0.3550643623
v -0.6237000227 0.4636999965 -1.964899898
vn 0.9136920571 -0.1816286743 -0.3635627627
v -0.5171999335 0.4636999965 -1.99119997
vn -0.9818245769 -0.1615357697 0.09963285923
v -2.530299664 0.2741000056 -0.9978999496
vn 0.6970367432 -0.06758111715 -0.7138435245
v -2.5297997 0.2827000022 -0.9983001351
vn -0.02435493283 -0.05581942201 -0.9981437922
v -2.448499918 0.5 -1.070999861
vn -0.2034861892 0.9499325156 -0.2371109873
v -2.526499987 0.3332000077 -1.001300097
vn 0.711566329 -0.09581186622 -0.6960555911
v 3.482500076 0.238499999 -0.9868999124
vn -0.6934587955 -0.06876967102 -0.7172068357
v 3.482999802 0.2294999957 -0.9865000248
vn -0.6914070845 -0.05227700248 -0.7205715179
v 3.485100031 0.173999995 -0.9846000075
vn -0.6407166123 -0.04295036197 -0.7665751576
v 3.476900339 0.3332000077 -0.9918999672
vn -0.7047117352 -0.08791461587 -0.7040258646
v 0.7958999872 5.286352689e-09 -1.694699883
vn -0.2067129314 -0.9445637465 -0.2550863624
v 0.9053999782 5.286352689e-09 -1.804200053
vn -0.1065913439 -0.9918951988 -0.0691530779
v 0.7985000014 5.286352689e-09 0.9739999771
vn -0.005305596162 -0.9973902702 0.07200346887
v 0.6578999758 5.286352689e-09 -1.624400139
vn -0.1026151702 -0.9581832886 -0.2671233416
v 0.2138999999 5.286352689e-09 -1.694699883
vn 0.03044403903 -0.9984343052 -0.04692594334
v 0.3519000113 5.286352689e-09 -1.624400139
vn 0.07660063356 -0.9550051689 -0.2865265906
v 0.4799000025 5.286352689e-09 0.9598999619
vn 0.001124777598 -0.9970884323 0.07624580711
v -0.6182999611 0.4929000139 -1.966199994
vn 0.9240902662 -0.1889442205 -0.3322006166
v -0.5184000134 0.4697000086 -1.990900159
vn -0.9727857113 -0.1891091615 0.1338867396
v -0.6171000004 0.4988000095 -1.966500163
vn 0.9251585603 -0.208151862 -0.3174183667
v -0.5241000056 0.5 -1.989500046
vn -0.0008531578351 0.9999995232 -0.0004885339877
v -0.6168000102 0.5 -1.966599941
vn 0.001311667613 0.9999990463 -0.0004722673912
v -0.5110999346 0.4241999984 -1.992699862
vn -0.9834505916 -0.1456608623 0.1077396199
v 0.6578999758 5.286352689e-09 -2.565999985
vn -0.1182781234 -0.8889731169 0.4424218535
v 0.9840999842 5.286352689e-09 -3.069600344
vn 0.08245913684 -0.5416479707 -0.836551249
v 0.7958999872 5.286352689e-09 -2.495699883
vn -0.288258642 -0.8714697361 0.3967964649
v 0.5048999786 5.286352689e-09 -2.590199947
vn 0.04367273301 -0.5585217476 0.8283393979
v 0.4499000013 5.286352689e-09 -3.095900059
vn -3.89509962e-18 -0.8002378941 -0.5996826887
v 0.9757000208 5.286352689e-09 -1.942199826
vn -0.8446971178 -0.4852737784 -0.2258231789
v 1.431900024 5.286352689e-09 -1.997400045
vn 0.04252463579 -0.9990922213 0.002522419905
v 0.9998999834 5.286352689e-09 -2.0952003
vn -0.8656286001 -0.4986022711 0.04563874751
v 1.599799991 5.286352689e-09 -1.955900073
vn -0.01995023899 -0.9997606874 -0.00897566136
v 3.46900034 0.4241999984 -0.9989998937
vn -0.6945232749 -0.137359187 -0.7062364221
v 3.464299917 0.4636999965 -1.003200173
vn -0.6923239827 -0.167327866 -0.7019180059
v 3.473200321 0.3804999888 -0.9952000976
vn -0.6677663922 -0.1171835288 -0.7350891232
v 3.476300001 0.3411999941 -0.992399931
vn -0.7074972391 -0.1048890948 -0.6988890767
v 3.459199905 0.4988000095 -1.007699966
vn -0.7002666593 -0.190651238 -0.6879525185
v 0.9757000208 5.286352689e-09 -2.24819994
vn -0.3001183867 -0.9469092488 0.1152902916
v 0.9053999782 5.286352689e-09 -2.386199951
vn -0.2835173011 -0.9365875125 0.2059653848
v 1.513100028 5.286352689e-09 -2.991100073
vn 0.1675557196 -0.6080490947 -0.7760163546
v 2.960000038 0.5 -1.515200138
vn -0.5735060573 0.8192013502 -5.016161539e-17
v 3.907299995 0.5 -1.858799934
vn 0.5310813189 0.5470701456 -0.6470447183
v 2.935800076 0.5 -1.668099999
vn -0.2161878049 0.9738227129 0.07022950053
v -0.6308000088 0.4167999923 -1.963099957
vn 0.9209605455 -0.1264171898 -0.3685788214
v -0.6298999786 0.4241999984 -1.963400126
vn 0.9200129509 -0.1508116126 -0.3617070913
v -0.5055999756 0.3804999888 -1.993999839
vn -0.9915617704 -0.1197935119 0.04954618961
v 0.9053999782 0.5 -2.386199951
vn -0.6173014641 0.6464003325 0.4484478831
v 0.9757000208 0.5 -2.24819994
vn -0.2422215492 0.9680575132 0.06475609541
v 0.9998999834 0.5 -2.0952003
vn -0.8467214108 0.5301603079 -0.04464187846
v 1.656000018 5.286352689e-09 -2.910200119
vn 0.06936927885 -0.9973037243 0.02394216135
v 0.9757000208 0.5 -1.942199826
vn -0.798171699 0.5185632706 -0.3066171706
v 0.9053999782 0.5 -1.804200053
vn -0.2283314168 0.9558389187 -0.1850316077
v 4.034500122 0.5 -1.699399829
vn -0.659101069 0.07091778517 0.7487031817
v 4.028800011 0.5 -1.704399824
vn -0.6636269689 0.0688104257 0.74489218
v 0.7958999872 0.5 -1.694699883
vn -0.03286669403 0.998175025 -0.05066017807
v 0.6578999758 0.5 -1.624400139
vn -0.07704923302 0.9544640183 -0.2882046103
v 0.5048999786 5.286352689e-09 -1.600199938
vn -0.007443459239 -0.9899559617 -0.1411798745
v 0.5048999786 0.5 -1.600199938
vn 0.01482104976 0.9595609903 -0.2811103761
v 0.6578999758 0.5 -2.565999985
vn -0.1642164886 0.8889843822 0.427480638
v 0.5048999786 0.5 -2.590199947
vn -0.04367273301 0.5585217476 0.8283393979
v 4.001699924 0.5 -1.728399992
vn -0.6553955674 0.07263214886 0.7517853975
v 3.995699883 0.5 -1.733699918
vn -0.6688089371 0.06637910008 0.7404649854
v 0.7958999872 0.5 -2.495699883
vn -0.1592035592 0.9626153111 0.2191483676
v 4.720200062 0.5 0.6994000077
vn 0.3695248663 0.9160526991 -0.1558808684
v 4.744100094 0.3404000103 0.7652000189
vn 0.1007131711 -0.09687416255 -0.9901880026
v 4.744299889 0.3332000077 0.7659000754
vn -0.2361033708 -0.08819522709 -0.9677172899
v 4.747099876 0.2294999957 0.7734000087
vn -0.2832953632 -0.05698990449 -0.9573379159
v 4.745800018 0.2827000022 0.7699999809
vn -0.2956179082 -0.06912064552 -0.9528023601
v 4.745600224 0.2903000116 0.769399941
vn -0.2962588668 -0.08602833748 -0.9512254
v 4.742599964 0.3804999888 0.7610999346
vn -0.292594254 -0.1109346002 -0.9497800469
v 4.736199856 0.4988000095 0.7433999181
vn -0.2968230546 -0.1961000264 -0.9345805645
v 4.738200188 0.4690000117 0.7488999367
vn -0.3225629628 -0.1911670566 -0.9270427823
v 4.053899765 0.5 -1.682100058
vn -0.0008341744542 0.999999404 -0.0007207685267
v 4.046899796 0.5 -1.688300014
vn -0.6662560701 0.06651559472 0.7427506447
v 2.064500093 5.286352689e-09 -1.80610013
vn 0.2703418136 -0.9466624856 0.1753436923
v 1.823899984 5.286352689e-09 -2.868700027
vn -0.1341005117 -0.9906142354 -0.02646568231
v -0.5237999558 0.4988000095 -1.989500046
vn -0.9723144174 -0.1920956671 0.1330559105
v 4.023499966 0.5 -1.709200144
vn -0.6623214483 0.06941983104 0.7459967732
v 4.018099785 0.5 -1.713900089
vn -0.6623383164 0.06941196322 0.7459825277
v 4.684599876 0.2211000025 0.6251999736
vn 0.4088526666 -0.05214001983 0.9111097455
v 4.684800148 0.2294999957 0.62560004
vn 0.4643543661 -0.06661529094 0.8831406832
v 4.686399937 0.2827000022 0.6288999915
vn 0.4298157394 -0.07410980016 0.8998700976
v 4.688300133 0.3332000077 0.6327999234
vn 0.6640662551 -0.08969332278 0.7422742844
v 4.690499783 0.3804999888 0.6374999881
vn 0.3933194578 -0.1139561236 0.9123123288
v 1.433300018 0.1067000106 -1.997099876
vn 0.9979254603 -0.0209011808 0.06089249626
v 1.433500051 0.1169000044 -1.99699986
vn 0.9975579381 -0.0318781063 0.06214475259
v 1.598199964 0.1169000044 -1.956299901
vn -0.9138114452 -0.02568710409 -0.405325532
v 1.596199989 0.173999995 -1.956799865
vn -0.9387515187 -0.03709020093 -0.3425928652
v 1.435099959 0.1640000045 -1.996599913
vn 0.9973089695 -0.03530633077 0.06425143033
v 1.435500026 0.173999995 -1.996499896
vn 0.998110652 -0.04871408269 0.03744382411
v 1.595700026 0.183799997 -1.956899881
vn -0.9207525849 -0.05127159134 -0.3867633939
v 1.599400043 0.05869999528 -1.95600009
vn -0.8917247057 -0.01148696709 -0.4524324238
v 1.432299972 0.05869999528 -1.997300029
vn 0.9981324077 -0.0132640237 0.05963050947
v -2.514600039 0.4573999941 -1.011999965
vn 0.7086523771 -0.1574508846 -0.6877652407
v -2.518499851 0.4241999984 -1.008399963
vn 0.6755937934 -0.1526663899 -0.7212947011
v -2.519200087 0.4171999991 -1.007799983
vn 0.7106502652 -0.1300498545 -0.6914211512
v -2.513800144 0.4636999965 -1.012599945
vn 0.6728871465 -0.1858325899 -0.7160231471
v -2.508699894 0.4988000095 -1.017200112
vn 0.7041587234 -0.1925515085 -0.6834357381
v 1.74000001 5.286352689e-09 -2.889499903
vn -0.2406822592 6.844993914e-05 0.9706039429
v 1.74000001 5.286352689e-09 -2.889499903
vn -1.711937273e-14 -0.7220374346 0.6918540001
v 1.74000001 5.286352689e-09 -2.889499903
vn -0.2413813025 -0.00186985312 0.9704285264
v 1.74000001 5.286352689e-09 -2.889499903
vn -0.2376044691 -0.001026794896 0.9713614583
v 1.74000001 5.286352689e-09 -2.889499903
vn -0.2407390624 9.627925465e-05 0.9705898762
v -4.502399921 0.173999995 0.3339999318
vn -0.3007282317 -0.04409064725 0.9526901841
v -4.531700134 5.286352689e-09 0.4117000699
vn 0.935026288 -0.000362182589 0.3545782566
v -4.501599789 0.1169000044 0.3321000338
vn -0.2872135639 -0.02681302838 0.957491219
v 1.739899993 5.286352689e-09 -2.889499903
vn -0.2381578237 -0.002522872062 0.9712231755
v -4.531700134 5.286352689e-09 0.4117000699
vn 0.9358881712 -0.0002771598811 0.352297157
v 4.040500164 0.5 -1.694099903
vn -0.6654358506 0.06796398014 0.7433545589
v 1.739899993 5.286352689e-09 -2.889499903
vn -0.2360158563 -0.0001937433117 0.9717491865
v 1.739899993 5.286352689e-09 -2.889499903
vn -0.2393856347 -9.36165452e-05 0.9709245563
v 4.007400036 0.5 -1.723500013
vn -0.6562939882 0.07221738994 0.7510411739
v 4.012800217 0.5 -1.718700051
vn -0.6662954092 0.06756090373 0.7426210046
v 1.739899993 5.286352689e-09 -2.889499903
vn -0.2432831824 0.0004543437972 0.9699552059
v 1.739899993 5.286352689e-09 -2.889499903
vn -0.2398865223 -0.0001174959252 0.9708009362
v 3.989300013 0.5 -1.739599824
vn -0.6690288782 0.06504704803 0.7403845191
v 3.98239994 0.5 -1.745700121
vn 0.001052969717 0.9999989867 0.0009484610637
v 1.739899993 5.286352689e-09 -2.889499903
vn -0.2490189373 5.886970966e-17 0.9684985876
v 4.303599834 0.5 -1.499599934
vn 0.515696764 0.6963980198 -0.4990858138
v 1.739899993 5.286352689e-09 -2.889499903
vn -0.2425356209 0.0001455455204 0.9701424837
v 1.739899993 5.286352689e-09 -2.889499903
vn -0.2366895378 -0.0002154739341 0.9715853333
v 3.584300041 0.5 0.01789993234
vn 0.08334622532 0.996152997 -0.02706599422
v 3.560100079 0.5 -0.1351000518
vn 0.08991126716 0.9959498048 -6.251346673e-17
v 1.723700047 0.5 1.181900024
vn -0.03274461254 0.9959103465 0.08420453221
v -4.557199955 0.3332000077 0.4791999757
vn 0.4296495914 -0.09899855405 -0.8975524902
v -4.558700085 0.2827000022 0.4831999838
vn 0.4295897782 -0.07803695649 -0.8996459842
v -4.531700134 5.286352689e-09 0.4117000699
vn 0.9357112646 0.0001461800857 0.3527668715
v 1.739899993 5.286352689e-09 -2.889499903
vn -0.2394839376 -0.0001104083058 0.9709002972
v 2.012000084 0.5 1.304200053
vn -0.1681914628 0.9261579514 0.3375545442
v 2.285599947 0.5 1.451200008
vn -0.1625201702 0.9513499737 0.2617640197
v 3.654600143 0.5 0.1559000462
vn 0.211833775 0.9651136398 -0.1538897753
v 1.739899993 5.286352689e-09 -2.889499903
vn 0 0 0
v 1.739899993 5.286352689e-09 -2.889499903
vn -0.2425596416 5.940373085e-17 0.9701365232
v 1.739899993 5.286352689e-09 -2.889499903
vn -0.2359846085 9.492913523e-05 0.9717568159
v 1.739899993 5.286352689e-09 -2.889499903
vn 0 0 0
v 2.541800022 0.5 1.621700048
vn -0.1879352629 0.9506367445 0.2469213158
v 2.778100014 0.5 1.813799977
vn -0.2102181017 0.9509660006 0.2268743962
v 3.764099836 0.5 0.2653999031
vn 0.07948438078 0.9908133745 -0.1094126701
v 1.739799976 5.286352689e-09 -2.889499903
vn -0.2241318673 -0.3530137539 0.9083755612
v 1.739899993 5.286352689e-09 -2.889499903
vn 0 -0.5709617138 0.8209766746
v 1.739899993 5.286352689e-09 -2.889499903
vn -0.2418756038 -0.0005027209409 0.9703071117
v 1.739899993 5.286352689e-09 -2.889499903
vn -0.2432875633 -0.0008951931959 0.9699537754
v -0.8707000017 0.05869999528 -2.839900017
vn 0.984215498 -0.01644336805 -0.1762085259
v -0.6539999843 0.05869999528 -1.957399845
vn 0.8882415891 -0.01139039733 -0.4592354298
v -0.8711000085 5.286352689e-09 -2.839799881
vn 0.1192101687 -0.9925947189 -0.0233386755
v 1.739899993 5.286352689e-09 -2.889499903
vn -0.2407415062 -9.614813462e-05 0.9705892801
v 1.739899993 5.286352689e-09 -2.889499903
vn 0 0 0
v 1.739899993 5.286352689e-09 -2.889499903
vn 0 0 0
v 1.739899993 5.286352689e-09 -2.889499903
vn -0.2394118458 -5.366245205e-06 0.970918119
v 1.739899993 5.286352689e-09 -2.889499903
vn 0 0 0
v -3.092900038 0.3804999888 -1.650699854
vn 0.7873285413 -0.1163660511 -0.6054524779
v -2.522799969 0.3804999888 -1.004599929
vn 0.6760658622 -0.1150705069 -0.7278006077
v 1.739899993 5.286352689e-09 -2.889499903
vn -0.236664921 0.000117555981 0.9715913534
v 1.739899993 5.286352689e-09 -2.889499903
vn -0.2533482611 -0.0009066196508 0.9673746824
v 1.739899993 5.286352689e-09 -2.889499903
vn -0.2396665812 0.0001403250644 0.9708552361
v 1.739899993 5.286352689e-09 -2.889499903
vn -0.2384654284 0.000112003705 0.9711509943
v 1.739899993 5.286352689e-09 -2.889499903
vn -0.2336921245 0.001025924925 0.9723101258
v 1.739899993 5.286352689e-09 -2.889499903
vn -0.2387983799 0.0001027939579 0.9710691571
v 1.739899993 5.286352689e-09 -2.889499903
vn -0.237458691 0.001511176815 0.9713964462
v 2.618000031 0.5 -1.044399977
vn -0.01659950428 0.9979324341 -0.06209089607
v 3.182300091 0.5 2.255500078
vn -0.1816847622 0.9739980102 0.1353459358
v 4.736100197 0.5 0.7430999279
vn -4.279057248e-05 1 -0.0001458466722
v 2.992300034 0.5 2.025700092
vn -0.1062445566 0.9898855686 0.09401418269
v 1.423400044 0.5 1.085500002
vn -0.0699339658 0.9675967693 0.2426226139
v 2.312000036 0.5 -1.044399977
vn 0.06434054673 0.9780621529 -0.1981280595
v 2.174000025 0.5 -1.114699841
vn 0.09928517789 0.9874874949 -0.1225191355
v 3.584300041 0.5 -0.288100034
vn 0.3829258978 0.9119918942 0.1471004188
v 2.464999914 0.5 -1.020200133
vn 1.004190067e-17 0.9751785398 -0.2214201242
v 1.113999963 0.5 1.016000032
vn -0.04788668081 0.9677842259 0.2471852601
v 2.064500093 0.5 -1.22420001
vn 0.08767189085 0.9945242405 -0.05687871948
v 0.7985000014 0.5 0.9739999771
vn -0.0318360664 0.9507983923 0.3081702888
v 1.589900017 0.2827000022 -1.958400011
vn -0.9064270258 -0.07067645341 -0.4164071381
v 1.592800021 0.2389000058 -1.957700014
vn -0.9222196937 -0.0668355152 -0.3808462024
v 1.441100001 0.2734000087 -1.995100141
vn 0.9936498404 -0.06692513078 0.09044910967
v 1.438300014 0.2294999957 -1.995800138
vn 0.9970692396 -0.06219947338 0.04454399273
v 1.43780005 0.2197999954 -1.995899916
vn 0.995113492 -0.05132486299 0.08434977382
v 1.593400002 0.2294999957 -1.957499862
vn -0.903888762 -0.05375950411 -0.4243760407
v 1.441799998 0.2827000022 -1.994899988
vn 0.9929750562 -0.08367054909 0.08366435021
v 1.589100003 0.2915999889 -1.958600163
vn -0.9450958967 -0.0869461447 -0.3150143921
v 1.585600019 0.3332000077 -1.959399939
vn -0.8828786016 -0.09431920946 -0.4600318372
v 1.44599998 0.3332000077 -1.993899822
vn 0.9909574986 -0.09784274548 0.09181508422
v 1.58070004 0.3804999888 -1.960700035
vn -0.9207331538 -0.1071344092 -0.3751968443
v 1.450899959 0.3804999888 -1.992699862
vn 0.9895569086 -0.1150327846 0.08685927838
v 3.902100086 0.5 0.3357000053
vn 0.0815032199 0.9645554423 -0.2509780526
v -4.531700134 5.286352689e-09 0.4116000235
vn 0.7104392648 -0.6505324244 0.2684838474
v -4.501200199 0.05869999528 0.3309000432
vn -0.2618153989 -0.01551134232 0.9649932981
v 1.740100026 5.286352689e-09 -2.889499903
vn -0.08485341817 -0.9357676506 0.3422555029
v 4.662799835 0.5 -1.103299856
vn 0.4074780345 0.8497835398 -0.3344093263
v 4.208000183 0.5 -0.60589993
vn -0.1285377741 0.9335793257 0.3345260024
v 4.346000195 0.5 -0.5355998278
vn -0.4773207307 0.6517922282 0.5893486142
v 4.455599785 0.5 -0.4260999858
vn -0.3551720679 0.9059332609 0.2305161655
v 5.256400108 0.5 -0.2150000632
vn 0.4107940495 0.8826784492 -0.2283134758
v 4.981400013 0.5 -0.6737000346
vn 0.6155626178 0.6629840136 -0.4260691106
v 4.525899887 0.5 -0.288100034
vn -0.3936938345 0.9131962657 0.1052510589
v -4.531700134 5.286352689e-09 0.4117000699
vn 0.9357577562 0.0001747422066 0.3526434302
v 4.55009985 0.5 -0.1351000518
vn -0.7274618745 0.6850753427 -0.03835413978
v 4.525899887 0.5 0.01789993234
vn -0.2987265885 0.9474141598 -0.1147556826
v 4.698800087 0.5 0.6547999978
vn 0.0002867581788 0.999999702 0.0006888681673
v 4.208000183 0.5 0.3357000053
vn -0.03848634288 0.9888443947 -0.1438943297
v 1.970000029 5.286352689e-09 -1.515200138
vn 0.1727131307 -0.9849721789 -4.128913645e-19
v 1.994199991 5.286352689e-09 -1.668099999
vn 0.6971242428 -0.6802440882 0.2264636904
v 4.055099964 0.5 0.3599000871
vn 0 0.9577851295 -0.2874850035
v -4.531700134 5.286352689e-09 0.4117000699
vn 0.9368418455 0.0002750443527 0.3497531116
v -4.542300224 0.5 0.4397000372
vn 0.9169644713 0.1972540617 0.3467952609
v -4.531700134 5.286352689e-09 0.4117000699
vn 0.9339418411 -0.0002160620061 0.3574249744
v 4.346000195 0.5 0.2653999031
vn -0.446718663 0.571030736 -0.688742578
v 5.440599918 0.173999995 0.3346999586
vn 0.2848161459 -0.04553546384 0.9575000405
v -2.508500099 0.5 -1.017399907
vn 0.0005224303459 0.9999997616 -0.0005062335986
v 4.738500118 0.4636999965 0.749800086
vn -0.3220089972 -0.1585757583 -0.9333616495
v 4.740699768 0.4241999984 0.7556999922
vn -0.2952767015 -0.1441126615 -0.9444804192
v 4.742300034 0.3871000111 0.7602999806
vn -0.3238839805 -0.1292387396 -0.9372280836
v -0.8519999981 0.3804999888 -2.844500303
vn 0.9812341332 -0.1191477254 -0.1516028643
v -0.635299921 0.3804999888 -1.962000012
vn 0.9387378097 -0.1112707257 -0.3261750937
v 1.994199991 5.286352689e-09 -1.362200141
vn 0.3496983349 -0.9271811247 -0.1343364567
v -3.083899975 0.4636999965 -1.65869987
vn 0.8002027273 -0.1773855835 -0.5728961229
v 4.082799911 5.286352689e-09 -1.656399965
vn -0.1625003964 -0.9754962921 0.1483259499
v 4.303599834 5.286352689e-09 -1.499599934
vn 0.5071565509 -0.6842358708 -0.5240358114
v 4.07679987 5.286352689e-09 -1.64959991
vn -0.08820661902 -0.9930567145 -0.07783314586
v 5.89989996 0.5 2.354099989
vn 0.3155456781 0.9489104152 -5.502967256e-17
v 5.873700142 0.5 1.820000052
vn 0.2254773229 0.9739029408 -0.02594204992
v 3.482700109 0.5 2.759500027
vn -0.1435605437 0.9876196384 0.06322860718
v 1.662400007 0.2294999957 -2.908699989
vn 0.9513821602 -0.06075345725 0.3019618988
v 3.907299995 5.286352689e-09 -1.858799934
vn 0.3968474567 -0.7802175879 -0.4835003912
v -4.531700134 5.286352689e-09 0.4117000699
vn 0.9351804256 0.0001501367224 0.3541716039
v -2.425299883 0.4241999984 -1.087900162
vn -0.7515791655 -0.1367144287 0.6453200579
v -2.430399895 0.4636999965 -1.08430016
vn -0.7470662594 -0.167423293 0.6433206201
v -2.436000109 0.4988000095 -1.080199957
vn -0.7414546013 -0.1933641583 0.6425382495
v -2.436199903 0.5 -1.080000162
vn -0.0007043355145 0.9999995828 0.0006105502835
v 4.455599785 0.5 0.1559000462
vn -0.6504991055 0.5464339852 -0.5275043249
v 4.692599773 0.4176000059 0.641800046
vn 0.3831611276 -0.1287687868 0.9146617651
v 4.69299984 0.4241999984 0.6425999999
vn 0.4095710814 -0.1528009027 0.8993905783
v 4.695700169 0.4636999965 0.6482999325
vn 0.4052621722 -0.1885156035 0.8945526481
v 4.695300102 0.4578000009 0.6474000812
vn 0.3802346885 -0.1580518037 0.91128546
v 4.698699951 0.4988000095 0.6545000076
vn 0.3775699139 -0.192962274 0.905652523
v 3.346299887 0.5 2.50090003
vn -0.09296565503 0.9941262603 0.05541049317
v 5.795199871 0.5 1.290899992
vn 0.17167826 0.9844545126 -0.03709262237
v 4.018099785 5.286352689e-09 -1.713900089
vn -0.667134285 0.001150756027 0.7449365854
v 4.018099785 5.286352689e-09 -1.713900089
vn -0.6654712558 0.0003727785661 0.7464233637
v 5.453000069 0.5 0.3675999641
vn 0.005073476117 0.9998919964 0.01379271783
v 5.485000134 0.5 0.2684999406
vn 0.7462328672 0.5818280578 -0.323438704
v 4.018099785 5.286352689e-09 -1.713900089
vn 0 0 0
v 4.018099785 5.286352689e-09 -1.713900089
vn -0.6518772244 0.0006100465544 0.7583242655
v 4.018099785 5.286352689e-09 -1.713900089
vn -0.6620352268 2.017112092e-05 0.7494727373
v 4.018099785 5.286352689e-09 -1.713900089
vn 0 0 0
v 4.018099785 5.286352689e-09 -1.713900089
vn -0.6654714942 -0.000371506816 0.7464231849
v 4.018099785 5.286352689e-09 -1.713900089
vn -0.6646265388 2.312353536e-05 0.7471757531
v 4.018099785 5.286352689e-09 -1.713900089
vn -0.6655746698 -0.0001755851408 0.7463312149
v 4.018099785 5.286352689e-09 -1.713900089
vn -0.6674128771 -0.0006093436969 0.7446876764
v -4.531700134 5.286352689e-09 0.4117000699
vn 0.9349398017 0.0003246766573 0.3548061848
v -4.507999897 0.3804999888 0.3489000499
vn -0.2651883066 -0.1213983446 0.9565237164
v -4.531700134 5.286352689e-09 0.4117000699
vn 0 0 0
v 4.018099785 5.286352689e-09 -1.713900089
vn -0.6653394103 0.0002086251625 0.7465409636
v 4.018099785 5.286352689e-09 -1.713900089
vn -0.663429141 -0.0001202793137 0.7482391
v 4.018099785 5.286352689e-09 -1.713900089
vn -0.6674157381 0.0006108681555 0.7446850538
v -3.08859992 0.4241999984 -1.654499888
vn 0.8009149432 -0.1457511485 -0.5807683468
v 4.018099785 5.286352689e-09 -1.713900089
vn -0.6620268822 -2.002837391e-05 0.7494801283
v 4.018099785 5.286352689e-09 -1.713900089
vn -0.6712825298 0.0002828804427 0.74120152
v 4.018099785 5.286352689e-09 -1.713900089
vn -0.6565076113 4.61887397e-17 0.7543193698
v 4.018099785 5.286352689e-09 -1.713900089
vn -0.6713157296 4.625111574e-17 0.7411714792
v 4.018099785 5.286352689e-09 -1.713900089
vn 0 0 0
v -4.531700134 5.286352689e-09 0.4117000699
vn 0 0 0
v -4.545400143 0.5 0.4477999806
vn 0.9190809727 0.1922690272 0.3439807594
v -4.531700134 5.286352689e-09 0.4117000699
vn 0 0 0
v 1.456500053 0.4241999984 -1.991300106
vn 0.9862645268 -0.1527167261 0.06292716414
v 1.462599993 0.4636999965 -1.989799857
vn 0.9779476523 -0.1691862792 0.1224516779
v 1.569100022 0.4636999965 -1.963500142
vn -0.9085475802 -0.1776373684 -0.3781351745
v 1.5625 0.4988000095 -1.965199828
vn -0.9244343042 -0.1915161759 -0.3297616243
v 1.468000054 0.4927000105 -1.98849988
vn 0.9736593366 -0.1891749501 0.1272806227
v 1.56219995 0.5 -1.965199828
vn -0.001148216077 0.9999977946 -0.001759793842
v 1.469200015 0.4988000095 -1.988200068
vn 0.9689403176 -0.2065346837 0.1360076517
v 1.469499946 0.5 -1.988099933
vn 0.002001540735 0.9999979138 0.0003849326167
v -3.007100105 0.5 -1.726999879
vn -0.0009042058955 0.9999992847 0.0008153233211
v -3.006900072 0.4988000095 -1.727200031
vn -0.5127645135 -0.1862037182 0.8380935192
v -4.555399895 0.3804999888 0.4744000137
vn 0.4385496676 -0.1206963807 -0.8905653358
v 4.018099785 5.286352689e-09 -1.713900089
vn -0.6613595486 -0.005464218091 0.7500491142
v 4.075200081 0.2827000022 -1.663200021
vn -0.7839415669 -0.07811260968 -0.6159009933
v 4.077899933 0.2294999957 -1.660699964
vn -0.8083027005 -0.06024725735 -0.5856765509
v 4.018099785 5.286352689e-09 -1.713900089
vn -0.6630159616 -0.0003390137281 0.7486051917
v 4.018099785 5.286352689e-09 -1.713900089
vn -0.6613937616 -0.0008065486327 0.750038445
v 5.480400085 0.5 0.4404999912
vn -0.9253778458 0.1303793788 0.3559171557
v 5.48360014 0.5 0.4486000836
vn -0.926486969 0.1271328777 0.3542021811
v 5.486800194 0.5 0.4571999311
vn -0.0009209035197 0.9999973178 -0.00213412242
v -0.8464999795 0.4241999984 -2.845799923
vn 0.9782859683 -0.144815743 -0.1482733786
v 4.018099785 5.286352689e-09 -1.713900089
vn -0.6715410352 0.0007433315041 0.7409669757
v 4.018099785 5.286352689e-09 -1.713900089
vn -0.6594301462 -0.0001714868995 0.7517658472
v 5.474999905 0.5 0.4257999361
vn -0.9288960695 0.128061533 0.347494334
v 5.477600098 0.5 0.4330000579
vn -0.9311177731 0.1265631467 0.3420548141
v 4.018099785 5.286352689e-09 -1.713900089
vn 0 0 0
v 5.472400188 0.5 0.4190999568
vn -0.9275630713 0.1289474964 0.3507125974
v 5.665200233 0.5 0.7720999122
vn 0.6743348241 0.7059113979 -0.2167062461
v 4.018199921 5.286352689e-09 -1.713900089
vn -0.6972947121 -0.1624819636 0.6981258392
v 4.018099785 5.286352689e-09 -1.713900089
vn -0.6643484831 0.000133861904 0.7474229932
v -0.7278000116 0.4241999984 -2.875200033
vn -0.9375622869 -0.1369701773 0.3197126389
v -0.7339000106 0.4636999965 -2.873699903
vn -0.9314276576 -0.1682599932 0.3226934969
v 4.018099785 5.286352689e-09 -1.713900089
vn -0.6632888913 0.0002720267512 0.7483633757
v 4.018099785 5.286352689e-09 -1.713900089
vn -0.6778039336 -0.001249814173 0.7352416515
v 4.018099785 5.286352689e-09 -1.713900089
vn -0.6612405181 0.0005834262702 0.7501737475
v -0.7404999733 0.4988000095 -2.872100353
vn -0.9024441242 -0.1885644197 0.38734743
v -0.6902999878 0.5 -2.666199923
vn -0.002458439674 0.9999967813 0.0006036414998
v 4.018099785 5.286352689e-09 -1.713900089
vn -0.6635801196 0.000401471043 0.7481051087
v 5.462100029 0.5 0.3918000162
vn -0.9288811684 0.1280715168 0.3475305438
v 5.464799881 0.5 0.3989999592
vn -0.9264938235 0.1296512634 0.3532701135
v 5.467400074 0.5 0.4056999683
vn -0.9275551438 0.1289527267 0.3507316113
v -0.8694999814 0.1169000044 -2.840199947
vn 0.9847691059 -0.0302417744 -0.1712168008
v -0.6511999965 0.1642999947 -1.958099961
vn 0.9112008214 -0.03543907031 -0.4104352593
v -0.6528000236 0.1169000044 -1.957700014
vn 0.9354037046 -0.02499658987 -0.352696836
v 5.459300041 0.5 0.3842999339
vn -0.9275302887 0.1289691478 0.3507912457
v 5.456200123 0.5 0.3761999905
vn -0.9284482598 0.1257090718 0.3495440185
v 4.018099785 5.286352689e-09 -1.713900089
vn -0.6644312143 0.0002918573737 0.7473493218
v 1.575199962 0.4241999984 -1.962000012
vn -0.92412287 -0.132024467 -0.3585616648
v 1.579699993 0.3882000148 -1.960900068
vn -0.9225270152 -0.1272791624 -0.3643403649
v 1.455500007 0.4165999889 -1.991599917
vn 0.9770390391 -0.1303356141 0.1685447544
v 1.574100018 0.4311999977 -1.962299824
vn -0.9418498874 -0.1567368656 -0.2972413003
v 4.018099785 5.286352689e-09 -1.713900089
vn -0.6876829267 -0.2399173081 0.6852239966
v 5.289400101 0.5 0.5324000716
vn -0.002391623566 0.9999774098 -0.006279789843
v 4.018199921 5.286352689e-09 -1.713799953
vn -0.6384889483 -0.2815123498 0.7162978649
v 0.3519000113 0.5 -1.624400139
vn 0.1063509434 0.9550102353 -0.2768481374
v 0.4799000025 0.5 0.9598999619
vn -0.000667854154 0.9989744425 0.04527213052
v 0.2138999999 0.5 -1.694699883
vn 0.03521576896 0.998434484 -0.04345671088
v -1.104299903 0.5 -1.402199984
vn -0.04542130604 0.9988155365 -0.01744854823
v 0.1044000164 0.5 -1.804200053
vn 0.2528983355 0.9534792304 -0.1640723795
v 4.018000126 5.286352689e-09 -1.714000106
vn -0.6377605796 -0.2824368775 0.7165827751
v 4.662799835 5.286352689e-09 -1.103299856
vn 0.6018405557 -0.6275604367 -0.4939188659
v 4.208000183 5.286352689e-09 -0.60589993
vn -0.09258339554 -0.9335980415 0.3461545408
v 4.981400013 5.286352689e-09 -0.6737000346
vn 0.6291610599 -0.6629908085 -0.4057086408
v 4.455599785 5.286352689e-09 -0.4260999858
vn -0.32890746 -0.9059145451 0.2667183876
v 3.584300041 5.286352689e-09 -0.288100034
vn 0.145443663 -0.9886021614 0.03888318315
v 0.3519000113 0.5 -2.565999985
vn 0.1155617088 0.894313097 0.4322609901
v 0.4499000013 0.5 -3.095900059
vn -6.753767988e-18 0.5550174713 -0.8318386674
v 5.499199867 0.173999995 0.4900999367
vn -0.4095507562 -0.04415739328 -0.9112180471
v 1.820299983 0.173999995 -2.869599819
vn -0.9874155521 -0.0443501547 -0.1518011242
v 1.822299957 0.1169000044 -2.869099855
vn -0.983710289 -0.03101979569 -0.1770645976
v -4.531700134 5.286352689e-09 0.4117000699
vn 0.9362350106 -0.0003472858225 0.3513743281
v -4.512199879 0.4636999965 0.3601998985
vn -0.2427226156 -0.1784466058 0.9535421133
v -4.531700134 5.286352689e-09 0.4117000699
vn 0 0 0
v 3.667599916 5.286352689e-09 3.306400061
vn -0.1735198498 -0.983943522 0.04178552702
v 3.59010005 5.286352689e-09 3.028899908
vn -0.1574618667 -0.9859141111 0.05638376623
v 5.873700142 5.286352689e-09 2.888299942
vn 0.2576112151 -0.9660180807 0.02110878751
v 3.764099836 5.286352689e-09 0.2653999031
vn 0.1547793448 -0.9647017121 -0.2130584866
v 3.902100086 5.286352689e-09 0.3357000053
vn 0.04185931012 -0.9907737374 -0.1289000362
v 2.778100014 5.286352689e-09 1.813799977
vn -0.2033904046 -0.950641036 0.2343374193
v 2.541800022 5.286352689e-09 1.621700048
vn -0.1805559099 -0.950314641 0.2535776198
v 5.439400196 0.05869999528 0.3315999508
vn 0.2880435586 -0.0160652101 0.9574825168
v 5.439799786 0.1169000044 0.3327999413
vn 0.2866817415 -0.03052814119 0.9575393796
v -1.422100067 0.5 -1.084399939
vn -0.07832773775 0.9529028535 -0.2929862142
v -0.4635000229 0.5 1.085500002
vn 0.01851693727 0.9972111583 0.07229787856
v -1.284100056 0.5 -1.154700041
vn -0.08358065784 0.9881381989 -0.1288298517
v -1.575100064 0.5 -1.060199976
vn 1.02924239e-17 0.9739077687 -0.226944074
v 5.439199924 5.286352689e-09 0.3312000632
vn 0.04091509432 -0.9907356501 0.1294943392
v 4.079999924 0.173999995 -1.658799887
vn -0.7813689709 -0.04332930967 -0.6225633621
v -1.728099942 0.5 -2.026000023
vn 0.1115560755 0.9019057751 0.4172783196
v -1.575100064 0.5 -2.050199986
vn -0.0199499391 0.9254313111 0.3783899248
v -1.635599971 0.5 -2.681000233
vn -0.3171113729 0.5599464178 -0.7654412985
v 4.082499981 0.05869999528 -1.656600118
vn -0.7906092405 -0.01651124656 -0.6120983958
v 4.081600189 0.1169000044 -1.657499909
vn -0.8105866909 -0.02872978151 -0.5849135518
v -1.132099986 0.5 -2.861200094
vn -0.1462031454 0.8638691902 -0.4820317626
v 1.817499995 0.2294999957 -2.870300055
vn -0.98311764 -0.05769916624 -0.1736388654
v -1.284100056 0.5 -1.955699921
vn -0.2409774661 0.9239174724 0.2971637845
v -1.422100067 0.5 -2.026000023
vn -0.2321889251 0.7620762587 0.6044237614
v 1.81400013 0.2827000022 -2.871099949
vn -0.9825059175 -0.07529235631 -0.1703327149
v 0.1613000035 0.5 0.9739999771
vn 0.022378847 0.9525123239 0.303676635
v -1.174600005 0.5 -1.264199853
vn -0.07926931977 0.9947813749 -0.06423705816
v -0.154099986 0.5 1.016000032
vn 0.03970079124 0.9691707492 0.2431704551
v -4.531700134 5.286352689e-09 0.4117000699
vn 0.9346820116 6.344548183e-06 0.3554849327
v -4.539500237 0.5 0.432199955
vn 0.9174609184 0.1969757825 0.3456385434
v 3.654600143 5.286352689e-09 -0.4260999858
vn 0.7345268726 -0.4192050993 0.5336079001
v 5.491600037 0.4241999984 0.4697999954
vn -0.4241791666 -0.1427332163 -0.8942590356
v 3.764099836 5.286352689e-09 -0.5355998278
vn 0.4058942497 -0.7232394814 0.5587258339
v 3.902100086 5.286352689e-09 -0.60589993
vn 0.1070512757 -0.9544016123 0.278671056
v 0.03409999609 0.5 -1.942199826
vn 0.7961143851 0.5664830804 -0.2128350288
v 5.448200226 0.4241999984 0.3550000787
vn 0.2562086284 -0.1450603306 0.9556749463
v 5.446199894 0.3804999888 0.3497000039
vn 0.2605979443 -0.120030418 0.9579569101
v 5.444399834 0.3332000077 0.3449000418
vn 0.2720520496 -0.1002657041 0.957044661
v 3.584300041 5.286352689e-09 0.01789993234
vn 0.2476056665 -0.9655185342 -0.08040788025
v 3.654600143 5.286352689e-09 0.1559000462
vn 0.1087495461 -0.9909248948 -0.07900271565
v 2.285599947 5.286352689e-09 1.451200008
vn -0.1546486616 -0.9510719776 0.2674805522
v 3.560100079 5.286352689e-09 -0.1351000518
vn 0.3073439896 -0.9515984654 -7.94041772e-18
v 5.441599846 0.2294999957 0.3373999596
vn 0.2853428721 -0.06207057834 0.9564134479
v 2.992300034 5.286352689e-09 2.025700092
vn -0.2227974534 -0.9518010616 0.2107985318
v -1.08010006 0.5 -1.555199981
vn -0.8499105573 0.5250181556 -0.04481003061
v 1.670099974 0.3332000077 -2.906699896
vn 0.9472429156 -0.09181468189 0.3070845604
v 1.674999952 0.3804999888 -2.905499935
vn 0.9479592443 -0.1168494076 0.296174705
v 1.665899992 0.2827000022 -2.907799721
vn 0.9412882328 -0.07635957748 0.3288551271
v -1.104299903 0.5 -1.708199978
vn -0.7826722264 0.5861932635 0.2092884034
v -4.506199837 0.3332000077 0.3441999853
vn -0.2725723386 -0.098101601 0.9571208954
v -4.531700134 5.286352689e-09 0.4117000699
vn 0.9365304708 -0.0006520555471 0.3505856395
v -4.504700184 0.2827000022 0.3400999308
vn -0.2778243721 -0.08005963266 0.9572899938
v 4.525899887 5.286352689e-09 -0.288100034
vn -0.3803971708 -0.9132054448 0.1461294293
v -4.531700134 5.286352689e-09 0.4117000699
vn 0.9390310645 -0.0002951133065 0.3438321948
v 4.55009985 5.286352689e-09 -0.1351000518
vn -0.7274618745 -0.6850753427 0.03835413978
v 5.256400108 5.286352689e-09 -0.2150000632
vn 0.5779748559 -0.760155201 -0.2968319058
v 4.525899887 5.286352689e-09 0.01789993234
vn -0.2892684639 -0.9541190863 -0.07733372599
v 4.346000195 5.286352689e-09 -0.5355998278
vn -0.4126712978 -0.6518354416 0.636249125
v 4.055099964 5.286352689e-09 -0.630099833
vn 0.02098329365 -0.9171879888 0.3979018331
v 1.680600047 0.4241999984 -2.904200077
vn 0.9266628623 -0.1414254904 0.3482740521
v 1.686699986 0.4636999965 -2.902699947
vn 0.9363927841 -0.1712487489 0.3063371778
v 0.009900015779 0.5 -2.0952003
vn 0.8138628602 0.5794705153 0.04290955514
v -4.531700134 5.286352689e-09 0.4117000699
vn 0.9354935884 4.290825382e-05 0.3533436358
v 4.455599785 5.286352689e-09 0.1559000462
vn -0.283421129 -0.941188395 -0.183947891
v 5.485000134 5.286352689e-09 0.2684999406
vn 0.7792792916 -0.5458183289 -0.3079061508
v -4.531700134 5.286352689e-09 0.4117000699
vn 0.9358156919 2.2687811e-05 0.3524897397
v 4.055099964 5.286352689e-09 0.3599000871
vn 3.053610644e-18 -0.9837597013 -0.1794906259
v 3.182300091 5.286352689e-09 2.255500078
vn -0.3841657043 -0.8777900934 0.2861839533
v 4.208000183 5.286352689e-09 0.3357000053
vn -0.04936176538 -0.9904845953 -0.1284664422
v 3.346299887 5.286352689e-09 2.50090003
vn -0.03545296192 -0.999147892 0.02113109455
v 4.346000195 5.286352689e-09 0.2653999031
vn -0.5290574431 -0.5416560173 -0.6532281637
v -4.551199913 0.4636999965 0.4632000625
vn 0.4585441649 -0.1779813319 -0.8706663251
v -4.531700134 5.286352689e-09 0.4117000699
vn 0 0 0
v 5.450500011 0.4636999965 0.360899955
vn 0.2480766922 -0.1777861565 0.9522867203
v 5.873700142 5.286352689e-09 1.820000052
vn 0.2261863947 -0.9739076495 -0.01853614114
v 5.89989996 5.286352689e-09 2.354099989
vn 0.1640157253 -0.9864577055 7.448493616e-19
v 3.482700109 5.286352689e-09 2.759500027
vn -0.141606763 -0.9875539541 0.06844514608
v -4.531700134 5.286352689e-09 0.4117000699
vn 0.9353289008 -0.0002780215873 0.3537791967
v -4.559999943 0.2294999957 0.486700058
vn 0.4267285466 -0.06205066293 -0.9022485614
v -4.56099987 0.173999995 0.4892999828
vn 0.4245299697 -0.04499067366 -0.9042953849
v 5.500599861 5.286352689e-09 0.4936000109
vn -0.07212811708 -0.9873005748 -0.1415455639
v 5.665200233 5.286352689e-09 0.7720999122
vn 0.6954519749 -0.6905725002 -0.1986358166
v -4.529200077 0.5 0.4050000608
vn 0.9171011448 0.197177574 0.3464772999
v -4.531700134 5.286352689e-09 0.4117000699
vn 0.9369001389 2.053919901e-17 0.3495971262
v -4.531700134 5.286352689e-09 0.4117000699
vn 0.9340429306 0.000115639552 0.3571607769
v -4.531700134 5.286352689e-09 0.4117000699
vn 0.9365099669 -0.0004606278962 0.3506406546
v -4.510000229 0.4241999984 0.3543000221
vn -0.2554538548 -0.1474813968 0.955506444
v 5.48939991 0.4636999965 0.4638999403
vn -0.4908702374 -0.1719015539 -0.8541055322
v 5.469900131 5.286352689e-09 0.4123999476
vn -0.9353582859 -0.0002490309998 0.3537015617
v 5.469900131 5.286352689e-09 0.4123999476
vn -0.9358898401 0.0002769143612 0.3522927463
v -1.174600005 0.5 -1.846099973
vn -0.2453757972 0.9562612176 0.1592332125
v -4.531700134 0.5 0.4117000699
vn 0.9169977903 0.1972354352 0.3467178345
v -4.531700134 5.286352689e-09 0.4117000699
vn 0 0 0
v 5.469900131 5.286352689e-09 0.4123999476
vn 0 0 0
v 5.469900131 5.286352689e-09 0.4123999476
vn -0.9363355637 -0.0001414255094 0.3511064351
v 5.469900131 5.286352689e-09 0.4123999476
vn 0 0 0
v 5.469900131 5.286352689e-09 0.4123999476
vn -0.932256639 0.0001867045357 0.361797601
v 5.469900131 5.286352689e-09 0.4123999476
vn -0.936521709 0.0006453620736 0.3506089449
v 5.469900131 5.286352689e-09 0.4123999476
vn -0.9357577562 0.0001747422066 0.3526434302
v -4.536799908 0.5 0.4251000583
vn 0.9161855578 0.1976882964 0.3486019373
v -4.531700134 5.286352689e-09 0.4117000699
vn 0.9346033335 2.177983758e-17 0.355691731
v 1.793200016 0.4636999965 -2.876300335
vn -0.9763076305 -0.166863963 -0.1377674341
v 5.469900131 5.286352689e-09 0.412499994
vn -0.9918680787 0.1272702217 4.652325995e-22
v 5.469900131 5.286352689e-09 0.412499994
vn -0.8181762099 -0.4847511947 0.3091988564
v 5.469900131 5.286352689e-09 0.4123999476
vn -0.9350276589 -0.0009783755522 0.3545734584
v -4.514699936 0.4988000095 0.3666000664
vn -0.03961965814 -0.1837303787 0.9821779132
v 5.469900131 5.286352689e-09 0.4123999476
vn -0.9362218976 0.0003419219283 0.3514091969
v 5.469900131 5.286352689e-09 0.4123999476
vn -0.9354935884 4.290825382e-05 0.3533436358
v 5.452899933 0.4988000095 0.3672999442
vn 0.04608931392 -0.1863851249 0.9813951254
v 5.469900131 5.286352689e-09 0.4123999476
vn -0.9351889491 -0.0001487043774 0.3541491032
v 5.469900131 5.286352689e-09 0.4123999476
vn -0.9300493598 -0.001118770801 0.3674329817
v 1.823500156 0.05869999528 -2.868799925
vn -0.98385185 -0.016446108 -0.1782276928
v 5.469900131 5.286352689e-09 0.4123999476
vn -0.9405457973 0.0004900831264 0.339666605
v 5.469900131 5.286352689e-09 0.4123999476
vn -0.9368419051 1.748013528e-05 0.3497531116
v 5.469900131 5.286352689e-09 0.4123999476
vn -0.9322790504 -0.0001857983734 0.3617399335
v 5.469900131 5.286352689e-09 0.4123999476
vn 0 0 0
v 5.469900131 5.286352689e-09 0.4123999476
vn -0.9368999004 1.041882669e-08 0.3495978117
v 5.469900131 5.286352689e-09 0.4123999476
vn -0.9339418411 0.0002875588543 0.3574249744
v 5.469900131 5.286352689e-09 0.4123999476
vn -0.9368419051 -0.0003060134768 0.3497529328
v 5.469900131 5.286352689e-09 0.4123999476
vn -0.9334721565 0.000778415415 0.3586490452
v 0.03409999609 0.5 -2.24819994
vn 0.3202112913 0.9393261075 0.1230089441
v 1.657600045 0.1169000044 -2.909799814
vn 0.9539312124 -0.02966179512 0.2985555828
v 5.469900131 5.286352689e-09 0.4123999476
vn -0.9357563257 -0.0001751888631 0.3526473045
v 5.469900131 5.286352689e-09 0.4123999476
vn -0.9354801774 -3.738592568e-05 0.35337919
v 5.469900131 5.286352689e-09 0.4123999476
vn -0.9365306497 -0.0006522123585 0.350585103
v 5.469900131 5.286352689e-09 0.4123999476
vn -0.9353495836 0.0002557305852 0.3537245989
v 5.469900131 5.286352689e-09 0.4123999476
vn -0.9368419051 -0.0002050821204 0.3497531116
v 5.469900131 5.286352689e-09 0.4123999476
vn -0.9358881712 -0.0002771598811 0.352297157
v 5.469900131 5.286352689e-09 0.4123999476
vn -0.935026288 0.000387300126 0.3545782566
v 5.469799995 5.286352689e-09 0.4123000503
vn -0.8183562756 -0.4844036996 0.3092670143
v 5.469900131 5.286352689e-09 0.4123000503
vn -0.5891510844 -0.5522446632 0.5898532867
v 1.656399965 0.05869999528 -2.910099983
vn 0.9584504366 -0.01376197953 0.2849270403
v -0.8336000443 0.5 -2.849100113
vn 0.002156948438 0.9999975562 -0.0005181509769
v 5.500400066 0.05869999528 0.4931999445
vn -0.4058560729 -0.01443827245 -0.9138229489
v 4.071899891 0.3332000077 -1.666099906
vn -0.8121970296 -0.09553894401 -0.5755069852
v 5.795199871 5.286352689e-09 1.290899992
vn 0.1769157797 -0.9836992025 -0.03219711781
v 5.795199871 5.286352689e-09 3.417399883
vn 0.2717662454 -0.9610915184 0.04945908114
v 1.804800034 0.3804999888 -2.873399973
vn -0.9844918251 -0.117357485 -0.1303958148
v 3.953699827 0.05869999528 -1.771200061
vn 0.7056930661 -0.01620436646 0.7083323598
v -0.7498000264 0.5 -2.869800091
vn 0.2379872054 0.16377832 0.9573603272
v -0.6132000089 0.5 -2.991100073
vn -0.1602388173 0.570194602 -0.8057305217
v -0.7581999898 0.5 -2.8677001
vn 0.2363269329 0.1677937508 0.9570761919
v -1.08010006 5.286352689e-09 -1.555199981
vn -0.3469097912 -0.93772012 0.01829020493
v -0.654399991 5.286352689e-09 -1.957299829
vn 0.04589875042 -0.9986878633 -0.02271179482
v 0.1044000164 5.286352689e-09 -1.804200053
vn 0.2034267336 -0.9651125073 -0.1648497432
v -0.7659999728 0.5 -2.865799904
vn 0.2345916331 0.168477416 0.957382977
v -0.7732999921 0.5 -2.864000082
vn 0.2343337685 0.1685789227 0.9574282169
v -0.7803000212 0.5 -2.862299919
vn 0.242453292 0.1653726399 0.9559645653
v -0.7871000171 0.5 -2.860499859
vn 0.2424542904 0.1653722525 0.9559643865
v -0.7940999866 0.5 -2.858799934
vn 0.232597813 0.1692617685 0.9577310085
v -0.8011000156 0.5 -2.85710001
vn 0.2343347073 0.1685785502 0.9574280977
v 0.3519000113 5.286352689e-09 -2.565999985
vn 0.1604449451 -0.894323945 0.4176626801
v 0.2138999999 5.286352689e-09 -2.495699883
vn 0.4793510437 -0.6483209729 0.5915255547
v -0.08420001715 5.286352689e-09 -3.069600344
vn -0.07668331265 -0.6237139702 -0.7778820992
v -0.8246000409 0.5 -2.851200104
vn 0.2391896248 0.1649520397 0.9568589926
v -0.8162000179 0.5 -2.853399992
vn 0.2406027764 0.1645347625 0.9565765262
v -0.8083999753 0.5 -2.855300188
vn 0.2345916331 0.168477416 0.957382977
v -1.104299903 5.286352689e-09 -1.402199984
vn -0.05139524862 -0.9985838532 -0.0137401158
v -0.7408000231 0.5 -2.871999979
vn -0.007403633557 0.9999702573 0.002163635334
v 0.1044000164 0.5 -2.386199951
vn 0.1960646957 0.9676334858 0.1588838547
v -1.975600004 5.286352689e-09 -1.846099973
vn 0.6209663153 -0.6723226905 0.4029678404
v -2.577899694 5.286352689e-09 -2.177400112
vn -0.2889749706 -0.854064405 -0.4325129688
v -1.866099954 5.286352689e-09 -1.955699921
vn 0.2692555189 -0.9040210247 0.3320352733
v -2.119100094 5.286352689e-09 -2.452300072
vn -0.3977685273 -0.5365012884 -0.7442758679
v -1.635599971 5.286352689e-09 -2.681000233
vn -0.2276363373 -0.803907752 -0.5494670272
v -1.728099942 5.286352689e-09 -2.026000023
vn 0.1548833698 -0.9019160271 0.4031856358
v -1.575100064 5.286352689e-09 -2.050199986
vn 0.0199499391 -0.9254313111 0.3783899248
v -1.132099986 5.286352689e-09 -2.861200094
vn -0.2229145616 -0.6404362321 -0.7349493504
v -1.422100067 5.286352689e-09 -2.026000023
vn -0.1672336906 -0.7620567679 0.625541687
v -1.174600005 5.286352689e-09 -1.846099973
vn -0.2408560365 -0.9507439733 0.1951264143
v -1.284100056 5.286352689e-09 -1.955699921
vn -0.2210065871 -0.9138941765 0.3405195475
v -4.526599884 0.5 0.3982000053
vn 0.9183527231 0.1964728981 0.3435501158
v -1.174600005 5.286352689e-09 -1.264199853
vn -0.08559753001 -0.9947809577 -0.05553293601
v -1.104299903 5.286352689e-09 -1.708199978
vn -0.7746517658 -0.5579221845 0.2977205217
v 0.03409999609 5.286352689e-09 -1.942199826
vn 0.7876591086 -0.5366928577 -0.3025786877
v -0.486499995 5.286352689e-09 -1.998700142
vn -0.01153501961 -0.9999333024 0.0005885986029
v -0.08420001715 0.5 -3.069600344
vn -0.05209135637 0.8473840356 -0.528419137
v 0.2138999999 0.5 -2.495699883
vn 0.4143899083 0.6483059525 0.6387334466
v -1.866099954 0.5 -1.154700041
vn 0.5570674539 0.4659581184 -0.6874291897
v -1.728099942 0.5 -1.084399939
vn 0.04925974086 0.9872000813 -0.1516886204
v 1.659600019 0.173999995 -2.909399986
vn 0.952878952 -0.04561632499 0.2999013662
v 0.009900015779 5.286352689e-09 -2.0952003
vn 0.8330883384 -0.5513932705 -0.04392316565
v 0.03409999609 5.286352689e-09 -2.24819994
vn 0.2910186052 -0.9535486698 0.07780163735
v -2.119100094 0.5 -2.452300072
vn -0.2913839221 0.7860242724 -0.5452166796
v -1.866099954 0.5 -1.955699921
vn 0.232708618 0.9040402174 0.3585498631
v -0.8674999475 0.173999995 -2.840600014
vn 0.9838013649 -0.04569669813 -0.1733399481
v -0.7871999741 5.286352689e-09 -2.860499859
vn 0.2374585271 -0.001511171111 0.9713965058
v -0.7871999741 5.286352689e-09 -2.860499859
vn 0.2407413572 9.615627641e-05 0.9705892801
v -0.7871999741 5.286352689e-09 -2.860499859
vn 0.2390144765 -0.0001265278843 0.9710159898
v -0.7871999741 5.286352689e-09 -2.860499859
vn 0.235595271 -0.0007439363399 0.9718509912
v 4.063899994 0.4241999984 -1.67320013
vn -0.7986688614 -0.1465466768 -0.5836541057
v -4.55340004 0.4241999984 0.4690999389
vn 0.4448829889 -0.146071136 -0.8835962415
v -4.531700134 5.286352689e-09 0.4117000699
vn 0.9362218976 0.0003419219283 0.3514091969
v -4.531700134 5.286352689e-09 0.4117000699
vn 0.9359176755 0.0003045152116 0.3522187769
v -4.562200069 0.05869999528 0.4924000204
vn 0.4075757861 -0.01336022094 -0.9130736589
v -4.531799793 5.286352689e-09 0.4117999673
vn 0.7096885443 -0.6512641907 0.2686952651
v -4.561800003 0.1169000044 0.4912999272
vn 0.4231054187 -0.03094014525 -0.9055520296
v -0.7871999741 5.286352689e-09 -2.860499859
vn 0.2419802397 0.0005318012554 0.9702810049
v -3.042900085 5.286352689e-09 -1.695199847
vn 0.6657360196 0.0001278490963 0.7461873293
v -0.7871999741 5.286352689e-09 -2.860499859
vn 0.241874814 0.0005025044666 0.9703073502
v -4.531700134 5.286352689e-09 0.4117999673
vn 0.3953115344 -0.8297473192 0.3940154314
v -4.531700134 5.286352689e-09 0.4117000699
vn 0.93531394 -0.001136535895 0.3538170457
v -3.042900085 5.286352689e-09 -1.695199847
vn 0.6620268822 -2.06597324e-05 0.7494801283
v -3.065299988 0.5 -1.675400019
vn 0.6544561386 0.192755267 0.7311173081
v -3.042900085 5.286352689e-09 -1.695199847
vn 0 0 0
v -0.7871000171 5.286352689e-09 -2.860499859
vn 0 0 0
v -0.7871000171 5.286352689e-09 -2.860499859
vn 0.2360196561 5.950242342e-17 0.9717482924
v 3.964300156 0.3332000077 -1.761799932
vn 0.6925093532 -0.1000133455 0.7144424915
v 3.960999966 0.2827000022 -1.764700174
vn 0.6972033978 -0.07962612808 0.7124373913
v 3.954600096 0.1169000044 -1.770399928
vn 0.7045335174 -0.03161813691 0.7089660168
v -0.7871000171 5.286352689e-09 -2.860499859
vn 0.2338334918 -0.0002146464976 0.972276628
v -0.7871999741 5.286352689e-09 -2.860499859
vn 0.250557065 0.0007691482315 0.9681015015
v -0.7871999741 5.286352689e-09 -2.860499859
vn 0.2475072294 0.001024031197 0.9688854814
v -0.7871999741 5.286352689e-09 -2.860499859
vn 0.2348648757 -0.0004685739113 0.9720278978
v -0.7871000171 5.286352689e-09 -2.860499859
vn 0.2394136935 0.0001011730201 0.9709176421
v -0.7871999741 5.286352689e-09 -2.860499859
vn 0 -0.1768116653 0.9842447042
v -2.754400015 0.5 -0.3831001222
vn -0.100015007 0.9946265817 0.02673825249
v -0.6132000089 5.286352689e-09 -2.991100073
vn -0.1336149424 -0.7285290956 -0.6718574166
v -0.7871000171 5.286352689e-09 -2.860499859
vn 0.02676937543 -0.993742466 0.1084403843
v -0.7871000171 5.286352689e-09 -2.860499859
vn 0.2406820953 -6.845575263e-05 0.9706040025
v -0.7871000171 5.286352689e-09 -2.860499859
vn 0.2407389134 -9.628738189e-05 0.9705899358
v -0.7871000171 5.286352689e-09 -2.860499859
vn 0.2376036942 0.00102700782 0.9713616371
v -0.7871000171 5.286352689e-09 -2.860499859
vn 0.2442221195 -0.0008123536827 0.9697189927
v -0.7871000171 5.286352689e-09 -2.860499859
vn 0.2381585538 0.0005361185176 0.9712261558
v -1.975600004 0.5 -1.264199853
vn 0.7064958215 0.5392373204 -0.4583522677
v -0.7871000171 5.286352689e-09 -2.860499859
vn 0.243487373 -0.000427336141 0.9699039459
v -0.7871000171 5.286352689e-09 -2.860499859
vn 0.2387991846 0.0002733845322 0.9710689187
v -0.7871000171 5.286352689e-09 -2.860499859
vn 0.2425356209 -4.851517951e-05 0.9701424837
v -0.7871000171 5.286352689e-09 -2.860499859
vn 0.2393819541 0.0001894947491 0.9709254503
v -0.7871000171 5.286352689e-09 -2.860499859
vn 0.2366929501 0.0003099560854 0.9715844393
v -0.7871000171 5.286352689e-09 -2.860499859
vn 0.2360177487 0.0002881097025 0.9717487097
v -0.7871000171 5.286352689e-09 -2.860499859
vn 0.255869031 5.919400416e-17 0.9667114615
v -0.7871000171 5.286352689e-09 -2.860499859
vn 0.235986501 -4.915013392e-07 0.9717563391
v -2.577899694 0.5 -2.177400112
vn -0.4293825924 0.6345193386 -0.6426630616
v -3.007400036 0.5 -1.858799934
vn -0.530670464 0.5720773339 -0.6253929734
v -2.045900106 0.5 -1.708199978
vn 0.3585077822 0.92623353 0.1164627373
v -0.7871000171 5.286352689e-09 -2.860499859
vn 0 -0.6859475374 0.727651
v -2.045900106 0.5 -1.402199984
vn 0.3210487962 0.9431653619 -0.08582995087
v -2.070100069 0.5 -1.555199981
vn 0.4707836807 0.8822486997 -4.86843767e-17
v -1.975600004 0.5 -1.846099973
vn 0.5752703547 0.6722077131 0.4660480917
v -0.7869999409 5.286352689e-09 -2.860499859
vn 0.1950125992 -0.5858834386 0.7865816355
v -0.7872999907 5.286352689e-09 -2.860499859
vn 0.1954121441 -0.5784324408 0.791978538
v -3.106400013 0.1169000044 -1.638800025
vn 0.7928629518 -0.03066665493 -0.6086279154
v -3.042999983 5.286352689e-09 -1.695199847
vn 0.7631139159 0.6462640166 2.264125815e-20
v -3.042999983 5.286352689e-09 -1.695199847
vn 0.6626576185 -0.004566284828 0.7489085793
v -3.802700043 0.3804999888 0.7610000372
vn 0.3142046332 -0.1140465811 -0.9424801469
v -3.042900085 5.286352689e-09 -1.695199847
vn 0 0 0
v -3.804699898 0.3255999982 0.7665000558
vn -0.09907479584 -0.07686015218 -0.9921072125
v -3.096700191 0.3332000077 -1.647400022
vn 0.8199518323 -0.09530746192 -0.5644426346
v -3.099999905 0.2827000022 -1.644500136
vn 0.7931870818 -0.0800223425 -0.6036974788
v -3.042900085 5.286352689e-09 -1.695199847
vn 0.6630248427 -0.0003369184851 0.7485973239
v -3.804399967 0.3332000077 0.7657999992
vn 0.2921333909 -0.1058651134 -0.9505001903
v -3.042999983 5.286352689e-09 -1.695100069
vn 0.5092924833 -0.6426814795 0.5723475218
v 1.809700012 0.3332000077 -2.872200012
vn -0.9787812829 -0.09654206038 -0.1807397902
v -0.7031999826 5.286352689e-09 -2.881299973
vn 0.07198999822 -0.8539596796 0.5153351426
v -0.7010999918 5.286352689e-09 -2.872499943
vn -0.1293709278 -0.9910874367 0.03176166117
v -4.503399849 0.2294999957 0.336700052
vn -0.2817926407 -0.06253569573 0.9574351907
v -4.531700134 5.286352689e-09 0.4117000699
vn 0.9353495836 0.0002557305852 0.3537245989
v 0.1044000164 5.286352689e-09 -2.386199951
vn 0.244111076 -0.956727922 0.1583714336
v -3.026499987 0.5 -1.709800124
vn 0.6481016278 0.1948694438 0.7361998558
v -3.032200098 0.5 -1.704800129
vn 0.6492012739 0.1945056468 0.7353265882
v -3.020500183 0.5 -1.71510005
vn 0.6544675231 0.1927514672 0.731108129
v -3.014099836 0.5 -1.720900178
vn 0.6526430845 0.1896312237 0.7335509658
v -4.500999928 5.286352689e-09 0.3305000067
vn 0.06641633809 -0.9972320795 0.03342157975
v -3.03760004 0.5 -1.700000167
vn 0.6553277373 0.1924630105 0.7304132581
v -3.042900085 0.5 -1.695199847
vn 0.6538622379 0.1929541081 0.7315961719
v -3.053600073 0.5 -1.68569994
vn 0.6497539878 0.1943224818 0.7348867655
v -3.059299946 0.5 -1.680699944
vn 0.6481093764 0.1948668808 0.7361936569
v 3.958300114 0.2294999957 -1.767099857
vn 0.7006090879 -0.06204043701 0.7108430862
v 3.956199884 0.173999995 -1.769000173
vn 0.702960968 -0.04630387574 0.7097195983
v -3.071700096 0.5 -1.669600129
vn 0.6554083824 0.1888503879 0.7312834263
v -0.154099986 5.286352689e-09 1.016000032
vn 0.04681649059 -0.9692371488 0.2416351736
v -0.4635000229 5.286352689e-09 1.085500002
vn 0.06829615682 -0.9691206217 0.236940518
v -1.284100056 5.286352689e-09 -1.154700041
vn -0.09668094665 -0.9881391525 -0.1193056181
v 0.1613000035 5.286352689e-09 0.9739999771
vn 0.03127525002 -0.9525796175 0.3026779294
v -3.07859993 0.5 -1.663499832
vn 0.0007633178611 0.9999994636 -0.0006591545534
v -3.403700352 0.5 -1.499599934
vn -0.4092640281 0.8154789209 -0.4092640281
v -3.225199938 0.5 -0.7251001
vn -0.02026812546 0.9229337573 0.3844248652
v -2.045900106 5.286352689e-09 -1.708199978
vn 0.1979719251 -0.9780956507 0.0643119961
v -3.742199898 0.05869999528 0.6199000478
vn -0.4065963328 -0.009058758616 0.9135630131
v -4.492499828 5.286352689e-09 0.3336999118
vn -0.03452051058 -0.9952837229 0.09065678716
v -2.730200052 5.286352689e-09 -0.230099991
vn -0.06658603996 -0.9977744818 0.003510631388
v -2.754400015 5.286352689e-09 -0.3831001222
vn -0.2611273825 -0.9600781202 0.1003119797
v -1.728099942 5.286352689e-09 -1.084399939
vn 0.01288753282 -0.9991291165 -0.03968539461
v -3.07220006 0.5 -0.700899899
vn -0.1019278541 0.958753705 0.2653338909
v -2.4047997 5.286352689e-09 -1.103000045
vn -0.0717702657 -0.9958614111 0.05575933307
v -1.866099954 5.286352689e-09 -1.154700041
vn 0.1788353324 -0.9444748759 -0.2756539881
v -0.8403999805 0.4636999965 -2.847400188
vn 0.9748882055 -0.1753245741 -0.1373107582
v -2.537400007 5.286352689e-09 -0.9915000796
vn 0.02408494614 -0.9993174076 -0.0280119814
v -1.975600004 5.286352689e-09 -1.264199853
vn 0.6695786119 -0.5071946383 -0.5426030755
v -2.045900106 5.286352689e-09 -1.402199984
vn 0.329306066 -0.9357107282 -0.1265027821
v -3.762899876 0.5 -1.103299856
vn -0.6458216906 0.5495455861 -0.5300132036
v -3.378200054 0.5 -0.700899899
vn 0.1074298322 0.9093845487 0.4018439949
v -2.032399893 0.5 2.025700092
vn 0.2586301267 0.9344686866 0.2447013259
v -3.07220006 0.5 0.2407000661
vn -0.03244338185 0.9920787811 -0.1213551313
v -2.22239995 0.5 2.255500078
vn 0.298168987 0.9283089638 0.2221209109
v -3.007400036 5.286352689e-09 -1.858799934
vn -0.5163906813 -0.556868732 -0.6505673528
v -3.107300282 0.05869999528 -1.637999892
vn 0.7924128175 -0.01530257612 -0.6097932458
v -3.107599974 5.286352689e-09 -1.637700081
vn 0.07511705905 -0.9954081774 -0.05932937562
v -1.818199873 0.5 1.813799977
vn 0.1889269799 0.9575619698 0.2176732719
v -3.742900133 0.1255999953 0.6212999821
vn -0.4073646069 -0.03569577634 0.9125677347
v -1.325700045 0.5 1.451200008
vn 0.144010514 0.9577158689 0.2490808964
v -2.824700117 0.5 0.06089994311
vn -0.1434016228 0.9828183055 -0.1162075251
v -1.581900001 0.5 1.621700048
vn 0.1677075028 0.9572870135 0.2355329096
v -1.052099943 0.5 1.304200053
vn 0.148297593 0.9350639582 0.3219678104
v -2.754400015 0.5 -0.07710000873
vn -0.113597542 0.9925680161 -0.04363844544
v -3.042900085 5.286352689e-09 -1.695199847
vn 0.6613948345 -0.000806704862 0.7500374913
v -3.042900085 5.286352689e-09 -1.695199847
vn 0.6637016535 -0.0002649774833 0.7479973435
v -2.93419981 0.5 -0.6306000948
vn -0.5037162304 0.5999109745 0.621592164
v -2.824700117 0.5 -0.521099925
vn -0.677905798 0.5890809298 0.4398037791
v 3.977100134 0.4636999965 -1.750400066
vn 0.6669175625 -0.1779672503 0.7235665917
v 3.972300053 0.4241999984 -1.754599929
vn 0.6782256961 -0.1475728452 0.7198834419
v -3.042900085 5.286352689e-09 -1.695199847
vn 0.6594546437 -0.0001706904877 0.7517443299
v -3.042900085 5.286352689e-09 -1.695199847
vn 0.6639267802 4.40539619e-17 0.7477976084
v -3.042900085 5.286352689e-09 -1.695199847
vn 0 0 0
v -3.042900085 5.286352689e-09 -1.695199847
vn 0 0 0
v -3.042900085 5.286352689e-09 -1.695199847
vn 0.6715135574 0.0007404744974 0.7409918904
v -3.042900085 5.286352689e-09 -1.695199847
vn 0.6659064293 0.0002154904651 0.7460352778
v -3.042900085 5.286352689e-09 -1.695199847
vn 0 0 0
v -3.042900085 5.286352689e-09 -1.695199847
vn 0 0 0
v -3.042900085 5.286352689e-09 -1.695199847
vn 0.6712825298 4.62529587e-17 0.7412015796
v -0.8338000774 0.4988000095 -2.848999977
vn 0.9824489355 -0.1862087846 0.01097390801
v 3.968100071 0.3804999888 -1.758400083
vn 0.6867076755 -0.1209788024 0.7167961001
v -3.042900085 5.286352689e-09 -1.695199847
vn 0.6640384197 2.900268919e-05 0.7476984859
v -3.042900085 5.286352689e-09 -1.695199847
vn 0.6594301462 0.0003221794323 0.7517657876
v -3.042900085 5.286352689e-09 -1.695199847
vn 0.6620352268 0.0001697748521 0.7494727373
v -2.730200052 0.5 -0.230099991
vn -0.1786949784 0.9838594198 -0.009421376511
v -0.763800025 0.5 1.181900024
vn 0.09695635736 0.9569687247 0.2735147178
v -2.93419981 0.5 0.1703999788
vn -0.1011329442 0.9825844169 -0.1558846235
v -3.042900085 5.286352689e-09 -1.695199847
vn 0.6646187305 2.539162051e-05 0.7471826673
v -3.042900085 5.286352689e-09 -1.695199847
vn 0.6635789871 0.000401334808 0.748106122
v -3.042900085 5.286352689e-09 -1.695199847
vn 0.6655813456 -0.0001779822051 0.746325314
v -3.042900085 5.286352689e-09 -1.695199847
vn 0.6674019098 -0.0006076020072 0.7446974516
v -3.042900085 5.286352689e-09 -1.695199847
vn 0.6606757045 0.0006917653955 0.7506711483
v -3.042900085 5.286352689e-09 -1.695199847
vn 0.6715273857 -0.000593505858 0.7409795523
v -3.042900085 5.286352689e-09 -1.695199847
vn 0.6634264588 0.0001211200288 0.7482414842
v 5.496900082 0.2827000022 0.4839999378
vn -0.4580312669 -0.07681919634 -0.88561064
v 4.068099976 0.3804999888 -1.669400096
vn -0.7856921554 -0.1169480383 -0.6074627638
v -3.042900085 5.286352689e-09 -1.695199847
vn 0.6643648744 0.0001329148217 0.74740839
v 5.5 0.1169000044 0.4919999838
vn -0.4490895569 -0.02948406525 -0.8930001259
v -3.042900085 5.286352689e-09 -1.695199847
vn 0.6631657481 -0.003867502091 0.7484625578
v -3.516200066 0.5 -0.6306000948
vn 0.4454048872 0.5746982098 0.6865394711
v -3.625699997 0.5 -0.521099925
vn 0.3892762363 0.8654200435 0.3154554963
v -3.042900085 5.286352689e-09 -1.695199847
vn 0.5471323133 -0.6329126358 0.5477844477
v -3.04279995 5.286352689e-09 -1.695299864
vn 0.5091271996 -0.6430742741 0.5720533133
v -3.042900085 5.286352689e-09 -1.695199847
vn 0.6644259095 0.0002943645231 0.7473540902
v -3.042900085 5.286352689e-09 -1.695199847
vn 0.6654742956 -0.0003741771798 0.7464206815
v -2.978199959 5.286352689e-09 -1.752799988
vn -0.09159941971 -0.9917805791 0.08933541179
v -0.7035999298 0.05869999528 -2.881199837
vn -0.9441736937 -0.01351544261 0.3291707635
v -4.548699856 0.4988000095 0.4568000436
vn 0.590575397 -0.1881456077 -0.7847432494
v -0.7048000097 0.1169000044 -2.880899668
vn -0.9534732103 -0.02607173659 0.3003483117
v -3.225199938 0.5 0.2648999691
vn -2.814474176e-18 0.9922676682 -0.1241161823
v -3.796200275 0.5 0.7430000305
vn 0.0001768595539 0.9999998808 -0.0005080286064
v -4.895299911 0.5 1.290899992
vn -0.1668521315 0.9853226542 -0.03604999557
v -2.386399984 0.5 2.50090003
vn 0.03475578502 0.9991810918 0.02071555518
v -2.630199909 0.5 3.028899908
vn 0.1536691487 0.9865890741 0.05502571911
v -2.522799969 0.5 2.759500027
vn 0.13846834 0.9881027937 0.06692812592
v -5 0.5 2.354099989
vn -0.3085950613 0.9511935115 -5.573829503e-17
v -4.973800182 0.5 1.820000052
vn -0.2206479162 0.9750230908 -0.02538640611
v -3.07220006 5.286352689e-09 -0.700899899
vn -0.07740885019 -0.9540277719 0.2895494401
v -2.070100069 5.286352689e-09 -1.555199981
vn 0.7403051257 -0.6722710133 -9.197025839e-18
v -3.403700352 5.286352689e-09 -1.499599934
vn -0.585007906 -0.5617218614 -0.585007906
v -3.225199938 5.286352689e-09 -0.7251001
vn 0.02130818553 -0.9144436717 0.4041518569
v -4.585100174 0.5 0.2684999406
vn -0.7676988244 0.5476504564 -0.3327424228
v -1.818199873 5.286352689e-09 1.813799977
vn 0.1952600032 -0.9578444362 0.2107310444
v -2.032399893 5.286352689e-09 2.025700092
vn 0.2658302486 -0.9348804951 0.2352290601
v -3.07220006 5.286352689e-09 0.2407000661
vn -0.04504359886 -0.9920797348 -0.1172554418
v -4.548600197 0.5 0.4565000534
vn 0.001005021855 0.9999962449 -0.002550686244
v -2.93419981 5.286352689e-09 0.1703999788
vn -0.1169844121 -0.9825857282 -0.1443602443
v -2.824700117 5.286352689e-09 0.06089994311
vn -0.1548494399 -0.9828169346 -0.1004613936
v -1.581900001 5.286352689e-09 1.621700048
vn 0.1745536178 -0.9575669169 0.2293396294
v -1.325700045 5.286352689e-09 1.451200008
vn 0.1513346732 -0.9579586387 0.243748039
v -2.754400015 5.286352689e-09 -0.07710000873
vn -0.1778873801 -0.9829010367 -0.04755683988
v -1.052099943 5.286352689e-09 1.304200053
vn 0.03875533119 -0.9962169528 0.07778065652
v -1.575100064 5.286352689e-09 -1.060199976
vn 0 -0.9210124016 -0.3895332515
v -1.422100067 5.286352689e-09 -1.084399939
vn -0.03693371639 -0.9946819544 -0.09614413232
v -0.763800025 5.286352689e-09 1.181900024
vn 0.1099305078 -0.9528905749 0.2826921642
v -2.824700117 5.286352689e-09 -0.521099925
vn -0.643170774 -0.5609628558 0.5212025046
v -2.93419981 5.286352689e-09 -0.6306000948
vn -0.4460271299 -0.573066771 0.6874985695
v -3.225199938 5.286352689e-09 0.2648999691
vn -2.751610104e-18 -0.9701044559 -0.2426878512
v -2.386399984 5.286352689e-09 2.50090003
vn 0.06959428638 -0.996712625 0.04148041084
v -3.378200054 5.286352689e-09 0.2407000661
vn 0.02944069915 -0.9954467416 -0.09065869451
v -3.625699997 5.286352689e-09 0.06089994311
vn 0.3380499482 -0.9085218906 -0.2455814034
v -3.696000099 5.286352689e-09 -0.07710000873
vn 0.2286483645 -0.9706732631 -0.07425183803
v -4.514800072 0.5 0.3669000566
vn -0.0003048414073 0.9999995232 0.0009195672465
v -3.720200062 5.286352689e-09 -0.230099991
vn 0.7619255185 -0.6464176774 -0.04017117247
v -4.356500149 5.286352689e-09 -0.2150000632
vn -0.5942804813 -0.744096756 -0.3052060306
v -3.696000099 5.286352689e-09 -0.3831001222
vn 0.4575195611 -0.880746901 0.1223143786
v -3.625699997 5.286352689e-09 -0.521099925
vn 0.4203486741 -0.8654114008 0.2727088928
v -4.081500053 5.286352689e-09 -0.6737000346
vn -0.732200563 -0.4737930894 -0.4892877042
v -0.861199975 0.2827000022 -2.842200041
vn 0.9827735424 -0.07881814241 -0.1671640426
v -0.8647000194 0.2294999957 -2.841300011
vn 0.9834068418 -0.06127430499 -0.1707524955
v -3.762899876 5.286352689e-09 -1.103299856
vn -0.4677901566 -0.7961083055 -0.3839061856
v -3.516200066 5.286352689e-09 -0.6306000948
vn 0.5152301192 -0.5747135878 0.6358004808
v -3.378200054 5.286352689e-09 -0.700899899
vn 0.1491544396 -0.9093940854 0.3882722259
v -4.317399979 0.5 0.4419999719
vn -0.0009721608367 0.9999962449 0.002553357976
v -3.696000099 0.5 -0.07710000873
vn 0.3283498585 0.9385182858 -0.1066291481
v -2.522799969 5.286352689e-09 2.759500027
vn 0.1403784156 -0.988165617 0.06182705984
v -2.630199909 5.286352689e-09 3.028899908
vn 0.1552030891 -0.9866466522 0.04939993471
v -5 5.286352689e-09 2.354099989
vn -0.1601216495 -0.9870972633 6.403793454e-19
v -3.742000103 5.286352689e-09 0.6194999814
vn -0.001641624724 -0.9999935627 0.003197060432
v -3.516200066 5.286352689e-09 0.1703999788
vn 0.4541468322 -0.5511176586 -0.7000142932
v -2.22239995 5.286352689e-09 2.255500078
vn 0.1574712843 -0.9805312753 0.1173081994
v -2.985800028 0.2827000022 -1.745999932
vn -0.6950821877 -0.07960931212 0.7145090103
v -3.625699997 0.5 0.06089994311
vn 0.4351878762 0.8430074453 -0.3161486685
v -3.758899689 0.5 0.6546999216
vn -0.0001737478306 0.9999999404 0.0003625484533
v -3.516200066 0.5 0.1703999788
vn 0.2530303001 0.9156856537 -0.3122426271
v -2.983099937 0.2294999957 -1.748399973
vn -0.698540628 -0.06243467703 0.7128414512
v -2.978499889 0.05869999528 -1.752500176
vn -0.7038478851 -0.01620142534 0.7101659775
v -2.97939992 0.1169000044 -1.751700044
vn -0.7026379108 -0.03122971766 0.7108619213
v -4.585100174 5.286352689e-09 0.2684999406
vn -0.9190744758 -0.1530712396 -0.3631409407
v -4.765299797 0.5 0.7720999122
vn -0.6527975202 0.727905035 -0.2097847462
v -0.7095999718 0.2294999957 -2.879700184
vn -0.9510914683 -0.05745575204 0.3035190701
v -4.531700134 5.286352689e-09 0.4116000235
vn 0.8137322068 -0.5812399983 -1.133033875e-21
v 5.495399952 0.3332000077 0.4799000323
vn -0.4326909482 -0.0934952423 -0.8966811895
v -3.378200054 0.5 0.2407000661
vn 0.05544300377 0.9837568402 -0.1707293093
v -3.104799747 0.173999995 -1.640200138
vn 0.7913736701 -0.04582174122 -0.6096131206
v -3.805900097 0.2827000022 0.7699000835
vn 0.2394215316 -0.08071988076 -0.96755445
v -3.696000099 0.5 -0.3831001222
vn 0.4420688152 0.880758822 0.169820562
v -4.356500149 0.5 -0.2150000632
vn -0.6176908612 0.7075312734 -0.3433037698
v -3.720200062 0.5 -0.230099991
vn 0.7619255185 0.6464176774 0.04017117247
v -4.081500053 0.5 -0.6737000346
vn -0.5660111904 0.7325102091 -0.3782328665
v -2.707700014 0.5 3.306400061
vn 0.1690154672 0.9847726822 0.04070086777
v -4.973800182 0.5 2.888299942
vn -0.170305863 0.9852485657 0.01676953025
v -4.895299911 0.5 3.417399883
vn -0.264755547 0.963111043 0.0481832698
v -4.765299797 0.5 3.936199903
vn -0.2761391699 0.9578760266 0.07887128741
v -2.754499912 0.5 3.589400053
vn 0.1842351407 0.9825977683 0.02364316955
v 2.541800022 0.5 6.128499985
vn -0.1921025217 0.9435611963 -0.2697941959
v 3.477799654 0.5 6.885700226
vn 0.2433601171 0.8934547901 0.3775107563
v 2.778100014 0.5 5.936399937
vn -0.207330212 0.9486580491 -0.2388767302
v -3.742000103 0.008899996057 0.6196000576
vn -0.4567674398 -0.007616476621 0.8895535469
v 2.285599947 0.5 6.298999786
vn -0.1723503768 0.9388468862 -0.2980971634
v 3.019000053 0.5 7.160600185
vn 0.2114696056 0.8864281178 0.4117351174
v 2.012000084 0.5 6.446000099
vn -0.1487084627 0.9346908927 -0.3228601515
v 2.53550005 0.5 7.38929987
vn 0.1742257029 0.8805274367 0.440813899
v 1.723700047 0.5 6.56829977
vn -0.1948698312 0.8122951984 -0.5497292876
v 1.423400044 0.5 6.664700031
vn -0.09086687118 0.9305229187 -0.3547820151
v 2.032000065 0.5 7.569499969
vn 0.1129852533 0.9113675356 0.3957821727
v -3.742300034 0.06760000437 0.6201000214
vn -0.4066821039 -0.02201789059 0.9133043885
v 1.513100028 0.5 7.699399948
vn 0.08812592924 0.8704138398 0.4843692482
v 1.113999963 0.5 6.734200001
vn -0.05978345126 0.9285911322 -0.3662573695
v 0.7985000014 0.5 6.776199818
vn -0.02283491939 0.9658471942 -0.2581042647
v 0.9840999842 0.5 7.777900219
vn 0.03484483436 0.93478477 0.3535014093
v -3.743599653 0.173999995 0.6229000092
vn -0.4596121907 -0.04470334947 0.8869939446
v -3.744900227 0.2294999957 0.6254999638
vn -0.4270592928 -0.05754745752 0.9023905396
v 3.667599916 0.5 3.306400061
vn -0.1746669114 0.9839898944 0.03543038294
v 5.873700142 0.5 2.888299942
vn 0.2567882538 0.9660160542 0.02954264544
v 3.59010005 0.5 3.028899908
vn -0.159034133 0.9859745502 0.05061923712
v -3.746500015 0.2827000022 0.6287999153
vn -0.4298320413 -0.07466883957 0.8998160958
v -4.562399864 5.286352689e-09 0.4928000569
vn 0.06485213339 -0.9897274971 -0.1274113655
v 3.730099916 0.5 3.875099897
vn -0.2048474252 0.9787867069 -0.003752276534
v 5.665200233 0.5 3.936199903
vn 0.2809753716 0.9554578066 0.09029507637
v 3.714400053 0.5 3.589400053
vn -0.1900948882 0.9816115499 0.01739864238
v 5.795199871 0.5 3.417399883
vn 0.2699919343 0.9610939026 0.05833417177
v -3.750499964 0.3804999888 0.6373000741
vn -0.3854013383 -0.1071098521 0.916511476
v 3.907299995 0.5 6.567100048
vn 0.2253163606 0.9320167303 0.2838614285
v 2.992300034 0.5 5.724500179
vn -0.3755992353 0.8559418321 -0.3553713262
v 3.182300091 0.5 5.494699955
vn -0.2327016145 0.9558286071 -0.1795596927
v 5.256400108 0.5 4.923299789
vn 0.2495631874 0.9583733678 0.1387036145
v 5.485000134 0.5 4.439799786
vn 0.2889085412 0.9491319656 0.1252212375
v 3.714400053 0.5 4.16079998
vn -0.2183814645 0.9754610062 -0.02802526951
v 3.667599916 0.5 4.443799973
vn -0.4016097188 0.9106900692 -0.09671212733
v 3.59010005 0.5 4.721300125
vn -0.2271543145 0.9704560041 -0.08133921027
v 3.482700109 0.5 4.990699768
vn -0.2328733504 0.9659712911 -0.1125585139
v 4.981400013 0.5 5.381999969
vn 0.301394403 0.9303987026 0.2086136788
v 3.346299887 0.5 5.249300003
vn -0.2349064052 0.9610558152 -0.1455704272
v 4.303599834 0.5 6.207900047
vn 0.2827038169 0.9136458039 0.2921128869
v 4.662799835 0.5 5.811600208
vn 0.2951123714 0.9220691323 0.2503940463
v -0.4635000229 0.5 6.664700031
vn 0.09999842197 0.9325467348 -0.3469248712
v -0.6132000089 0.5 7.699399948
vn -0.08734606206 0.8728637695 0.4800828099
v -0.154099986 0.5 6.734200001
vn 0.06993492693 0.9299563766 -0.3609574437
v -1.325700045 0.5 6.298999786
vn 0.1770832241 0.9419612288 -0.285220176
v -1.581900001 0.5 6.128499985
vn 0.1948820502 0.9468158484 -0.2560484111
v -2.119100094 0.5 7.160600185
vn -0.207167998 0.8912812471 0.4033598602
v -1.818199873 0.5 5.936399937
vn 0.1403487772 0.9776548743 -0.1565028131
v -2.577899694 0.5 6.885700226
vn -0.3030688167 0.8380869031 0.4536073506
v -0.722299993 0.3804999888 -2.876600027
vn -0.9408769011 -0.1145113558 0.3188069165
v -0.7172999978 0.3332000077 -2.877799988
vn -0.9461117387 -0.09402584285 0.309889853
v -2.032399893 0.5 5.724500179
vn 0.4523938298 0.7899085283 -0.413985908
v -3.007400036 0.5 6.567100048
vn -0.1544677019 0.9699081779 0.1881962568
v -2.22239995 0.5 5.494699955
vn 0.2306202352 0.9588176012 -0.1657803059
v -2.707700014 0.5 4.443799973
vn 0.3927779794 0.9161755443 -0.07967310399
v -4.356500149 0.5 4.923299789
vn -0.2463857085 0.9608759284 0.126536876
v -2.630199909 0.5 4.721300125
vn 0.2221882343 0.9724355936 -0.07072079927
v -0.7067999244 0.173999995 -2.880399704
vn -0.9535444379 -0.04187253118 0.2983280718
v -2.522799969 0.5 4.990699768
vn 0.2285898179 0.9683029652 -0.1006781608
v -3.762899876 0.5 5.811600208
vn -0.2945964634 0.9265800118 0.2337999344
v -2.386399984 0.5 5.249300003
vn 0.2315523326 0.9637392759 -0.1326278597
v -4.081500053 0.5 5.381999969
vn -0.2991864979 0.9344872236 0.1929274797
v -3.403700352 0.5 6.207900047
vn -0.3520234525 0.8672709465 0.3520235717
v -2.754499912 0.5 4.16079998
vn 0.2123701125 0.976995945 -0.01943745278
v -2.770200014 0.5 3.875099897
vn 0.1988430321 0.9800245762 0.00364234834
v -4.585100174 0.5 4.439799786
vn -0.2847349346 0.9519816041 0.11250332
v -3.780299902 0.5 0.6994000077
vn -0.3912439346 0.9054557681 -0.1645542085
v -3.756200075 0.4690999985 0.6492000818
vn -0.4047488868 -0.1924978495 0.8939367533
v -3.75880003 0.4988000095 0.6543999314
vn -0.3749333918 -0.1933348328 0.9066678286
v 0.4499000013 0.5 7.804200172
vn 0.006905305199 0.9071495533 0.4207517505
v 0.4799000025 0.5 6.790299892
vn -0.008772693574 0.8039194942 -0.5946734548
v 0.1613000035 0.5 6.776199818
vn 0.04153867811 0.8819868565 -0.4694398046
v -0.08420001715 0.5 7.777900219
vn -0.04032478854 0.8700683713 0.4912789166
v -0.763800025 0.5 6.56829977
vn 0.208296746 0.818348825 -0.5356469154
v -1.132099986 0.5 7.569499969
vn -0.1113295183 0.914067626 0.3899821937
v -1.635599971 0.5 7.38929987
vn -0.1712435037 0.8848468661 0.4332685769
v -1.052099943 0.5 6.446000099
vn 0.1551665664 0.937520504 -0.3114138842
v -3.780299902 5.286352689e-09 0.6994000077
vn -0.3327835798 -0.9325047135 -0.1403210759
v -0.8569000363 0.3332000077 -2.843300104
vn 0.9810681939 -0.09916465729 -0.1663476378
v -3.796600103 0.4934999943 0.7443000674
vn 0.3226002157 -0.1924508512 -0.9267641306
v -4.973800182 5.286352689e-09 1.820000052
vn -0.2213417739 -0.9750275612 -0.01813912205
v -4.895299911 5.286352689e-09 1.290899992
vn -0.1719034463 -0.9846169353 -0.0312849693
v -4.765299797 5.286352689e-09 0.7720999122
vn -0.6732472777 -0.7139756083 -0.1922938973
v -3.809400082 5.286352689e-09 0.7795000076
vn 0.008206767961 -0.9996401668 -0.02553697489
v -3.800699949 0.4241999984 0.7556999922
vn 0.3152653873 -0.1372661591 -0.9390238523
v 2.541800022 5.286353133e-09 6.128499985
vn -0.1999628544 -0.9439231753 -0.2627239525
v 2.778100014 5.286353133e-09 5.936399937
vn -0.2142928839 -0.9489951134 -0.2312722653
v 3.477799654 5.286353133e-09 6.885700226
vn 0.2556093931 -0.8934643865 0.3693037331
v 3.019000053 5.286353133e-09 7.160600185
vn 0.2248113304 -0.8864290714 0.4046027362
v 2.285599947 5.286353133e-09 6.298999786
vn -0.1811354756 -0.9391877651 -0.2917469442
v 4.05919981 0.4636999965 -1.677400112
vn -0.8008226752 -0.1775760949 -0.5719700456
v -0.7130999565 0.2827000022 -2.878900051
vn -0.9490880966 -0.0740486905 0.3061839044
v 2.53550005 5.286353133e-09 7.38929987
vn 0.1885671467 -0.8805168271 0.4348936975
v 2.012000084 5.286353133e-09 6.446000099
vn -0.1581434608 -0.9350162148 -0.3173882663
v 2.032000065 5.286353133e-09 7.569499969
vn 0.1259033829 -0.9113807678 0.391833365
v 1.723700047 5.286353133e-09 6.56829977
vn -0.211056456 -0.8129479289 -0.5427438021
v 1.423400044 5.286353133e-09 6.664700031
vn -0.101275228 -0.9307488203 -0.3513545394
v -3.755800009 0.4636999965 0.6482000351
vn -0.3817329109 -0.1605265886 0.9102259278
v -3.752999783 0.4241999984 0.6424999237
vn -0.3897708952 -0.1399366409 0.910217762
v 3.477799654 0.5 -2.177400112
vn 0.2770780623 0.8667445779 -0.4147066772
v 3.019000053 0.5 -2.452300072
vn 0.3894862533 0.5631892681 -0.7287786603
v 3.714400053 5.286353133e-09 4.16079998
vn -0.2190826237 -0.975500226 -0.02005176432
v 3.730099916 5.286353133e-09 3.875099897
vn -0.2048473507 -0.9787867665 0.003752276534
v 5.485000134 5.286353133e-09 4.439799786
vn 0.2928563654 -0.9491289854 0.1157124117
v 2.53550005 0.5 -2.681000233
vn 0.2177889496 0.8223199844 -0.5256974101
v 3.346299887 5.286353133e-09 5.249300003
vn -0.2391018867 -0.9612878561 -0.1369521469
v 4.303599834 5.286353133e-09 6.207900047
vn 0.2921128869 -0.9136458039 0.2827038169
v 3.182300091 5.286353133e-09 5.494699955
vn -0.2379203141 -0.9561084509 -0.1710277796
v 3.907299995 5.286353133e-09 6.567100048
vn 0.2344953716 -0.9320094585 0.2763516903
v 2.992300034 5.286353133e-09 5.724500179
vn -0.3862448931 -0.8567379117 -0.3417821229
v -3.742700338 0.1169000044 0.6211000681
vn -0.4566260278 -0.02312253788 0.8893582225
v 5.49819994 0.2294999957 0.4873999655
vn -0.4270114005 -0.06241911277 -0.9020892978
v 0.9840999842 0.5 -3.069600344
vn 0.06013714895 0.7900437713 -0.6100937724
v 5.256400108 5.286353133e-09 4.923299789
vn 0.2539811432 -0.9583734274 0.130437687
v 3.667599916 5.286353133e-09 4.443799973
vn -0.404347688 -0.9109202027 -0.08202007413
v 3.59010005 5.286353133e-09 4.721300125
vn -0.2294377685 -0.970579803 -0.07302813232
v 4.981400013 5.286353133e-09 5.381999969
vn 0.308050096 -0.9304010272 0.198643133
v 4.662799835 5.286353133e-09 5.811600208
vn 0.3031535149 -0.922070384 0.2405911535
v 3.482700109 5.286353133e-09 4.990699768
vn -0.236112982 -0.9661450982 -0.1039916724
v 5.665200233 5.286353133e-09 3.936199903
vn 0.2837745547 -0.9554593563 0.08105202764
v 3.714400053 5.286352689e-09 3.589400053
vn -0.1894884557 -0.9815818071 0.02431738563
v -3.809299946 0.05869999528 0.7790999413
vn 0.2550035119 -0.01280703209 -0.9668552876
v -3.808900118 0.1080999896 0.7781999707
vn 0.3054220974 -0.02031178586 -0.9520004392
v -3.808799982 0.1169000044 0.7779999971
vn 0.2522446215 -0.03514724225 -0.967024982
v -3.808099985 0.173999995 0.7760000825
vn 0.2497053891 -0.04744304717 -0.9671589136
v -3.808199644 0.1653999984 0.7763000727
vn 0.3041347861 -0.03738096729 -0.9518952966
v 3.982199907 0.4988000095 -1.745899916
vn 0.5237926245 -0.1870880127 0.8310471177
v 1.513100028 5.286353133e-09 7.699399948
vn 0.1039122641 -0.8703981042 0.4812581539
v 0.7985000014 5.286353133e-09 6.776199818
vn -0.04166606069 -0.8811734319 -0.4709536433
v 1.113999963 5.286353133e-09 6.734200001
vn -0.07050589472 -0.9287487268 -0.3639433682
v 0.9840999842 5.286353133e-09 7.777900219
vn 0.0593553558 -0.7961651683 0.6021611094
v 0.4499000013 5.286353133e-09 7.804200172
vn -0.006905381568 -0.9071595669 0.4207301438
v -0.6450999379 0.2736999989 -1.959600091
vn 0.9203646183 -0.06753163785 -0.3851862848
v -0.6481000185 0.2294999957 -1.958899975
vn 0.9018113613 -0.06344389915 -0.4274471998
v 0.4799000025 5.286353133e-09 6.790299892
vn 0.008772693574 -0.8039194942 -0.5946734548
v 0.1613000035 5.286353133e-09 6.776199818
vn 0.02275041118 -0.9661146998 -0.2571085393
v -0.154099986 5.286353133e-09 6.734200001
vn 0.05930031836 -0.9298142791 -0.3632202148
v -0.08420001715 5.286353133e-09 7.777900219
vn -0.05638056993 -0.8700623512 0.4897068441
v -0.6484999657 0.2201000005 -1.958799958
vn 0.918728888 -0.05055676401 -0.3916392326
v -1.325700045 5.286353133e-09 6.298999786
vn 0.1684973538 -0.9416344166 -0.2914330959
v -2.119100094 5.286353133e-09 7.160600185
vn -0.220238328 -0.8912821412 0.3963725567
v -1.581900001 5.286353133e-09 6.128499985
vn 0.1872250289 -0.9464709163 -0.2629440129
v -2.577899694 5.286353133e-09 6.885700226
vn -0.1719328314 -0.9509038925 0.2573342919
v -1.818199873 5.286353133e-09 5.936399937
vn 0.2637579441 -0.9186551571 -0.2941162884
v -3.007400036 5.286353133e-09 6.567100048
vn -0.2846594155 -0.8936933875 0.3468157947
v -2.032399893 5.286353133e-09 5.724500179
vn 0.2669528425 -0.9322334528 -0.2442887425
v -2.22239995 5.286353133e-09 5.494699955
vn 0.2255656421 -0.9585538507 -0.1740534455
v -3.403700352 5.286353133e-09 6.207900047
vn -0.1950732023 -0.9611934423 0.1950732619
v -2.386399984 5.286353133e-09 5.249300003
vn 0.2274927348 -0.9635210037 -0.1409762651
v -3.762899876 5.286353133e-09 5.811600208
vn -0.2867823243 -0.9265787601 0.243326202
v -2.522799969 5.286353133e-09 4.990699768
vn 0.2254559398 -0.968139708 -0.1089731976
v -4.081500053 5.286353133e-09 5.381999969
vn -0.2927223444 -0.9344850779 0.2026111037
v -2.754499912 5.286352689e-09 3.589400053
vn 0.1848244667 -0.9826259613 0.01691631228
v -2.770200014 5.286353133e-09 3.875099897
vn 0.1988430917 -0.9800245762 -0.00364234834
v -4.765299797 5.286353133e-09 3.936199903
vn -0.2734153271 -0.9578745961 0.08786547929
v -4.973800182 5.286352689e-09 2.888299942
vn -0.3265682161 -0.9446264505 0.03215623274
v 5.486899853 0.4988000095 0.4574999511
vn -0.5111979842 -0.1903548986 -0.8381178975
v -0.6409999728 0.3246999979 -1.960599899
vn 0.9219846129 -0.08677721769 -0.3773778975
v 4.054100037 0.4988000095 -1.681899905
vn -0.8907803297 -0.1850392222 -0.415055275
v 3.459000111 0.5 -1.007900119
vn -0.001360015478 0.9999982119 -0.00133366778
v -1.052099943 5.286353133e-09 6.446000099
vn 0.1459110826 -0.9372065663 -0.3167867661
v -0.763800025 5.286353133e-09 6.56829977
vn 0.1923257709 -0.8177087903 -0.5425524116
v -1.132099986 5.286353133e-09 7.569499969
vn -0.1240582839 -0.9140805006 0.3860911131
v -1.635599971 5.286353133e-09 7.38929987
vn -0.1853395402 -0.8848366141 0.4274499118
v -0.4635000229 5.286353133e-09 6.664700031
vn 0.08972182125 -0.932326138 -0.3503112197
v -0.6132000089 5.286353133e-09 7.699399948
vn -0.1029927284 -0.8728482723 0.476999402
v -2.707700014 5.286352689e-09 3.306400061
vn 0.170132339 -0.98481673 0.03451051563
v -4.895299911 5.286352689e-09 3.417399883
vn -0.2630269527 -0.963113308 0.05682948604
v -2.754499912 5.286353133e-09 4.16079998
vn 0.2116909623 -0.9769589901 -0.02716660686
v -4.585100174 5.286353133e-09 4.439799786
vn -0.2808965445 -0.9519844651 0.1217485219
v -4.356500149 5.286353133e-09 4.923299789
vn -0.2420998663 -0.9608758688 0.134555608
v -2.630199909 5.286353133e-09 4.721300125
vn 0.219978705 -0.9723192453 -0.07876983285
v -2.707700014 5.286353133e-09 4.443799973
vn 0.3901239038 -0.9159570932 -0.0939463228
v -0.6445000768 0.2827000022 -1.959700108
vn 0.9046201706 -0.08085177839 -0.4184797704
v 5.493599892 0.3804999888 0.4751000702
vn -0.4372767806 -0.114972122 -0.8919475675
v 4.055099964 0.5 -0.630099833
vn -0.01991716027 0.9257534146 0.3776029348
v 3.902100086 0.5 -0.60589993
vn 0.07251763344 0.9597721696 0.2712536156
v -3.001800299 0.4636999965 -1.731799841
vn -0.6639078856 -0.1785575449 0.7261842489
v 1.994199991 0.5 -1.362200141
vn 0.05566096306 0.9983388186 -0.01488053519
v 1.970000029 0.5 -1.515200138
vn 0.2393988371 0.9709213376 -5.402137248e-17
v -3.748399973 0.3332000077 0.6327999234
vn -0.4172005057 -0.08806993067 0.9045371413
v -3.748699903 0.3404000103 0.63349998
vn -0.9322060943 -0.07579411566 0.353902638
v -3.807300329 0.2211000025 0.7738000154
vn 0.3027253449 -0.0498168245 -0.9517750144
v -3.807199955 0.2294999957 0.7734000087
vn 0.2442343831 -0.06683494151 -0.9674102664
v -3.806099892 0.274699986 0.7703999877
vn 0.2995973527 -0.06991861016 -0.9515002966
v 3.376699686 0.4241999984 -1.079599977
vn 0.7777471542 -0.1385705471 0.6131130457
v 2.464999914 0.5 -2.010200024
vn -0.01895720884 0.9329296947 0.3595591486
v 2.618000031 0.5 -1.985999823
vn -0.1463423669 0.9129400253 0.3809519708
v 2.756000042 0.5 -1.915700078
vn -0.255102545 0.9143087864 0.3145824373
v 2.865499973 0.5 -1.80610013
vn -0.6081905961 0.6888365149 0.3944724202
v 2.865499973 0.5 -1.22420001
vn -0.6419063807 0.563357234 -0.5201776624
v 2.935800076 0.5 -1.362200141
vn -0.2870559692 0.9515455365 -0.1102724224
v 1.994199991 0.5 -1.668099999
vn 0.8497623205 0.4491114318 0.2760488093
v 2.756000042 0.5 -1.114699841
vn -0.1429807097 0.9648759365 -0.2203880697
v 2.064500093 0.5 -1.80610013
vn 0.2803944945 0.9326344728 0.2270944566
v -3.75090003 0.3871999979 0.638100028
vn -0.4126835763 -0.1308720112 0.9014237523
v 3.359100103 0.173999995 -1.092399955
vn 0.7700861096 -0.04194553569 0.6365594864
v 3.361399651 0.2294999957 -1.09070003
vn 0.7709649205 -0.0568331182 0.6343367696
v 3.356400013 0.05869999528 -1.094400048
vn 0.7690976262 -0.01138902362 0.6390298605
v 3.35739994 0.1169000044 -1.093699932
vn 0.7694963217 -0.02628332004 0.6381101608
v 3.364400148 0.2827000022 -1.088600159
vn 0.7721518874 -0.0739217177 0.631123662
v 3.367899895 0.3332000077 -1.086000085
vn 0.7736856937 -0.09341993183 0.6266443729
v -3.102699995 0.2294999957 -1.642100096
vn 0.7969121337 -0.06109977886 -0.6009973884
v 3.654600143 0.5 -0.4260999858
vn 0.1865033954 0.9730670452 0.1354881525
v 3.764099836 0.5 -0.5355998278
vn 0.5124964118 0.4895547032 0.7054669261
v 3.372100353 0.3804999888 -1.082999825
vn 0.775505662 -0.1148227528 0.6208113432
v -2.980999708 0.173999995 -1.750299931
vn -0.700967133 -0.04629714042 0.7116892934
v -0.486899972 0.05869999528 -1.998600006
vn -0.9886257648 -0.0139669925 0.149746567
v -0.4880999625 0.1169000044 -1.998299837
vn -0.9995242357 -0.03018374182 0.006348475814
v -3.796299934 0.4988000095 0.7433000207
vn 0.2949800491 -0.2048193514 -0.933292985
v -3.79859972 0.4636999965 0.749800086
vn 0.3161916435 -0.1668325961 -0.9339109659
v -0.4900999665 0.173999995 -1.997900009
vn -0.9986927509 -0.03785213456 0.03435127437
v -0.4905999899 0.1834000051 -1.997699857
vn -0.9956352711 -0.05127454922 0.07798308134
v -0.4934999943 0.2386000007 -1.99699986
vn -0.9942272305 -0.06659591943 0.08412589878
v -0.4970999658 0.2912999988 -1.996100068
vn -0.9921912551 -0.0845720917 0.09167367965
v -2.989099979 0.3332000077 -1.743100047
vn -0.6902412772 -0.09998706728 0.716637671
v -2.992899895 0.3804999888 -1.739699841
vn -0.6842842698 -0.1204056516 0.719206214
v 5.442900181 0.2827000022 0.3407999575
vn 0.277679801 -0.07946076989 0.9573817849
v -2.53640008 0.1074999943 -0.9925000072
vn 0.7018682361 -0.02064120956 -0.7120077014
v -2.537100077 0.05869999528 -0.9917999506
vn 0.6512945294 -0.01804445498 -0.758610487
v -2.537199736 0.04920000955 -0.9917999506
vn 0.7023242116 -0.00722670136 -0.7118205428
v -2.405099869 0.05869999528 -1.102699876
vn -0.7768003345 -0.01175004244 0.6296373606
v -2.406100273 0.1169000044 -1.101999879
vn -0.7771818042 -0.02594522014 0.6287410855
v -2.407800198 0.173999995 -1.100800157
vn -0.7777737975 -0.04160863534 0.627165556
v -2.534600019 0.173999995 -0.9940001369
vn 0.6470208764 -0.04869730026 -0.7609155774
v -2.532500029 0.2294999957 -0.9958998561
vn 0.6834891438 -0.05524772778 -0.7278669477
v 1.786599994 0.4988000095 -2.877899885
vn -0.9775422215 -0.1889280677 -0.09336708486
v 1.799299955 0.4241999984 -2.874800205
vn -0.9784309864 -0.1385716796 -0.1532016098
v -2.997099876 0.4241999984 -1.735900044
vn -0.6760840416 -0.1453732997 0.7223412991
v -0.4865999818 0.009900000878 -1.998700142
vn -0.9921476245 -0.006556320935 -0.1249001995
v -0.6507999897 0.173999995 -1.958199978
vn 0.8995033503 -0.0487164855 -0.434189409
v 1.693300009 0.4988000095 -2.901000023
vn 0.8716173768 -0.1899991781 0.4518666565
v -0.4963999987 0.2827000022 -1.996300101
vn -0.9965956807 -0.0687167272 0.04555309936
v -0.4929000139 0.2294999957 -1.997199893
vn -0.9979162812 -0.05289227888 0.03695312142
v -3.078799963 0.4988000095 -1.663300037
vn 0.8948639631 -0.1858069152 -0.4058254659
# mm_gid 0
g mmGroup0
f 1//1 2//2 3//3 
f 4//4 2//2 1//1 
f 5//5 6//6 7//7 
f 8//8 9//9 6//6 
f 7//7 6//6 9//9 
f 10//10 11//11 12//12 
f 8//8 6//6 13//13 
f 14//14 15//15 16//16 
f 17//17 6//6 18//18 
f 19//19 20//20 21//21 
f 22//22 14//14 23//23 
f 24//24 25//25 26//26 
f 27//27 28//28 6//6 
f 28//28 18//18 6//6 
f 29//29 6//6 30//30 
f 29//29 27//27 6//6 
f 30//30 6//6 5//5 
f 31//31 32//32 33//33 
f 34//34 35//35 36//36 
f 34//34 36//36 17//17 
f 6//6 17//17 36//36 
f 35//35 33//33 36//36 
f 37//37 38//38 39//39 
f 40//40 41//41 42//42 
f 42//42 41//41 43//43 
f 42//42 43//43 44//44 
f 42//42 44//44 45//45 
f 46//46 42//42 47//47 
f 46//46 48//48 42//42 
f 49//49 42//42 48//48 
f 50//50 47//47 42//42 
f 51//51 42//42 49//49 
f 52//52 50//50 42//42 
f 53//53 54//54 55//55 
f 56//56 55//55 54//54 
f 53//53 55//55 57//57 
f 37//37 39//39 57//57 
f 39//39 53//53 57//57 
f 58//58 59//59 60//60 
f 61//61 59//59 62//62 
f 2//2 63//63 59//59 
f 24//24 64//64 25//25 
f 65//65 66//66 64//64 
f 62//62 59//59 58//58 
f 67//67 68//68 69//69 
f 56//56 68//68 67//67 
f 54//54 68//68 56//56 
f 70//70 71//71 72//72 
f 73//73 74//74 70//70 
f 75//75 76//76 73//73 
f 77//77 78//78 75//75 
f 79//79 11//11 80//80 
f 81//81 11//11 79//79 
f 82//82 11//11 81//81 
f 83//83 84//84 85//85 
f 25//25 78//78 26//26 
f 86//86 87//87 11//11 
f 88//88 11//11 87//87 
f 88//88 87//87 89//89 
f 61//61 78//78 59//59 
f 90//90 59//59 63//63 
f 90//90 91//91 59//59 
f 92//92 59//59 91//91 
f 93//93 63//63 2//2 
f 94//94 95//95 96//96 
f 97//97 94//94 96//96 
f 98//98 99//99 100//100 
f 101//101 102//102 84//84 
f 101//101 103//103 104//104 
f 105//105 104//104 103//103 
f 102//102 85//85 84//84 
f 85//85 106//106 83//83 
f 107//107 108//108 109//109 
f 110//110 111//111 107//107 
f 112//112 113//113 95//95 
f 114//114 113//113 112//112 
f 96//96 113//113 115//115 
f 116//116 2//2 117//117 
f 118//118 2//2 116//116 
f 119//119 2//2 118//118 
f 120//120 117//117 2//2 
f 96//96 95//95 113//113 
f 114//114 121//121 113//113 
f 122//122 109//109 123//123 
f 108//108 123//123 109//109 
f 124//124 125//125 126//126 
f 127//127 128//128 106//106 
f 128//128 83//83 106//106 
f 129//129 127//127 106//106 
f 130//130 109//109 122//122 
f 130//130 122//122 121//121 
f 130//130 121//121 131//131 
f 131//131 121//121 114//114 
f 131//131 114//114 132//132 
f 123//123 133//133 122//122 
f 121//121 122//122 133//133 
f 132//132 114//114 112//112 
f 132//132 112//112 134//134 
f 134//134 112//112 95//95 
f 134//134 95//95 135//135 
f 136//136 125//125 137//137 
f 135//135 95//95 94//94 
f 135//135 94//94 138//138 
f 138//138 94//94 97//97 
f 138//138 97//97 139//139 
f 139//139 97//97 140//140 
f 139//139 140//140 141//141 
f 107//107 142//142 143//143 
f 107//107 143//143 110//110 
f 144//144 125//125 145//145 
f 109//109 146//146 142//142 
f 109//109 142//142 107//107 
f 42//42 147//147 148//148 
f 148//148 149//149 42//42 
f 150//150 42//42 151//151 
f 152//152 151//151 42//42 
f 40//40 42//42 150//150 
f 153//153 148//148 147//147 
f 154//154 155//155 147//147 
f 146//146 109//109 130//130 
f 156//156 125//125 157//157 
f 158//158 115//115 159//159 
f 102//102 101//101 160//160 
f 160//160 101//101 104//104 
f 161//161 125//125 162//162 
f 42//42 51//51 163//163 
f 42//42 163//163 164//164 
f 165//165 42//42 164//164 
f 166//166 42//42 165//165 
f 167//167 147//147 166//166 
f 168//168 169//169 170//170 
f 171//171 170//170 172//172 
f 169//169 172//172 170//170 
f 173//173 171//171 172//172 
f 174//174 171//171 173//173 
f 170//170 175//175 168//168 
f 176//176 168//168 175//175 
f 113//113 176//176 175//175 
f 113//113 175//175 115//115 
f 16//16 23//23 14//14 
f 177//177 88//88 178//178 
f 179//179 178//178 88//88 
f 177//177 180//180 88//88 
f 181//181 88//88 180//180 
f 182//182 123//123 183//183 
f 184//184 123//123 185//185 
f 186//186 123//123 182//182 
f 187//187 188//188 189//189 
f 186//186 185//185 123//123 
f 190//190 123//123 184//184 
f 188//188 187//187 191//191 
f 161//161 137//137 125//125 
f 192//192 125//125 136//136 
f 193//193 123//123 194//194 
f 195//195 125//125 144//144 
f 152//152 42//42 149//149 
f 196//196 162//162 125//125 
f 195//195 196//196 125//125 
f 197//197 123//123 190//190 
f 123//123 197//197 198//198 
f 192//192 157//157 125//125 
f 199//199 145//145 125//125 
f 200//200 199//199 125//125 
f 201//201 123//123 193//193 
f 125//125 156//156 202//202 
f 203//203 123//123 198//198 
f 203//203 204//204 123//123 
f 194//194 123//123 204//204 
f 205//205 206//206 207//207 
f 208//208 209//209 210//210 
f 211//211 198//198 197//197 
f 212//212 213//213 205//205 
f 214//214 205//205 213//213 
f 215//215 216//216 217//217 
f 215//215 217//217 218//218 
f 219//219 214//214 213//213 
f 220//220 221//221 219//219 
f 222//222 123//123 223//223 
f 224//224 123//123 225//225 
f 226//226 227//227 228//228 
f 229//229 123//123 224//224 
f 230//230 231//231 201//201 
f 123//123 201//201 232//232 
f 218//218 233//233 231//231 
f 218//218 231//231 230//230 
f 218//218 230//230 215//215 
f 214//214 219//219 221//221 
f 234//234 179//179 235//235 
f 232//232 236//236 123//123 
f 237//237 123//123 236//236 
f 238//238 123//123 239//239 
f 231//231 233//233 201//201 
f 233//233 218//218 201//201 
f 232//232 201//201 218//218 
f 237//237 239//239 123//123 
f 240//240 123//123 238//238 
f 241//241 123//123 240//240 
f 241//241 225//225 123//123 
f 242//242 123//123 229//229 
f 206//206 243//243 207//207 
f 207//207 212//212 205//205 
f 244//244 245//245 246//246 
f 247//247 207//207 248//248 
f 248//248 249//249 247//247 
f 250//250 243//243 206//206 
f 251//251 207//207 243//243 
f 252//252 247//247 249//249 
f 252//252 253//253 254//254 
f 255//255 256//256 257//257 
f 258//258 257//257 256//256 
f 259//259 258//258 260//260 
f 260//260 174//174 259//259 
f 173//173 259//259 174//174 
f 257//257 261//261 255//255 
f 262//262 255//255 261//261 
f 263//263 262//262 261//261 
f 261//261 264//264 263//263 
f 265//265 263//263 264//264 
f 264//264 266//266 265//265 
f 242//242 223//223 123//123 
f 123//123 222//222 133//133 
f 221//221 220//220 267//267 
f 268//268 269//269 189//189 
f 123//123 39//39 270//270 
f 256//256 260//260 258//258 
f 270//270 183//183 123//123 
f 113//113 121//121 133//133 
f 271//271 202//202 272//272 
f 273//273 271//271 272//272 
f 274//274 271//271 273//273 
f 275//275 276//276 277//277 
f 210//210 278//278 208//208 
f 279//279 275//275 277//277 
f 280//280 275//275 279//279 
f 281//281 282//282 246//246 
f 274//274 277//277 276//276 
f 271//271 274//274 276//276 
f 39//39 38//38 159//159 
f 283//283 115//115 284//284 
f 158//158 159//159 38//38 
f 159//159 270//270 39//39 
f 284//284 115//115 158//158 
f 220//220 246//246 267//267 
f 285//285 267//267 246//246 
f 286//286 287//287 288//288 
f 147//147 281//281 246//246 
f 289//289 282//282 281//281 
f 285//285 246//246 282//282 
f 51//51 290//290 163//163 
f 291//291 88//88 181//181 
f 245//245 147//147 246//246 
f 292//292 293//293 147//147 
f 293//293 294//294 147//147 
f 294//294 153//153 147//147 
f 155//155 292//292 147//147 
f 295//295 127//127 296//296 
f 115//115 283//283 96//96 
f 297//297 96//96 283//283 
f 297//297 72//72 96//96 
f 177//177 298//298 180//180 
f 299//299 300//300 301//301 
f 302//302 303//303 304//304 
f 305//305 257//257 258//258 
f 69//69 306//306 65//65 
f 22//22 23//23 307//307 
f 25//25 64//64 66//66 
f 308//308 88//88 309//309 
f 80//80 88//88 308//308 
f 310//310 309//309 88//88 
f 311//311 310//310 88//88 
f 235//235 179//179 88//88 
f 89//89 235//235 88//88 
f 245//245 154//154 147//147 
f 68//68 306//306 69//69 
f 281//281 312//312 289//289 
f 313//313 147//147 167//167 
f 314//314 147//147 313//313 
f 315//315 147//147 316//316 
f 317//317 147//147 315//315 
f 281//281 147//147 317//317 
f 42//42 166//166 147//147 
f 318//318 304//304 303//303 
f 303//303 319//319 318//318 
f 320//320 306//306 321//321 
f 322//322 323//323 281//281 
f 316//316 147//147 314//314 
f 324//324 325//325 326//326 
f 324//324 326//326 327//327 
f 144//144 326//326 325//325 
f 328//328 306//306 329//329 
f 324//324 195//195 325//325 
f 330//330 306//306 331//331 
f 312//312 281//281 280//280 
f 332//332 333//333 334//334 
f 234//234 235//235 89//89 
f 335//335 336//336 337//337 
f 178//178 338//338 177//177 
f 306//306 339//339 340//340 
f 341//341 306//306 340//340 
f 306//306 341//341 342//342 
f 343//343 324//324 327//327 
f 344//344 345//345 346//346 
f 347//347 348//348 349//349 
f 350//350 349//349 351//351 
f 348//348 351//351 349//349 
f 352//352 350//350 351//351 
f 351//351 353//353 352//352 
f 354//354 352//352 353//353 
f 355//355 356//356 311//311 
f 357//357 208//208 278//278 
f 358//358 321//321 306//306 
f 275//275 280//280 281//281 
f 275//275 281//281 323//323 
f 359//359 320//320 360//360 
f 306//306 361//361 362//362 
f 362//362 337//337 306//306 
f 306//306 337//337 336//336 
f 288//288 345//345 344//344 
f 363//363 364//364 323//323 
f 364//364 365//365 323//323 
f 128//128 366//366 83//83 
f 367//367 306//306 336//336 
f 368//368 340//340 339//339 
f 369//369 370//370 323//323 
f 370//370 363//363 323//323 
f 371//371 342//342 341//341 
f 372//372 369//369 323//323 
f 373//373 323//323 365//365 
f 374//374 358//358 306//306 
f 306//306 320//320 361//361 
f 367//367 339//339 306//306 
f 375//375 306//306 342//342 
f 375//375 327//327 306//306 
f 376//376 106//106 377//377 
f 343//343 327//327 375//375 
f 378//378 327//327 379//379 
f 327//327 378//378 306//306 
f 380//380 306//306 378//378 
f 381//381 160//160 382//382 
f 331//331 306//306 380//380 
f 383//383 306//306 330//330 
f 384//384 385//385 323//323 
f 385//385 386//386 323//323 
f 387//387 388//388 389//389 
f 390//390 384//384 323//323 
f 322//322 391//391 323//323 
f 392//392 306//306 328//328 
f 383//383 329//329 306//306 
f 393//393 394//394 347//347 
f 394//394 265//265 266//266 
f 266//266 395//395 394//394 
f 396//396 393//393 347//347 
f 349//349 396//396 347//347 
f 391//391 390//390 323//323 
f 387//387 389//389 226//226 
f 397//397 306//306 392//392 
f 386//386 372//372 323//323 
f 398//398 245//245 373//373 
f 319//319 373//373 245//245 
f 245//245 318//318 319//319 
f 365//365 398//398 373//373 
f 245//245 244//244 318//318 
f 399//399 374//374 306//306 
f 395//395 347//347 394//394 
f 141//141 400//400 401//401 
f 402//402 403//403 401//401 
f 404//404 403//403 402//402 
f 397//397 405//405 306//306 
f 245//245 398//398 154//154 
f 299//299 399//399 306//306 
f 405//405 66//66 306//306 
f 66//66 65//65 306//306 
f 299//299 306//306 300//300 
f 406//406 407//407 300//300 
f 408//408 409//409 406//406 
f 345//345 288//288 287//287 
f 74//74 73//73 76//76 
f 76//76 75//75 78//78 
f 61//61 410//410 78//78 
f 411//411 143//143 412//412 
f 159//159 115//115 175//175 
f 41//41 40//40 413//413 
f 400//400 402//402 401//401 
f 414//414 415//415 171//171 
f 416//416 417//417 418//418 
f 419//419 420//420 421//421 
f 422//422 423//423 424//424 
f 174//174 414//414 171//171 
f 424//424 425//425 422//422 
f 290//290 51//51 49//49 
f 47//47 426//426 46//46 
f 427//427 46//46 426//426 
f 427//427 48//48 46//46 
f 428//428 429//429 430//430 
f 431//431 429//429 428//428 
f 432//432 50//50 52//52 
f 358//358 433//433 321//321 
f 434//434 435//435 436//436 
f 437//437 438//438 399//399 
f 439//439 436//436 435//435 
f 260//260 440//440 174//174 
f 441//441 439//439 442//442 
f 256//256 440//440 260//260 
f 255//255 443//443 256//256 
f 374//374 438//438 358//358 
f 442//442 439//439 435//435 
f 444//444 401//401 445//445 
f 430//430 446//446 445//445 
f 403//403 445//445 401//401 
f 447//447 448//448 286//286 
f 410//410 61//61 449//449 
f 293//293 450//450 294//294 
f 451//451 61//61 452//452 
f 453//453 104//104 404//404 
f 403//403 404//404 104//104 
f 454//454 313//313 455//455 
f 166//166 456//456 167//167 
f 61//61 301//301 452//452 
f 457//457 458//458 459//459 
f 425//425 459//459 458//458 
f 458//458 422//422 425//425 
f 459//459 78//78 457//457 
f 460//460 457//457 78//78 
f 410//410 460//460 78//78 
f 25//25 59//59 78//78 
f 71//71 70//70 74//74 
f 96//96 72//72 71//71 
f 26//26 78//78 77//77 
f 461//461 165//165 164//164 
f 462//462 424//424 423//423 
f 463//463 403//403 105//105 
f 461//461 164//164 163//163 
f 464//464 465//465 264//264 
f 466//466 464//464 261//261 
f 449//449 61//61 451//451 
f 467//467 463//463 105//105 
f 468//468 469//469 470//470 
f 409//409 408//408 471//471 
f 104//104 105//105 403//403 
f 472//472 16//16 15//15 
f 473//473 474//474 475//475 
f 476//476 406//406 409//409 
f 407//407 406//406 476//476 
f 477//477 301//301 300//300 
f 452//452 301//301 477//477 
f 407//407 477//477 300//300 
f 478//478 479//479 347//347 
f 426//426 47//47 50//50 
f 374//374 399//399 438//438 
f 104//104 453//453 480//480 
f 357//357 278//278 481//481 
f 482//482 475//475 432//432 
f 475//475 483//483 432//432 
f 471//471 474//474 473//473 
f 408//408 474//474 471//471 
f 483//483 475//475 474//474 
f 346//346 345//345 484//484 
f 423//423 485//485 462//462 
f 486//486 462//462 485//485 
f 487//487 488//488 485//485 
f 486//486 485//485 488//488 
f 482//482 52//52 489//489 
f 484//484 490//490 491//491 
f 492//492 317//317 315//315 
f 45//45 488//488 42//42 
f 487//487 52//52 488//488 
f 167//167 455//455 313//313 
f 42//42 488//488 52//52 
f 293//293 292//292 450//450 
f 482//482 432//432 52//52 
f 487//487 489//489 52//52 
f 493//493 494//494 495//495 
f 496//496 497//497 498//498 
f 499//499 500//500 45//45 
f 501//501 502//502 503//503 
f 418//418 417//417 307//307 
f 504//504 505//505 416//416 
f 292//292 506//506 450//450 
f 507//507 483//483 508//508 
f 467//467 105//105 509//509 
f 314//314 454//454 316//316 
f 501//501 510//510 502//502 
f 511//511 502//502 510//510 
f 321//321 360//360 320//320 
f 512//512 513//513 514//514 
f 512//512 514//514 515//515 
f 507//507 516//516 483//483 
f 517//517 483//483 516//516 
f 518//518 519//519 510//510 
f 520//520 396//396 349//349 
f 521//521 483//483 522//522 
f 521//521 523//523 483//483 
f 524//524 307//307 417//417 
f 523//523 508//508 483//483 
f 525//525 483//483 526//526 
f 317//317 527//527 281//281 
f 483//483 528//528 529//529 
f 525//525 528//528 483//483 
f 517//517 526//526 483//483 
f 343//343 195//195 324//324 
f 415//415 530//530 170//170 
f 531//531 483//483 532//532 
f 529//529 532//532 483//483 
f 483//483 531//531 533//533 
f 483//483 533//533 534//534 
f 535//535 514//514 483//483 
f 534//534 535//535 483//483 
f 513//513 483//483 514//514 
f 536//536 537//537 483//483 
f 538//538 483//483 537//537 
f 104//104 480//480 539//539 
f 540//540 172//172 169//169 
f 541//541 483//483 542//542 
f 543//543 483//483 541//541 
f 544//544 483//483 543//543 
f 545//545 536//536 483//483 
f 513//513 545//545 483//483 
f 538//538 542//542 483//483 
f 546//546 483//483 544//544 
f 547//547 483//483 546//546 
f 548//548 483//483 549//549 
f 133//133 550//550 113//113 
f 439//439 441//441 551//551 
f 547//547 549//549 483//483 
f 441//441 509//509 551//551 
f 440//440 256//256 443//443 
f 499//499 522//522 483//483 
f 548//548 432//432 483//483 
f 44//44 552//552 45//45 
f 553//553 361//361 359//359 
f 499//499 45//45 552//552 
f 554//554 45//45 500//500 
f 499//499 483//483 500//500 
f 22//22 307//307 524//524 
f 375//375 195//195 343//343 
f 420//420 495//495 494//494 
f 421//421 420//420 494//494 
f 495//495 488//488 493//493 
f 421//421 555//555 419//419 
f 519//519 518//518 447//447 
f 394//394 556//556 265//265 
f 97//97 96//96 140//140 
f 557//557 66//66 405//405 
f 264//264 261//261 464//464 
f 305//305 258//258 259//259 
f 99//99 140//140 100//100 
f 558//558 559//559 560//560 
f 561//561 562//562 563//563 
f 564//564 559//559 565//565 
f 560//560 559//559 564//564 
f 566//566 559//559 567//567 
f 568//568 559//559 569//569 
f 567//567 559//559 568//568 
f 570//570 571//571 572//572 
f 572//572 111//111 570//570 
f 110//110 570//570 111//111 
f 108//108 107//107 111//111 
f 573//573 559//559 551//551 
f 574//574 559//559 573//573 
f 575//575 559//559 574//574 
f 569//569 559//559 575//575 
f 98//98 576//576 563//563 
f 96//96 100//100 140//140 
f 577//577 559//559 558//558 
f 565//565 559//559 566//566 
f 382//382 539//539 578//578 
f 222//222 550//550 133//133 
f 439//439 551//551 559//559 
f 579//579 580//580 581//581 
f 582//582 583//583 584//584 
f 584//584 581//581 582//582 
f 104//104 539//539 382//382 
f 585//585 586//586 587//587 
f 588//588 589//589 228//228 
f 15//15 590//590 472//472 
f 587//587 586//586 589//589 
f 584//584 583//583 585//585 
f 583//583 586//586 585//585 
f 576//576 100//100 591//591 
f 561//561 563//563 576//576 
f 592//592 562//562 561//561 
f 593//593 563//563 594//594 
f 287//287 286//286 448//448 
f 412//412 595//595 411//411 
f 596//596 595//595 578//578 
f 595//595 559//559 578//578 
f 411//411 595//595 596//596 
f 594//594 563//563 562//562 
f 577//577 382//382 559//559 
f 559//559 382//382 578//578 
f 105//105 551//551 509//509 
f 597//597 311//311 598//598 
f 598//598 429//429 431//431 
f 519//519 511//511 510//510 
f 228//228 562//562 588//588 
f 540//540 599//599 172//172 
f 173//173 172//172 599//599 
f 176//176 550//550 168//168 
f 540//540 168//168 550//550 
f 168//168 540//540 169//169 
f 600//600 593//593 594//594 
f 594//594 601//601 600//600 
f 176//176 113//113 550//550 
f 592//592 588//588 562//562 
f 434//434 602//602 603//603 
f 586//586 228//228 589//589 
f 199//199 378//378 379//379 
f 604//604 387//387 605//605 
f 371//371 162//162 342//342 
f 605//605 606//606 604//604 
f 607//607 586//586 608//608 
f 609//609 335//335 337//337 
f 490//490 610//610 611//611 
f 497//497 496//496 612//612 
f 613//613 614//614 615//615 
f 616//616 586//586 607//607 
f 298//298 338//338 617//617 
f 618//618 586//586 616//616 
f 605//605 586//586 606//606 
f 619//619 620//620 615//615 
f 196//196 375//375 342//342 
f 621//621 622//622 623//623 
f 624//624 567//567 625//625 
f 626//626 627//627 383//383 
f 628//628 397//397 392//392 
f 629//629 630//630 586//586 
f 631//631 586//586 632//632 
f 633//633 629//629 586//586 
f 630//630 632//632 586//586 
f 327//327 145//145 379//379 
f 634//634 586//586 605//605 
f 266//266 264//264 465//465 
f 625//625 586//586 624//624 
f 635//635 429//429 291//291 
f 586//586 636//636 637//637 
f 305//305 466//466 257//257 
f 291//291 429//429 88//88 
f 466//466 261//261 257//257 
f 447//447 518//518 448//448 
f 173//173 599//599 259//259 
f 305//305 259//259 599//599 
f 360//360 321//321 433//433 
f 638//638 639//639 636//636 
f 639//639 640//640 636//636 
f 481//481 610//610 357//357 
f 640//640 641//641 636//636 
f 641//641 642//642 636//636 
f 643//643 311//311 597//597 
f 311//311 429//429 598//598 
f 88//88 429//429 311//311 
f 644//644 637//637 636//636 
f 645//645 586//586 637//637 
f 646//646 586//586 645//645 
f 647//647 586//586 648//648 
f 646//646 648//648 586//586 
f 649//649 586//586 647//647 
f 650//650 586//586 649//649 
f 626//626 383//383 330//330 
f 612//612 210//210 209//209 
f 650//650 624//624 586//586 
f 625//625 651//651 586//586 
f 651//651 633//633 586//586 
f 326//326 145//145 327//327 
f 642//642 644//644 636//636 
f 631//631 608//608 586//586 
f 137//137 161//161 340//340 
f 530//530 159//159 175//175 
f 652//652 653//653 654//654 
f 481//481 611//611 610//610 
f 655//655 638//638 636//636 
f 656//656 311//311 643//643 
f 657//657 355//355 656//656 
f 658//658 652//652 654//654 
f 603//603 652//652 658//658 
f 652//652 603//603 602//602 
f 602//602 434//434 436//436 
f 175//175 170//170 530//530 
f 209//209 497//497 612//612 
f 659//659 655//655 636//636 
f 660//660 586//586 634//634 
f 661//661 662//662 663//663 
f 170//170 171//171 415//415 
f 357//357 664//664 208//208 
f 575//575 629//629 633//633 
f 665//665 617//617 338//338 
f 414//414 174//174 440//440 
f 208//208 666//666 209//209 
f 667//667 668//668 669//669 
f 670//670 666//666 208//208 
f 144//144 325//325 195//195 
f 228//228 586//586 660//660 
f 618//618 606//606 586//586 
f 624//624 650//650 567//567 
f 662//662 661//661 671//671 
f 263//263 672//672 262//262 
f 443//443 262//262 672//672 
f 673//673 636//636 674//674 
f 262//262 443//443 255//255 
f 263//263 265//265 672//672 
f 556//556 672//672 265//265 
f 594//594 674//674 601//601 
f 191//191 675//675 676//676 
f 572//572 571//571 677//677 
f 678//678 653//653 679//679 
f 680//680 653//653 678//678 
f 681//681 653//653 680//680 
f 269//269 268//268 682//682 
f 159//159 530//530 270//270 
f 683//683 653//653 684//684 
f 679//679 653//653 683//683 
f 684//684 653//653 685//685 
f 685//685 653//653 686//686 
f 601//601 674//674 677//677 
f 636//636 677//677 674//674 
f 673//673 659//659 636//636 
f 572//572 677//677 636//636 
f 686//686 653//653 622//622 
f 687//687 688//688 328//328 
f 622//622 653//653 689//689 
f 690//690 691//691 692//692 
f 693//693 690//690 591//591 
f 692//692 591//591 690//690 
f 397//397 628//628 405//405 
f 557//557 405//405 628//628 
f 355//355 653//653 681//681 
f 630//630 573//573 632//632 
f 568//568 625//625 567//567 
f 688//688 628//628 392//392 
f 689//689 653//653 694//694 
f 695//695 696//696 694//694 
f 695//695 694//694 653//653 
f 579//579 697//697 580//580 
f 651//651 569//569 633//633 
f 437//437 399//399 299//299 
f 698//698 269//269 699//699 
f 700//700 701//701 702//702 
f 682//682 699//699 269//269 
f 703//703 291//291 694//694 
f 704//704 705//705 11//11 
f 706//706 366//366 631//631 
f 11//11 705//705 707//707 
f 705//705 704//704 708//708 
f 355//355 654//654 653//653 
f 709//709 708//708 704//704 
f 657//657 654//654 355//355 
f 311//311 656//656 355//355 
f 301//301 437//437 299//299 
f 710//710 711//711 695//695 
f 712//712 713//713 714//714 
f 580//580 697//697 715//715 
f 582//582 581//581 580//580 
f 671//671 716//716 717//717 
f 226//226 228//228 660//660 
f 718//718 713//713 712//712 
f 187//187 189//189 719//719 
f 720//720 721//721 722//722 
f 723//723 724//724 720//720 
f 444//444 445//445 446//446 
f 525//525 506//506 528//528 
f 446//446 430//430 429//429 
f 568//568 651//651 625//625 
f 717//717 715//715 671//671 
f 721//721 720//720 724//724 
f 725//725 669//669 726//726 
f 665//665 726//726 669//669 
f 727//727 728//728 291//291 
f 470//470 676//676 675//675 
f 729//729 730//730 380//380 
f 731//731 715//715 732//732 
f 733//733 732//732 715//715 
f 675//675 191//191 187//187 
f 734//734 735//735 736//736 
f 734//734 736//736 737//737 
f 634//634 387//387 660//660 
f 226//226 660//660 387//387 
f 390//390 536//536 545//545 
f 417//417 416//416 505//505 
f 617//617 665//665 736//736 
f 737//737 736//736 665//665 
f 737//737 665//665 669//669 
f 737//737 669//669 738//738 
f 683//683 684//684 739//739 
f 740//740 706//706 632//632 
f 741//741 626//626 330//330 
f 334//334 333//333 504//504 
f 505//505 504//504 333//333 
f 232//232 7//7 236//236 
f 738//738 742//742 623//623 
f 738//738 623//623 734//734 
f 738//738 734//734 737//737 
f 743//743 715//715 744//744 
f 745//745 429//429 635//635 
f 724//724 746//746 745//745 
f 747//747 722//722 721//721 
f 748//748 749//749 715//715 
f 749//749 750//750 715//715 
f 429//429 745//745 746//746 
f 750//750 751//751 715//715 
f 716//716 671//671 661//661 
f 528//528 364//364 529//529 
f 752//752 715//715 751//751 
f 565//565 566//566 649//649 
f 753//753 715//715 754//754 
f 752//752 754//754 715//715 
f 507//507 755//755 516//516 
f 362//362 756//756 337//337 
f 713//713 718//718 747//747 
f 753//753 744//744 715//715 
f 757//757 715//715 743//743 
f 715//715 757//757 739//739 
f 739//739 733//733 715//715 
f 715//715 731//731 621//621 
f 552//552 758//758 522//522 
f 621//621 623//623 742//742 
f 759//759 715//715 742//742 
f 760//760 710//710 761//761 
f 663//663 715//715 759//759 
f 662//662 715//715 663//663 
f 711//711 710//710 760//760 
f 552//552 522//522 499//499 
f 703//703 694//694 696//696 
f 332//332 468//468 333//333 
f 762//762 715//715 763//763 
f 764//764 765//765 715//715 
f 765//765 748//748 715//715 
f 762//762 764//764 715//715 
f 621//621 742//742 715//715 
f 361//361 553//553 362//362 
f 662//662 671//671 715//715 
f 565//565 649//649 647//647 
f 715//715 697//697 766//766 
f 727//727 291//291 703//703 
f 635//635 291//291 728//728 
f 711//711 696//696 695//695 
f 238//238 239//239 479//479 
f 767//767 659//659 673//673 
f 768//768 490//490 484//484 
f 767//767 769//769 659//659 
f 655//655 659//659 769//769 
f 722//722 747//747 718//718 
f 746//746 724//724 723//723 
f 770//770 714//714 713//713 
f 771//771 772//772 773//773 
f 774//774 775//775 776//776 
f 772//772 777//777 773//773 
f 769//769 638//638 655//655 
f 704//704 766//766 709//709 
f 778//778 717//717 707//707 
f 779//779 709//709 766//766 
f 779//779 766//766 697//697 
f 763//763 715//715 766//766 
f 715//715 717//717 780//780 
f 634//634 605//605 387//387 
f 778//778 781//781 717//717 
f 611//611 491//491 490//490 
f 590//590 782//782 501//501 
f 448//448 782//782 287//287 
f 783//783 784//784 785//785 
f 501//501 782//782 510//510 
f 484//484 345//345 768//768 
f 786//786 768//768 345//345 
f 194//194 28//28 193//193 
f 518//518 782//782 448//448 
f 510//510 782//782 518//518 
f 787//787 788//788 789//789 
f 790//790 791//791 792//792 
f 287//287 782//782 345//345 
f 793//793 794//794 792//792 
f 795//795 792//792 794//794 
f 691//691 795//795 794//794 
f 794//794 692//692 691//691 
f 623//623 622//622 734//734 
f 693//693 591//591 100//100 
f 100//100 576//576 98//98 
f 345//345 782//782 786//786 
f 796//796 707//707 701//701 
f 700//700 702//702 792//792 
f 15//15 782//782 590//590 
f 14//14 782//782 15//15 
f 22//22 782//782 14//14 
f 320//320 359//359 361//361 
f 791//791 790//790 788//788 
f 791//791 700//700 792//792 
f 793//793 792//792 702//702 
f 701//701 707//707 705//705 
f 796//796 797//797 707//707 
f 705//705 702//702 701//701 
f 27//27 201//201 193//193 
f 503//503 590//590 501//501 
f 798//798 799//799 800//800 
f 790//790 789//789 788//788 
f 433//433 358//358 438//438 
f 801//801 699//699 802//802 
f 22//22 524//524 803//803 
f 503//503 472//472 590//590 
f 804//804 805//805 806//806 
f 807//807 806//806 808//808 
f 809//809 810//810 618//618 
f 808//808 811//811 807//807 
f 807//807 811//811 812//812 
f 812//812 811//811 813//813 
f 515//515 385//385 512//512 
f 809//809 618//618 616//616 
f 778//778 707//707 797//797 
f 223//223 540//540 222//222 
f 438//438 437//437 60//60 
f 631//631 632//632 706//706 
f 780//780 717//717 781//781 
f 781//781 813//813 780//780 
f 803//803 814//814 815//815 
f 438//438 60//60 433//433 
f 816//816 817//817 818//818 
f 819//819 800//800 799//799 
f 820//820 800//800 819//819 
f 785//785 821//821 798//798 
f 789//789 783//783 787//787 
f 785//785 787//787 783//783 
f 784//784 821//821 785//785 
f 392//392 328//328 688//688 
f 560//560 646//646 558//558 
f 822//822 749//749 748//748 
f 803//803 524//524 814//814 
f 646//646 645//645 558//558 
f 823//823 815//815 814//814 
f 560//560 648//648 646//646 
f 824//824 825//825 814//814 
f 647//647 648//648 564//564 
f 765//765 826//826 748//748 
f 162//162 371//371 341//341 
f 827//827 828//828 763//763 
f 334//334 504//504 416//416 
f 334//334 416//416 418//418 
f 763//763 766//766 827//827 
f 16//16 829//829 23//23 
f 627//627 687//687 329//329 
f 328//328 329//329 687//687 
f 502//502 829//829 503//503 
f 786//786 830//830 771//771 
f 346//346 484//484 491//491 
f 831//831 640//640 639//639 
f 832//832 188//188 829//829 
f 157//157 192//192 367//367 
f 676//676 829//829 191//191 
f 775//775 773//773 777//777 
f 367//367 336//336 157//157 
f 676//676 469//469 829//829 
f 334//334 829//829 332//332 
f 469//469 332//332 829//829 
f 833//833 516//516 755//755 
f 834//834 825//825 824//824 
f 413//413 508//508 523//523 
f 334//334 418//418 307//307 
f 334//334 307//307 829//829 
f 823//823 814//814 825//825 
f 829//829 307//307 23//23 
f 829//829 16//16 472//472 
f 472//472 503//503 829//829 
f 502//502 511//511 829//829 
f 447//447 829//829 519//519 
f 516//516 833//833 517//517 
f 670//670 208//208 664//664 
f 339//339 367//367 192//192 
f 511//511 519//519 829//829 
f 286//286 829//829 447//447 
f 663//663 835//835 661//661 
f 836//836 209//209 666//666 
f 413//413 523//523 758//758 
f 344//344 346//346 491//491 
f 192//192 136//136 339//339 
f 604//604 606//606 810//810 
f 521//521 522//522 758//758 
f 803//803 782//782 22//22 
f 837//837 838//838 839//839 
f 710//710 840//840 761//761 
f 761//761 840//840 837//837 
f 838//838 837//837 840//840 
f 815//815 839//839 838//838 
f 521//521 758//758 523//523 
f 278//278 829//829 481//481 
f 830//830 786//786 782//782 
f 815//815 782//782 803//803 
f 838//838 782//782 815//815 
f 772//772 771//771 830//830 
f 841//841 774//774 842//842 
f 842//842 843//843 841//841 
f 843//843 844//844 845//845 
f 491//491 829//829 288//288 
f 9//9 237//237 236//236 
f 427//427 548//548 549//549 
f 344//344 491//491 288//288 
f 286//286 288//288 829//829 
f 829//829 491//491 611//611 
f 846//846 847//847 848//848 
f 849//849 698//698 699//699 
f 850//850 851//851 846//846 
f 388//388 387//387 604//604 
f 852//852 853//853 850//850 
f 829//829 611//611 481//481 
f 210//210 829//829 278//278 
f 612//612 829//829 210//210 
f 854//854 855//855 856//856 
f 269//269 698//698 857//857 
f 496//496 829//829 612//612 
f 620//620 829//829 496//496 
f 619//619 829//829 620//620 
f 858//858 856//856 855//855 
f 857//857 189//189 269//269 
f 859//859 858//858 855//855 
f 860//860 861//861 859//859 
f 862//862 187//187 719//719 
f 268//268 832//832 829//829 
f 217//217 5//5 218//218 
f 218//218 5//5 232//232 
f 862//862 863//863 187//187 
f 675//675 187//187 863//863 
f 864//864 865//865 866//866 
f 863//863 867//867 675//675 
f 188//188 191//191 829//829 
f 829//829 619//619 614//614 
f 829//829 614//614 868//868 
f 230//230 29//29 215//215 
f 869//869 870//870 871//871 
f 871//871 872//872 864//864 
f 682//682 268//268 829//829 
f 333//333 468//468 873//873 
f 644//644 376//376 637//637 
f 847//847 874//874 848//848 
f 875//875 848//848 874//874 
f 876//876 875//875 874//874 
f 302//302 866//866 865//865 
f 304//304 866//866 302//302 
f 877//877 878//878 879//879 
f 880//880 881//881 877//877 
f 881//881 882//882 883//883 
f 884//884 876//876 885//885 
f 874//874 885//885 876//876 
f 886//886 883//883 882//882 
f 882//882 884//884 886//886 
f 885//885 886//886 884//884 
f 883//883 877//877 881//881 
f 879//879 880//880 877//877 
f 869//869 879//879 878//878 
f 878//878 870//870 869//869 
f 870//870 872//872 871//871 
f 865//865 864//864 872//872 
f 858//858 859//859 861//861 
f 854//854 856//856 852//852 
f 853//853 852//852 856//856 
f 851//851 850//850 853//853 
f 847//847 846//846 851//851 
f 887//887 888//888 889//889 
f 682//682 805//805 699//699 
f 890//890 891//891 892//892 
f 893//893 894//894 891//891 
f 895//895 642//642 896//896 
f 897//897 898//898 893//893 
f 899//899 898//898 897//897 
f 900//900 901//901 902//902 
f 831//831 639//639 903//903 
f 904//904 905//905 906//906 
f 902//902 907//907 904//904 
f 905//905 908//908 906//906 
f 909//909 910//910 911//911 
f 845//845 841//841 843//843 
f 196//196 342//342 162//162 
f 834//834 824//824 773//773 
f 770//770 834//834 773//773 
f 714//714 770//770 773//773 
f 824//824 912//912 773//773 
f 913//913 914//914 417//417 
f 364//364 363//363 529//529 
f 861//861 860//860 915//915 
f 860//860 916//916 915//915 
f 916//916 917//917 915//915 
f 918//918 915//915 917//917 
f 918//918 917//917 889//889 
f 919//919 920//920 887//887 
f 892//892 921//921 890//890 
f 894//894 892//892 891//891 
f 922//922 890//890 921//921 
f 921//921 920//920 922//922 
f 919//919 922//922 920//920 
f 888//888 887//887 920//920 
f 918//918 889//889 888//888 
f 183//183 415//415 182//182 
f 326//326 144//144 145//145 
f 923//923 819//819 799//799 
f 776//776 842//842 774//774 
f 777//777 776//776 775//775 
f 912//912 771//771 773//773 
f 899//899 906//906 908//908 
f 894//894 893//893 898//898 
f 898//898 899//899 908//908 
f 905//905 904//904 907//907 
f 911//911 901//901 909//909 
f 910//910 845//845 844//844 
f 844//844 911//911 910//910 
f 900//900 909//909 901//901 
f 907//907 902//902 901//901 
f 406//406 271//271 276//276 
f 607//607 608//608 295//295 
f 330//330 331//331 741//741 
f 406//406 300//300 202//202 
f 406//406 202//202 271//271 
f 295//295 924//924 607//607 
f 524//524 914//914 814//814 
f 740//740 632//632 573//573 
f 699//699 801//801 819//819 
f 802//802 699//699 805//805 
f 829//829 805//805 682//682 
f 808//808 806//806 805//805 
f 780//780 813//813 811//811 
f 804//804 802//802 805//805 
f 820//820 819//819 801//801 
f 925//925 490//490 768//768 
f 818//818 926//926 816//816 
f 926//926 927//927 799//799 
f 560//560 564//564 648//648 
f 829//829 868//868 928//928 
f 868//868 929//929 928//928 
f 927//927 928//928 929//929 
f 929//929 799//799 927//927 
f 929//929 923//923 799//799 
f 610//610 930//930 357//357 
f 641//641 896//896 642//642 
f 931//931 932//932 933//933 
f 933//933 934//934 931//931 
f 935//935 931//931 934//934 
f 335//335 936//936 336//336 
f 640//640 937//937 641//641 
f 934//934 938//938 935//935 
f 939//939 935//935 938//938 
f 938//938 940//940 939//939 
f 642//642 895//895 644//644 
f 941//941 939//939 940//940 
f 942//942 941//941 940//940 
f 417//417 505//505 943//943 
f 45//45 554//554 488//488 
f 629//629 574//574 630//630 
f 554//554 493//493 488//488 
f 550//550 222//222 540//540 
f 944//944 505//505 333//333 
f 306//306 125//125 300//300 
f 202//202 300//300 125//125 
f 125//125 68//68 945//945 
f 944//944 943//943 505//505 
f 306//306 68//68 125//125 
f 68//68 54//54 946//946 
f 68//68 946//946 945//945 
f 943//943 913//913 417//417 
f 947//947 948//948 949//949 
f 950//950 946//946 53//53 
f 54//54 53//53 946//946 
f 951//951 952//952 953//953 
f 53//53 39//39 36//36 
f 53//53 36//36 950//950 
f 953//953 954//954 955//955 
f 955//955 954//954 932//932 
f 862//862 719//719 923//923 
f 719//719 956//956 923//923 
f 923//923 857//857 698//698 
f 923//923 698//698 849//849 
f 923//923 849//849 819//819 
f 36//36 123//123 6//6 
f 21//21 924//924 296//296 
f 123//123 36//36 39//39 
f 375//375 196//196 195//195 
f 508//508 957//957 507//507 
f 6//6 108//108 958//958 
f 123//123 108//108 6//6 
f 949//949 959//959 947//947 
f 960//960 947//947 959//959 
f 961//961 960//960 959//959 
f 962//962 961//961 959//959 
f 963//963 964//964 962//962 
f 952//952 951//951 963//963 
f 933//933 932//932 954//954 
f 954//954 953//953 952//952 
f 964//964 963//963 951//951 
f 961//961 962//962 964//964 
f 965//965 949//949 948//948 
f 948//948 966//966 965//965 
f 555//555 965//965 966//966 
f 966//966 419//419 555//555 
f 923//923 929//929 967//967 
f 923//923 967//967 968//968 
f 968//968 969//969 923//923 
f 970//970 923//923 971//971 
f 972//972 729//729 378//378 
f 940//940 973//973 942//942 
f 974//974 975//975 976//976 
f 976//976 977//977 974//974 
f 810//810 978//978 979//979 
f 980//980 977//977 981//981 
f 329//329 383//383 627//627 
f 514//514 386//386 515//515 
f 982//982 981//981 983//983 
f 984//984 810//810 979//979 
f 237//237 8//8 239//239 
f 819//819 849//849 699//699 
f 985//985 986//986 987//987 
f 987//987 988//988 989//989 
f 975//975 942//942 973//973 
f 989//989 990//990 991//991 
f 305//305 599//599 229//229 
f 385//385 513//513 512//512 
f 992//992 991//991 990//990 
f 990//990 993//993 992//992 
f 994//994 992//992 993//993 
f 857//857 923//923 956//956 
f 993//993 995//995 994//994 
f 996//996 994//994 995//995 
f 372//372 535//535 534//534 
f 995//995 997//997 996//996 
f 189//189 857//857 956//956 
f 679//679 683//683 757//757 
f 606//606 618//618 810//810 
f 616//616 607//607 924//924 
f 998//998 999//999 1000//1000 
f 616//616 924//924 809//809 
f 1001//1001 818//818 817//817 
f 799//799 798//798 821//821 
f 528//528 1002//1002 364//364 
f 924//924 1003//1003 809//809 
f 506//506 525//525 450//450 
f 156//156 1004//1004 1005//1005 
f 1006//1006 1007//1007 1008//1008 
f 1008//1008 1009//1009 1006//1006 
f 985//985 1006//1006 1009//1009 
f 986//986 985//985 1009//1009 
f 988//988 987//987 986//986 
f 990//990 989//989 988//988 
f 1007//1007 1010//1010 1008//1008 
f 1011//1011 1008//1008 1010//1010 
f 1010//1010 982//982 1011//1011 
f 983//983 1011//1011 982//982 
f 977//977 983//983 981//981 
f 973//973 976//976 975//975 
f 980//980 974//974 977//977 
f 1012//1012 998//998 1013//1013 
f 999//999 1014//1014 1015//1015 
f 997//997 1016//1016 1017//1017 
f 1017//1017 996//996 997//997 
f 1016//1016 1015//1015 1014//1014 
f 739//739 757//757 683//683 
f 1014//1014 1018//1018 1016//1016 
f 1018//1018 1017//1017 1016//1016 
f 1000//1000 1013//1013 998//998 
f 1013//1013 1001//1001 1012//1012 
f 817//817 1012//1012 1001//1001 
f 799//799 816//816 926//926 
f 1015//1015 1000//1000 999//999 
f 978//978 810//810 809//809 
f 1019//1019 978//978 809//809 
f 189//189 956//956 719//719 
f 199//199 379//379 145//145 
f 517//517 1020//1020 526//526 
f 34//34 203//203 198//198 
f 34//34 17//17 203//203 
f 1021//1021 272//272 202//202 
f 236//236 7//7 9//9 
f 498//498 970//970 971//971 
f 223//223 242//242 540//540 
f 599//599 540//540 242//242 
f 971//971 923//923 969//969 
f 969//969 615//615 971//971 
f 498//498 971//971 615//615 
f 202//202 156//156 1021//1021 
f 1005//1005 1022//1022 156//156 
f 1022//1022 1021//1021 156//156 
f 137//137 340//340 368//368 
f 615//615 968//968 613//613 
f 967//967 613//613 968//968 
f 356//356 754//754 1023//1023 
f 945//945 126//126 125//125 
f 125//125 124//124 200//200 
f 968//968 615//615 969//969 
f 381//381 645//645 377//377 
f 1024//1024 401//401 253//253 
f 1025//1025 135//135 1024//1024 
f 414//414 186//186 182//182 
f 1002//1002 528//528 506//506 
f 867//867 923//923 1026//1026 
f 863//863 923//923 867//867 
f 862//862 923//923 863//863 
f 923//923 912//912 1027//1027 
f 873//873 1027//1027 912//912 
f 923//923 970//970 1028//1028 
f 1028//1028 1029//1029 923//923 
f 836//836 923//923 1030//1030 
f 666//666 923//923 836//836 
f 670//670 912//912 666//666 
f 762//762 828//828 764//764 
f 1//1 972//972 4//4 
f 36//36 33//33 32//32 
f 1031//1031 730//730 3//3 
f 527//527 492//492 537//537 
f 75//75 73//73 248//248 
f 75//75 248//248 251//251 
f 36//36 32//32 1032//1032 
f 1033//1033 950//950 1032//1032 
f 1034//1034 946//946 1033//1033 
f 1035//1035 945//945 1034//1034 
f 36//36 1032//1032 950//950 
f 248//248 73//73 70//70 
f 248//248 70//70 249//249 
f 470//470 675//675 867//867 
f 72//72 253//253 249//249 
f 72//72 249//249 70//70 
f 1036//1036 4//4 1037//1037 
f 297//297 1024//1024 253//253 
f 297//297 253//253 72//72 
f 1024//1024 297//297 283//283 
f 1024//1024 283//283 1025//1025 
f 283//283 1038//1038 1025//1025 
f 468//468 470//470 1026//1026 
f 470//470 867//867 1026//1026 
f 124//124 65//65 64//64 
f 124//124 64//64 1037//1037 
f 1037//1037 64//64 24//24 
f 1037//1037 24//24 1036//1036 
f 92//92 91//91 433//433 
f 360//360 433//433 91//91 
f 1036//1036 24//24 26//26 
f 1036//1036 26//26 1039//1039 
f 1039//1039 26//26 77//77 
f 1039//1039 77//77 243//243 
f 1036//1036 1039//1039 4//4 
f 2//2 4//4 1039//1039 
f 835//835 663//663 759//759 
f 468//468 1026//1026 1027//1027 
f 243//243 77//77 75//75 
f 243//243 75//75 251//251 
f 1027//1027 1026//1026 923//923 
f 284//284 1038//1038 283//283 
f 158//158 1040//1040 1038//1038 
f 158//158 1038//1038 284//284 
f 574//574 629//629 575//575 
f 38//38 31//31 1040//1040 
f 38//38 1040//1040 158//158 
f 37//37 32//32 31//31 
f 37//37 31//31 38//38 
f 468//468 1027//1027 873//873 
f 32//32 37//37 57//57 
f 32//32 57//57 1032//1032 
f 55//55 1033//1033 1032//1032 
f 55//55 1032//1032 57//57 
f 56//56 1034//1034 1033//1033 
f 56//56 1033//1033 55//55 
f 1041//1041 944//944 333//333 
f 1034//1034 56//56 67//67 
f 1034//1034 67//67 1035//1035 
f 1035//1035 67//67 69//69 
f 1035//1035 69//69 126//126 
f 686//686 731//731 685//685 
f 65//65 124//124 69//69 
f 126//126 69//69 124//124 
f 1042//1042 1043//1043 59//59 
f 1044//1044 1045//1045 59//59 
f 25//25 1044//1044 59//59 
f 534//534 533//533 372//372 
f 91//91 90//90 360//360 
f 333//333 873//873 1041//1041 
f 645//645 381//381 558//558 
f 1046//1046 1047//1047 59//59 
f 668//668 1048//1048 742//742 
f 637//637 377//377 645//645 
f 4//4 200//200 1037//1037 
f 1035//1035 126//126 945//945 
f 124//124 1037//1037 200//200 
f 946//946 1034//1034 945//945 
f 950//950 1033//1033 946//946 
f 533//533 531//531 369//369 
f 401//401 254//254 253//253 
f 248//248 207//207 251//251 
f 249//249 253//253 252//252 
f 1049//1049 1039//1039 250//250 
f 60//60 59//59 92//92 
f 647//647 564//564 565//565 
f 1045//1045 1042//1042 59//59 
f 243//243 250//250 1039//1039 
f 1049//1049 1005//1005 1039//1039 
f 1050//1050 1005//1005 1049//1049 
f 526//526 450//450 525//525 
f 2//2 1039//1039 1005//1005 
f 1004//1004 336//336 936//936 
f 1022//1022 1005//1005 1050//1050 
f 295//295 296//296 924//924 
f 209//209 836//836 1030//1030 
f 1003//1003 924//924 21//21 
f 755//755 507//507 957//957 
f 1019//1019 809//809 1003//1003 
f 141//141 401//401 139//139 
f 138//138 139//139 401//401 
f 679//679 757//757 743//743 
f 1030//1030 923//923 1029//1029 
f 1030//1030 497//497 209//209 
f 143//143 142//142 412//412 
f 958//958 412//412 142//142 
f 142//142 146//146 958//958 
f 958//958 146//146 6//6 
f 119//119 93//93 2//2 
f 401//401 1024//1024 138//138 
f 1029//1029 497//497 1030//1030 
f 1043//1043 1046//1046 59//59 
f 1047//1047 1051//1051 59//59 
f 1031//1031 3//3 59//59 
f 2//2 59//59 3//3 
f 1051//1051 1031//1031 59//59 
f 497//497 1028//1028 498//498 
f 335//335 609//609 936//936 
f 638//638 769//769 903//903 
f 369//369 372//372 533//533 
f 63//63 359//359 90//90 
f 970//970 498//498 1028//1028 
f 822//822 748//748 826//826 
f 138//138 1024//1024 135//135 
f 896//896 641//641 937//937 
f 1052//1052 764//764 828//828 
f 354//354 134//134 135//135 
f 756//756 119//119 118//118 
f 765//765 764//764 1052//1052 
f 937//937 640//640 831//831 
f 132//132 134//134 354//354 
f 135//135 1025//1025 354//354 
f 352//352 354//354 1025//1025 
f 552//552 44//44 43//43 
f 497//497 1029//1029 1028//1028 
f 758//758 552//552 43//43 
f 380//380 378//378 729//729 
f 638//638 903//903 639//639 
f 669//669 725//725 667//667 
f 1040//1040 352//352 1038//1038 
f 352//352 1025//1025 1038//1038 
f 738//738 669//669 668//668 
f 742//742 738//738 668//668 
f 758//758 41//41 413//413 
f 360//360 90//90 359//359 
f 1053//1053 767//767 674//674 
f 674//674 767//767 673//673 
f 1053//1053 769//769 767//767 
f 664//664 357//357 930//930 
f 1005//1005 120//120 2//2 
f 786//786 771//771 768//768 
f 769//769 1054//1054 903//903 
f 43//43 41//41 758//758 
f 768//768 1055//1055 925//925 
f 490//490 1056//1056 610//610 
f 224//224 225//225 466//466 
f 464//464 466//466 225//225 
f 731//731 686//686 621//621 
f 93//93 359//359 63//63 
f 1057//1057 1058//1058 903//903 
f 1055//1055 768//768 771//771 
f 465//465 464//464 241//241 
f 1056//1056 490//490 925//925 
f 535//535 386//386 514//514 
f 930//930 912//912 664//664 
f 923//923 666//666 912//912 
f 925//925 912//912 1056//1056 
f 771//771 912//912 1055//1055 
f 937//937 831//831 1059//1059 
f 363//363 370//370 532//532 
f 925//925 1055//1055 912//912 
f 336//336 1004//1004 157//157 
f 1060//1060 896//896 937//937 
f 930//930 610//610 1056//1056 
f 609//609 337//337 756//756 
f 896//896 19//19 895//895 
f 913//913 943//943 912//912 
f 944//944 1041//1041 912//912 
f 943//943 944//944 912//912 
f 1041//1041 873//873 912//912 
f 914//914 913//913 912//912 
f 824//824 914//914 912//912 
f 1056//1056 912//912 930//930 
f 664//664 912//912 670//670 
f 957//957 508//508 413//413 
f 31//31 33//33 1040//1040 
f 740//740 551//551 103//103 
f 105//105 103//103 551//551 
f 517//517 833//833 1020//1020 
f 466//466 305//305 224//224 
f 229//229 224//224 305//305 
f 706//706 101//101 84//84 
f 137//137 368//368 136//136 
f 354//354 13//13 131//131 
f 368//368 339//339 136//136 
f 532//532 529//529 363//363 
f 749//749 1061//1061 750//750 
f 524//524 417//417 914//914 
f 1062//1062 751//751 750//750 
f 824//824 814//814 914//914 
f 131//131 132//132 354//354 
f 976//976 973//973 858//858 
f 976//976 858//858 861//861 
f 973//973 940//940 856//856 
f 973//973 856//856 858//858 
f 940//940 938//938 853//853 
f 940//940 853//853 856//856 
f 938//938 934//934 851//851 
f 938//938 851//851 853//853 
f 934//934 933//933 847//847 
f 934//934 847//847 851//851 
f 413//413 40//40 150//150 
f 954//954 874//874 933//933 
f 847//847 933//933 874//874 
f 954//954 952//952 885//885 
f 954//954 885//885 874//874 
f 952//952 963//963 886//886 
f 952//952 886//886 885//885 
f 963//963 962//962 883//883 
f 963//963 883//883 886//886 
f 962//962 959//959 877//877 
f 962//962 877//877 883//883 
f 352//352 1040//1040 33//33 
f 959//959 949//949 878//878 
f 959//959 878//878 877//877 
f 949//949 965//965 870//870 
f 949//949 870//870 878//878 
f 341//341 340//340 161//161 
f 965//965 555//555 872//872 
f 965//965 872//872 870//870 
f 555//555 421//421 865//865 
f 555//555 865//865 872//872 
f 150//150 957//957 413//413 
f 740//740 103//103 101//101 
f 848//848 932//932 931//931 
f 848//848 931//931 846//846 
f 706//706 84//84 83//83 
f 846//846 931//931 935//935 
f 846//846 935//935 850//850 
f 850//850 935//935 939//939 
f 850//850 939//939 852//852 
f 755//755 957//957 151//151 
f 852//852 939//939 941//941 
f 852//852 941//941 854//854 
f 854//854 941//941 942//942 
f 854//854 942//942 855//855 
f 855//855 942//942 975//975 
f 855//855 975//975 859//859 
f 859//859 975//975 974//974 
f 859//859 974//974 860//860 
f 162//162 341//341 161//161 
f 318//318 486//486 488//488 
f 318//318 488//488 495//495 
f 318//318 495//495 304//304 
f 150//150 151//151 957//957 
f 304//304 495//495 420//420 
f 304//304 420//420 866//866 
f 866//866 420//420 419//419 
f 866//866 419//419 864//864 
f 864//864 419//419 966//966 
f 864//864 966//966 871//871 
f 608//608 366//366 295//295 
f 871//871 966//966 948//948 
f 871//871 948//948 869//869 
f 869//869 948//948 947//947 
f 869//869 947//947 879//879 
f 130//130 131//131 6//6 
f 879//879 947//947 960//960 
f 879//879 960//960 880//880 
f 242//242 229//229 599//599 
f 755//755 151//151 152//152 
f 880//880 960//960 961//961 
f 880//880 961//961 881//881 
f 146//146 130//130 6//6 
f 881//881 961//961 964//964 
f 881//881 964//964 882//882 
f 882//882 964//964 951//951 
f 882//882 951//951 884//884 
f 6//6 131//131 13//13 
f 884//884 951//951 953//953 
f 884//884 953//953 876//876 
f 876//876 953//953 955//955 
f 876//876 955//955 875//875 
f 608//608 631//631 366//366 
f 875//875 955//955 932//932 
f 875//875 932//932 848//848 
f 977//977 976//976 915//915 
f 861//861 915//915 976//976 
f 988//988 894//894 990//990 
f 990//990 894//894 898//898 
f 986//986 892//892 894//894 
f 986//986 894//894 988//988 
f 1009//1009 921//921 892//892 
f 1009//1009 892//892 986//986 
f 1008//1008 920//920 921//921 
f 1008//1008 921//921 1009//1009 
f 1011//1011 888//888 920//920 
f 1011//1011 920//920 1008//1008 
f 101//101 706//706 740//740 
f 149//149 833//833 152//152 
f 755//755 152//152 833//833 
f 983//983 918//918 888//888 
f 983//983 888//888 1011//1011 
f 977//977 915//915 918//918 
f 977//977 918//918 983//983 
f 980//980 981//981 917//917 
f 980//980 917//917 916//916 
f 917//917 981//981 982//982 
f 917//917 982//982 889//889 
f 889//889 982//982 1010//1010 
f 889//889 1010//1010 887//887 
f 887//887 1010//1010 1007//1007 
f 887//887 1007//1007 919//919 
f 919//919 1007//1007 1006//1006 
f 919//919 1006//1006 922//922 
f 922//922 1006//1006 985//985 
f 922//922 985//985 890//890 
f 890//890 985//985 987//987 
f 890//890 987//987 891//891 
f 891//891 987//987 989//989 
f 891//891 989//989 893//893 
f 366//366 706//706 83//83 
f 980//980 916//916 974//974 
f 860//860 974//974 916//916 
f 295//295 366//366 127//127 
f 991//991 897//897 989//989 
f 893//893 989//989 897//897 
f 93//93 553//553 359//359 
f 992//992 899//899 897//897 
f 992//992 897//897 991//991 
f 994//994 906//906 899//899 
f 994//994 899//899 992//992 
f 996//996 904//904 906//906 
f 996//996 906//906 994//994 
f 1017//1017 902//902 904//904 
f 1017//1017 904//904 996//996 
f 833//833 148//148 1020//1020 
f 153//153 1020//1020 148//148 
f 551//551 740//740 573//573 
f 1018//1018 900//900 902//902 
f 1018//1018 902//902 1017//1017 
f 1014//1014 909//909 900//900 
f 1014//1014 900//900 1018//1018 
f 148//148 833//833 149//149 
f 909//909 1014//1014 999//999 
f 909//909 999//999 910//910 
f 998//998 845//845 910//910 
f 998//998 910//910 999//999 
f 1012//1012 841//841 845//845 
f 1012//1012 845//845 998//998 
f 817//817 774//774 841//841 
f 817//817 841//841 1012//1012 
f 816//816 775//775 774//774 
f 816//816 774//774 817//817 
f 799//799 773//773 775//775 
f 799//799 775//775 816//816 
f 773//773 799//799 714//714 
f 842//842 776//776 1001//1001 
f 818//818 1001//1001 776//776 
f 1001//1001 1013//1013 843//843 
f 1001//1001 843//843 842//842 
f 1013//1013 1000//1000 844//844 
f 1013//1013 844//844 843//843 
f 651//651 568//568 569//569 
f 1000//1000 1015//1015 911//911 
f 1000//1000 911//911 844//844 
f 1015//1015 1016//1016 901//901 
f 1015//1015 901//901 911//911 
f 1016//1016 997//997 907//907 
f 1016//1016 907//907 901//901 
f 153//153 294//294 1020//1020 
f 997//997 995//995 905//905 
f 997//997 905//905 907//907 
f 995//995 993//993 908//908 
f 995//995 908//908 905//905 
f 990//990 898//898 908//908 
f 990//990 908//908 993//993 
f 553//553 93//93 119//119 
f 553//553 756//756 362//362 
f 650//650 649//649 566//566 
f 456//456 1063//1063 543//543 
f 18//18 194//194 204//204 
f 756//756 553//553 119//119 
f 455//455 456//456 541//541 
f 567//567 650//650 566//566 
f 455//455 541//541 542//542 
f 575//575 633//633 569//569 
f 573//573 630//630 574//574 
f 536//536 391//391 537//537 
f 116//116 756//756 118//118 
f 331//331 730//730 741//741 
f 331//331 380//380 730//730 
f 3//3 729//729 1//1 
f 1063//1063 461//461 544//544 
f 546//546 544//544 461//461 
f 729//729 3//3 730//730 
f 577//577 558//558 381//381 
f 381//381 377//377 102//102 
f 544//544 543//543 1063//1063 
f 1031//1031 741//741 730//730 
f 1051//1051 741//741 1031//1031 
f 577//577 381//381 382//382 
f 104//104 382//382 160//160 
f 543//543 541//541 456//456 
f 527//527 537//537 391//391 
f 156//156 157//157 1004//1004 
f 414//414 182//182 415//415 
f 366//366 128//128 127//127 
f 455//455 542//542 454//454 
f 377//377 637//637 376//376 
f 415//415 183//183 270//270 
f 895//895 129//129 376//376 
f 106//106 376//376 129//129 
f 85//85 377//377 106//106 
f 377//377 85//85 102//102 
f 381//381 102//102 160//160 
f 513//513 384//384 545//545 
f 895//895 376//376 644//644 
f 454//454 542//542 538//538 
f 200//200 972//972 199//199 
f 378//378 199//199 972//972 
f 716//716 1064//1064 1065//1065 
f 386//386 535//535 372//372 
f 716//716 1065//1065 1066//1066 
f 531//531 370//370 369//369 
f 531//531 532//532 370//370 
f 672//672 184//184 443//443 
f 450//450 526//526 1020//1020 
f 270//270 530//530 415//415 
f 385//385 515//515 386//386 
f 184//184 672//672 190//190 
f 1020//1020 294//294 450//450 
f 117//117 936//936 609//609 
f 154//154 1002//1002 155//155 
f 506//506 155//155 1002//1002 
f 86//86 668//668 87//87 
f 762//762 763//763 828//828 
f 155//155 506//506 292//292 
f 120//120 1004//1004 936//936 
f 826//826 765//765 1052//1052 
f 766//766 704//704 1067//1067 
f 827//827 766//766 1067//1067 
f 398//398 1002//1002 154//154 
f 1067//1067 1068//1068 827//827 
f 364//364 1002//1002 365//365 
f 1068//1068 1069//1069 828//828 
f 365//365 1002//1002 398//398 
f 120//120 1005//1005 1004//1004 
f 322//322 527//527 391//391 
f 225//225 241//241 464//464 
f 759//759 742//742 1048//1048 
f 536//536 390//390 391//391 
f 1048//1048 835//835 759//759 
f 302//302 421//421 494//494 
f 865//865 421//421 302//302 
f 538//538 537//537 492//492 
f 479//479 478//478 238//238 
f 240//240 238//238 478//478 
f 302//302 493//493 303//303 
f 493//493 302//302 494//494 
f 513//513 385//385 384//384 
f 554//554 319//319 303//303 
f 554//554 303//303 493//493 
f 241//241 240//240 465//465 
f 478//478 465//465 240//240 
f 500//500 373//373 319//319 
f 500//500 319//319 554//554 
f 1069//1069 11//11 82//82 
f 1068//1068 11//11 1069//1069 
f 88//88 80//80 11//11 
f 11//11 1068//1068 1067//1067 
f 11//11 1067//1067 704//704 
f 390//390 545//545 384//384 
f 483//483 323//323 373//373 
f 483//483 373//373 500//500 
f 237//237 9//9 8//8 
f 474//474 275//275 323//323 
f 474//474 323//323 483//483 
f 11//11 707//707 1066//1066 
f 11//11 1066//1066 1065//1065 
f 11//11 1065//1065 1064//1064 
f 11//11 1064//1064 12//12 
f 1070//1070 1071//1071 11//11 
f 1071//1071 86//86 11//11 
f 10//10 1070//1070 11//11 
f 408//408 276//276 275//275 
f 408//408 275//275 474//474 
f 7//7 232//232 5//5 
f 276//276 408//408 406//406 
f 492//492 454//454 538//538 
f 322//322 281//281 527//527 
f 71//71 252//252 254//254 
f 71//71 254//254 96//96 
f 74//74 247//247 252//252 
f 74//74 252//252 71//71 
f 76//76 207//207 247//247 
f 76//76 247//247 74//74 
f 527//527 317//317 492//492 
f 78//78 212//212 207//207 
f 78//78 207//207 76//76 
f 459//459 213//213 212//212 
f 459//459 212//212 78//78 
f 425//425 219//219 213//213 
f 425//425 213//213 459//459 
f 315//315 316//316 492//492 
f 424//424 220//220 219//219 
f 424//424 219//219 425//425 
f 749//749 822//822 1061//1061 
f 462//462 246//246 220//220 
f 462//462 220//220 424//424 
f 185//185 443//443 184//184 
f 486//486 244//244 246//246 
f 486//486 246//246 462//462 
f 492//492 316//316 454//454 
f 486//486 318//318 244//244 
f 186//186 414//414 440//440 
f 458//458 214//214 422//422 
f 457//457 205//205 214//214 
f 457//457 214//214 458//458 
f 205//205 457//457 206//206 
f 460//460 206//206 457//457 
f 1062//1062 750//750 1061//1061 
f 443//443 185//185 440//440 
f 186//186 440//440 185//185 
f 410//410 250//250 206//206 
f 410//410 206//206 460//460 
f 314//314 313//313 454//454 
f 449//449 1049//1049 250//250 
f 449//449 250//250 410//410 
f 108//108 111//111 412//412 
f 108//108 412//412 958//958 
f 111//111 572//572 412//412 
f 485//485 423//423 267//267 
f 485//485 267//267 285//285 
f 412//412 572//572 595//595 
f 267//267 423//423 422//422 
f 267//267 422//422 221//221 
f 572//572 636//636 559//559 
f 572//572 559//559 595//595 
f 221//221 422//422 214//214 
f 636//636 586//586 559//559 
f 743//743 744//744 678//678 
f 1072//1072 198//198 520//520 
f 559//559 586//586 439//439 
f 280//280 475//475 482//482 
f 280//280 482//482 312//312 
f 586//586 583//583 436//436 
f 586//586 436//436 439//439 
f 312//312 482//482 489//489 
f 312//312 489//489 289//289 
f 289//289 489//489 487//487 
f 289//289 487//487 282//282 
f 436//436 583//583 582//582 
f 436//436 582//582 602//602 
f 282//282 487//487 485//485 
f 282//282 485//485 285//285 
f 582//582 580//580 652//652 
f 582//582 652//652 602//602 
f 652//652 580//580 715//715 
f 1049//1049 449//449 1050//1050 
f 451//451 1050//1050 449//449 
f 452//452 1022//1022 1050//1050 
f 452//452 1050//1050 451//451 
f 652//652 715//715 653//653 
f 1022//1022 452//452 477//477 
f 1022//1022 477//477 1021//1021 
f 715//715 780//780 653//653 
f 407//407 272//272 1021//1021 
f 407//407 1021//1021 477//477 
f 653//653 780//780 695//695 
f 190//190 556//556 197//197 
f 476//476 273//273 272//272 
f 476//476 272//272 407//407 
f 780//780 710//710 695//695 
f 710//710 780//780 811//811 
f 409//409 274//274 273//273 
f 409//409 273//273 476//476 
f 197//197 1073//1073 211//211 
f 274//274 409//409 471//471 
f 274//274 471//471 277//277 
f 811//811 808//808 710//710 
f 689//689 736//736 735//735 
f 277//277 471//471 473//473 
f 277//277 473//473 279//279 
f 141//141 140//140 99//99 
f 141//141 99//99 400//400 
f 279//279 473//473 475//475 
f 279//279 475//475 280//280 
f 400//400 99//99 98//98 
f 400//400 98//98 402//402 
f 455//455 167//167 456//456 
f 563//563 404//404 402//402 
f 563//563 402//402 98//98 
f 593//593 453//453 404//404 
f 593//593 404//404 563//563 
f 456//456 166//166 1063//1063 
f 165//165 1063//1063 166//166 
f 453//453 593//593 600//600 
f 453//453 600//600 480//480 
f 27//27 29//29 201//201 
f 165//165 461//461 1063//1063 
f 601//601 539//539 480//480 
f 601//601 480//480 600//600 
f 216//216 215//215 29//29 
f 677//677 578//578 539//539 
f 677//677 539//539 601//601 
f 571//571 578//578 677//677 
f 461//461 163//163 290//290 
f 578//578 571//571 596//596 
f 570//570 411//411 596//596 
f 570//570 596//596 571//571 
f 411//411 570//570 110//110 
f 411//411 110//110 143//143 
f 793//793 702//702 598//598 
f 793//793 598//598 431//431 
f 598//598 702//702 705//705 
f 598//598 705//705 597//597 
f 708//708 643//643 597//597 
f 708//708 597//597 705//705 
f 709//709 656//656 643//643 
f 709//709 643//643 708//708 
f 732//732 685//685 731//731 
f 656//656 709//709 779//779 
f 656//656 779//779 657//657 
f 426//426 50//50 432//432 
f 426//426 548//548 427//427 
f 463//463 561//561 576//576 
f 463//463 576//576 403//403 
f 461//461 290//290 546//546 
f 547//547 546//546 290//290 
f 751//751 1074//1074 752//752 
f 403//403 576//576 591//591 
f 403//403 591//591 445//445 
f 445//445 591//591 692//692 
f 445//445 692//692 430//430 
f 190//190 672//672 556//556 
f 290//290 427//427 547//547 
f 549//549 547//547 427//427 
f 430//430 692//692 794//794 
f 430//430 794//794 428//428 
f 548//548 426//426 432//432 
f 428//428 794//794 793//793 
f 428//428 793//793 431//431 
f 17//17 18//18 204//204 
f 657//657 779//779 654//654 
f 697//697 654//654 779//779 
f 579//579 658//658 654//654 
f 579//579 654//654 697//697 
f 204//204 203//203 17//17 
f 48//48 427//427 49//49 
f 290//290 49//49 427//427 
f 678//678 744//744 680//680 
f 581//581 603//603 658//658 
f 581//581 658//658 579//579 
f 28//28 27//27 193//193 
f 584//584 434//434 603//603 
f 584//584 603//603 581//581 
f 356//356 681//681 754//754 
f 434//434 584//584 585//585 
f 434//434 585//585 435//435 
f 744//744 753//753 680//680 
f 587//587 442//442 435//435 
f 587//587 435//435 585//585 
f 743//743 678//678 679//679 
f 589//589 441//441 442//442 
f 589//589 442//442 587//587 
f 441//441 589//589 588//588 
f 441//441 588//588 509//509 
f 509//509 588//588 592//592 
f 509//509 592//592 467//467 
f 681//681 680//680 753//753 
f 467//467 592//592 561//561 
f 467//467 561//561 463//463 
f 1053//1053 1075//1075 227//227 
f 1054//1054 1053//1053 227//227 
f 562//562 227//227 1075//1075 
f 594//594 562//562 1075//1075 
f 227//227 389//389 1054//1054 
f 389//389 388//388 1054//1054 
f 1057//1057 1054//1054 388//388 
f 388//388 1076//1076 1057//1057 
f 1058//1058 1057//1057 1076//1076 
f 594//594 1075//1075 674//674 
f 230//230 201//201 29//29 
f 1053//1053 674//674 1075//1075 
f 769//769 1053//1053 1054//1054 
f 1057//1057 903//903 1054//1054 
f 725//725 234//234 667//667 
f 831//831 903//903 1058//1058 
f 393//393 1073//1073 394//394 
f 668//668 667//667 89//89 
f 338//338 234//234 726//726 
f 725//725 726//726 234//234 
f 810//810 984//984 604//604 
f 1076//1076 604//604 984//984 
f 350//350 1072//1072 349//349 
f 33//33 350//350 352//352 
f 604//604 1076//1076 388//388 
f 353//353 1077//1077 354//354 
f 389//389 227//227 226//226 
f 562//562 228//228 227//227 
f 751//751 1062//1062 1074//1074 
f 979//979 978//978 1059//1059 
f 1078//1078 1059//1059 978//978 
f 984//984 979//979 1079//1079 
f 1079//1079 1058//1058 984//984 
f 1076//1076 984//984 1058//1058 
f 978//978 1019//1019 1078//1078 
f 1060//1060 1078//1078 1019//1019 
f 1019//1019 1003//1003 1060//1060 
f 20//20 1060//1060 1003//1003 
f 1003//1003 21//21 20//20 
f 129//129 19//19 21//21 
f 129//129 21//21 296//296 
f 296//296 127//127 129//129 
f 1079//1079 831//831 1058//1058 
f 831//831 1079//1079 1059//1059 
f 396//396 1073//1073 393//393 
f 1073//1073 396//396 520//520 
f 1059//1059 1079//1079 979//979 
f 298//298 617//617 736//736 
f 937//937 1059//1059 1078//1078 
f 896//896 1060//1060 20//20 
f 13//13 354//354 1077//1077 
f 937//937 1078//1078 1060//1060 
f 129//129 895//895 19//19 
f 896//896 20//20 19//19 
f 479//479 351//351 348//348 
f 1069//1069 82//82 1052//1052 
f 82//82 81//81 826//826 
f 1061//1061 822//822 79//79 
f 80//80 1062//1062 1061//1061 
f 726//726 665//665 338//338 
f 179//179 338//338 178//178 
f 179//179 234//234 338//338 
f 1077//1077 353//353 351//351 
f 733//733 684//684 732//732 
f 1023//1023 752//752 1074//1074 
f 478//478 347//347 395//395 
f 752//752 1023//1023 754//754 
f 216//216 30//30 217//217 
f 13//13 1077//1077 8//8 
f 80//80 308//308 1062//1062 
f 1074//1074 1062//1062 308//308 
f 479//479 239//239 1077//1077 
f 239//239 8//8 1077//1077 
f 308//308 309//309 1074//1074 
f 479//479 1077//1077 351//351 
f 685//685 732//732 684//684 
f 348//348 347//347 479//479 
f 681//681 356//356 355//355 
f 733//733 739//739 684//684 
f 266//266 465//465 395//395 
f 478//478 395//395 465//465 
f 556//556 394//394 1073//1073 
f 753//753 754//754 681//681 
f 1080//1080 736//736 689//689 
f 1080//1080 689//689 694//694 
f 621//621 686//686 622//622 
f 734//734 622//622 735//735 
f 689//689 735//735 622//622 
f 736//736 1080//1080 298//298 
f 194//194 18//18 28//28 
f 198//198 1072//1072 34//34 
f 35//35 34//34 1072//1072 
f 211//211 520//520 198//198 
f 298//298 177//177 338//338 
f 356//356 1023//1023 310//310 
f 310//310 311//311 356//356 
f 828//828 827//827 1068//1068 
f 197//197 556//556 1073//1073 
f 1052//1052 828//828 1069//1069 
f 520//520 211//211 1073//1073 
f 1048//1048 1071//1071 835//835 
f 1070//1070 835//835 1071//1071 
f 10//10 835//835 1070//1070 
f 835//835 10//10 661//661 
f 12//12 661//661 10//10 
f 661//661 1064//1064 716//716 
f 1064//1064 661//661 12//12 
f 5//5 217//217 30//30 
f 716//716 1066//1066 717//717 
f 707//707 717//717 1066//1066 
f 826//826 1052//1052 82//82 
f 216//216 29//29 30//30 
f 822//822 826//826 81//81 
f 81//81 79//79 822//822 
f 1061//1061 79//79 80//80 
f 89//89 667//667 234//234 
f 87//87 668//668 89//89 
f 668//668 86//86 1048//1048 
f 1071//1071 1048//1048 86//86 
f 694//694 291//291 1080//1080 
f 181//181 1080//1080 291//291 
f 1080//1080 181//181 298//298 
f 180//180 298//298 181//181 
f 520//520 349//349 1072//1072 
f 1023//1023 1074//1074 309//309 
f 309//309 310//310 1023//1023 
f 808//808 840//840 710//710 
f 808//808 805//805 838//838 
f 808//808 838//838 840//840 
f 35//35 1072//1072 33//33 
f 829//829 782//782 805//805 
f 838//838 805//805 782//782 
f 829//829 928//928 830//830 
f 829//829 830//830 782//782 
f 928//928 927//927 772//772 
f 928//928 772//772 830//830 
f 927//927 926//926 777//777 
f 927//927 777//777 772//772 
f 926//926 818//818 776//776 
f 926//926 776//776 777//777 
f 1072//1072 350//350 33//33 
f 821//821 714//714 799//799 
f 784//784 712//712 714//714 
f 784//784 714//714 821//821 
f 783//783 718//718 712//712 
f 783//783 712//712 784//784 
f 789//789 722//722 718//718 
f 789//789 718//718 783//783 
f 790//790 720//720 722//722 
f 790//790 722//722 789//789 
f 792//792 723//723 720//720 
f 792//792 720//720 790//790 
f 795//795 746//746 723//723 
f 795//795 723//723 792//792 
f 691//691 429//429 746//746 
f 691//691 746//746 795//795 
f 690//690 446//446 429//429 
f 690//690 429//429 691//691 
f 693//693 444//444 446//446 
f 693//693 446//446 690//690 
f 437//437 58//58 60//60 
f 100//100 401//401 444//444 
f 100//100 444//444 693//693 
f 96//96 254//254 401//401 
f 96//96 401//401 100//100 
f 635//635 701//701 700//700 
f 635//635 700//700 745//745 
f 745//745 700//700 791//791 
f 745//745 791//791 724//724 
f 92//92 433//433 60//60 
f 798//798 800//800 834//834 
f 798//798 834//834 770//770 
f 834//834 800//800 820//820 
f 834//834 820//820 825//825 
f 801//801 823//823 825//825 
f 801//801 825//825 820//820 
f 801//801 815//815 823//823 
f 688//688 1043//1043 1042//1042 
f 687//687 1043//1043 688//688 
f 721//721 788//788 787//787 
f 721//721 787//787 747//747 
f 747//747 787//787 785//785 
f 747//747 785//785 713//713 
f 713//713 785//785 798//798 
f 713//713 798//798 770//770 
f 1045//1045 628//628 1042//1042 
f 688//688 1042//1042 628//628 
f 802//802 815//815 801//801 
f 815//815 802//802 804//804 
f 815//815 804//804 839//839 
f 628//628 1045//1045 557//557 
f 1044//1044 557//557 1045//1045 
f 806//806 837//837 839//839 
f 806//806 839//839 804//804 
f 807//807 761//761 837//837 
f 807//807 837//837 806//806 
f 25//25 66//66 1044//1044 
f 557//557 1044//1044 66//66 
f 812//812 760//760 761//761 
f 812//812 761//761 807//807 
f 813//813 711//711 760//760 
f 813//813 760//760 812//812 
f 711//711 813//813 781//781 
f 711//711 781//781 696//696 
f 778//778 703//703 696//696 
f 778//778 696//696 781//781 
f 797//797 727//727 703//703 
f 797//797 703//703 778//778 
f 727//727 797//797 796//796 
f 727//727 796//796 728//728 
f 728//728 796//796 701//701 
f 728//728 701//701 635//635 
f 721//721 724//724 788//788 
f 791//791 788//788 724//724 
f 613//613 967//967 929//929 
f 613//613 929//929 868//868 
f 614//614 613//613 868//868 
f 498//498 615//615 620//620 
f 620//620 496//496 498//498 
f 619//619 615//615 614//614 
f 741//741 1051//1051 626//626 
f 1047//1047 626//626 1051//1051 
f 1046//1046 627//627 1047//1047 
f 626//626 1047//1047 627//627 
f 1043//1043 687//687 1046//1046 
f 627//627 1046//1046 687//687 
f 116//116 609//609 756//756 
f 936//936 117//117 120//120 
f 332//332 469//469 468//468 
f 188//188 832//832 189//189 
f 609//609 116//116 117//117 
f 189//189 832//832 268//268 
f 676//676 470//470 469//469 
f 200//200 4//4 972//972 
f 972//972 1//1 729//729 
f 62//62 301//301 61//61 
f 62//62 58//58 301//301 
f 437//437 301//301 58//58 
