# Object Export From Tinkercad Server 2015

mtllib obj.mtl

o obj_0
v -62.711 		-3.35 		-64.532
v -56.963 		-3.35 		-69.742
v -57.562 		-3.35 		-70.472
v -53.675 		-3.35 		1.5
v -64.3444 		-3.35 		-62.936
v -63.758 		-3.35 		-63.583
v -64.426 		-3.35 		-64.251
v -84.017 		-3.35 		-33.264
v -80.096 		-3.35 		-41.555
v -75.381 		-3.35 		-49.421
v -69.917 		-3.35 		-56.788
v -70.647 		-3.35 		-57.387
v 57.6037 		1.06 		8.6801
v 57.5942 		0.9305 		8.744
v -76.166 		-3.35 		-49.946
v -84.889 		-3.35 		-33.625
v -80.928 		-3.35 		-42
v 57.5926 		0.9092 		8.7545
v 57.5858 		0.8167 		8.8005
v -91.131 		-3.35 		2.5
v -90.681 		-3.35 		-6.66
v -89.335 		-3.35 		-15.732
v -87.107 		-3.35 		-24.629
v -91.1261 		-3.35 		2.6
v 57.8377 		0.8167 		7.1021
v 57.856 		0.8167 		6.979
v -88.01 		-3.35 		-24.903
v 57.8292 		0.8167 		7.1596
v -90.261 		-3.35 		-15.917
v 57.8292 		0.8167 		7.1599
v -92.075 		-3.35 		2.5
v -91.62 		-3.35 		-6.753
v 57.8291 		0.8167 		7.1605
v 57.2904 		0.8167 		10.792
v 57.5679 		0.8167 		8.9213
v 57.581 		0.8167 		8.8332
v -56.963 		-3.35 		74.742
v -62.711 		-3.35 		69.532
v 57.051 		0.8167 		12.406
v 57.856 		1.65 		6.979
v 54.6431 		0.8167 		-17.7312
v 54.6138 		0.8167 		-17.8132
v 57.8112 		1.06 		7.2809
v 54.6023 		0.8167 		-17.8454
v 57.8187 		0.9584 		7.2304
v 57.7917 		1.2692 		7.4125
v 57.792 		1.2658 		7.4104
v 57.7996 		1.185 		7.3595
v 54.025 		0.8167 		-19.4588
v 54.036 		0.8167 		-19.4282
v 54.0434 		0.8167 		-19.4074
v 57.7713 		1.435 		7.5497
v 57.7795 		1.3682 		7.4948
v 54.0849 		1.06 		-19.2914
v 54.0678 		0.9584 		-19.3392
v 57.7504 		1.5542 		7.6912
v 54.0437 		0.8167 		-19.4065
v 54.1296 		1.2692 		-19.1665
v 54.1764 		1.435 		-19.0357
v 57.7461 		1.5685 		7.72
v 54.2235 		1.552 		-18.904
v 54.2244 		1.5542 		-18.9015
v 57.729 		1.6258 		7.8352
v 57.729 		1.6257 		7.8349
v 57.7376 		1.597 		7.777
v 54.2734 		1.6258 		-18.7646
v 54.2536 		1.597 		-18.8198
v 57.7075 		1.65 		7.9803
v 57.7161 		1.6403 		7.9221
v 54.3231 		1.65 		-18.6258
v 57.6859 		1.6258 		8.1258
v 57.6946 		1.6356 		8.0672
v 54.3725 		1.6258 		-18.4876
v 54.3724 		1.6259 		-18.4879
v 54.3526 		1.6356 		-18.5431
v 57.6644 		1.5542 		8.2704
v 57.6647 		1.5549 		8.269
v 54.4215 		1.5542 		-18.3506
v 54.4017 		1.583 		-18.4058
v 57.6435 		1.435 		8.4113
v 57.652 		1.483 		8.3543
v 54.4698 		1.435 		-18.2158
v 54.4503 		1.483 		-18.27
v 57.6232 		1.2692 		8.5485
v 57.6314 		1.336 		8.4935
v 54.5162 		1.2692 		-18.0858
v 54.5159 		1.2703 		-18.0867
v 57.6041 		1.0645 		8.6773
v -57.562 		-3.35 		75.472
v 54.5613 		1.06 		-17.9599
v 54.5431 		1.1442 		-18.0107
v 54.5899 		0.8903 		-17.88
v 54.5867 		0.9092 		-17.8889
v -89.335 		-3.35 		20.732
v -90.681 		-3.35 		11.66
v -64.1632 		-3.35 		68.136
v -69.917 		-3.35 		61.788
v -75.381 		-3.35 		54.421
v -80.096 		-3.35 		46.555
v -84.017 		-3.35 		38.264
v -87.107 		-3.35 		29.629
v 53.9059 		0.8167 		-19.7917
v 55.718 		1.65 		-14.727
v -91.62 		-3.35 		11.753
v 54.9263 		0.8167 		-16.9396
v 57.051 		1.65 		12.406
v -90.261 		-3.35 		20.917
v 57.0263 		0.8167 		12.5045
v -88.01 		-3.35 		29.903
v -84.889 		-3.35 		38.625
v 37.333 		-3.35 		44.279
v 37.333 		1.65 		44.279
v -80.928 		-3.35 		47
v 41.357 		-3.35 		40.632
v 41.357 		1.65 		40.632
v -70.647 		-3.35 		62.387
v -76.166 		-3.35 		54.946
v 37.6031 		0.8167 		44.774
v 35.593 		0.8167 		46.2645
v -63.758 		-3.35 		68.583
v 45.004 		-3.35 		36.608
v 45.004 		1.65 		36.608
v -64.426 		-3.35 		69.251
v 41.6749 		0.8167 		41.0969
v 37.688 		0.8167 		44.711
v -56.963 		1.65 		-69.742
v 37.688 		1.65 		44.711
v -57.562 		1.65 		-70.472
v 55.718 		0.8167 		-14.727
v -63.758 		1.65 		-63.583
v 54.7198 		0.8167 		-17.5169
v -64.426 		1.65 		-64.251
v -69.917 		1.65 		-56.788
v -75.381 		1.65 		-49.421
v -80.096 		1.65 		-41.555
v -70.647 		1.65 		-57.387
v -84.017 		1.65 		-33.264
v -76.166 		1.65 		-49.946
v 48.239 		-3.35 		-29.246
v 51.031 		-3.35 		-24.588
v 51.031 		1.65 		-24.588
v 48.239 		1.65 		-29.246
v -80.928 		1.65 		-42
v -84.889 		1.65 		-33.625
v -87.107 		1.65 		-24.629
v -89.335 		1.65 		-15.732
v -90.681 		1.65 		-6.66
v -88.01 		1.65 		-24.903
v -91.131 		1.65 		2.5
v -90.261 		1.65 		-15.917
v -91.62 		1.65 		-6.753
v -92.075 		1.65 		2.5
v -56.963 		1.65 		74.742
v -57.562 		1.65 		75.472
v -90.681 		1.65 		11.66
v -89.335 		1.65 		20.732
v -90.5626 		1.65 		12.4582
v -91.62 		1.65 		11.753
v -87.107 		1.65 		29.629
v -90.261 		1.65 		20.917
v -84.017 		1.65 		38.264
v -88.01 		1.65 		29.903
v -80.096 		1.65 		46.555
v -84.889 		1.65 		38.625
v -75.381 		1.65 		54.421
v -80.928 		1.65 		47
v -69.917 		1.65 		61.788
v -76.166 		1.65 		54.946
v -70.647 		1.65 		62.387
v -63.758 		1.65 		68.583
v -64.426 		1.65 		69.251
v 52.8841 		0.8167 		-21.976
v 51.977 		0.8167 		-23.8934
v -58.552 		1.65 		-68.247
v -58.442 		1.6258 		-68.345
v -58.333 		1.5542 		-68.441
v -58.226 		1.435 		-68.536
v -58.123 		1.2692 		-68.628
v -58.023 		1.06 		-68.716
v 62.217 		0.8167 		-69.1945
v 61.8083 		0.8167 		-69.565
v 65.07 		0.8167 		-66.6086
v 64.6028 		0.8167 		-67.032
v -57.9324 		0.8167 		-68.797
v 62.3407 		0.8167 		-65.5066
v -58.4599 		0.8167 		-68.3291
v -58.552 		0.8167 		-68.247
v -58.165 		0.8167 		-68.5907
v -58.2681 		0.8167 		-68.4987
v -58.3659 		0.8167 		-68.4118
v -58.0522 		0.8167 		-68.6901
v 76.5381 		0.8167 		53.5974
v 94.9902 		0.8167 		13.957
v 95.331 		0.8167 		11.66
v 95.7761 		0.8167 		2.6
v 94.7825 		0.8167 		11.6455
v 94.7633 		0.8167 		11.8047
v 46.6188 		0.8167 		35.368
v 45.436 		0.8167 		36.963
v 45.436 		1.65 		36.963
v 94.683 		0.8167 		12.468
v 41.752 		0.8167 		41.027
v 94.7452 		0.8167 		11.9538
v 41.752 		1.65 		41.027
v 7.649 		-3.35 		56.575
v 7.649 		1.65 		56.575
v 94.7283 		0.8167 		12.0918
v 13.021 		-3.35 		55.778
v 94.7127 		0.8167 		12.2216
v 13.021 		1.65 		55.778
v 3.032 		1.06 		57.3604
v 3.1534 		0.8167 		57.3544
v 2.899 		1.2692 		57.3669
v 2.825 		1.3575 		57.3705
v 7.5999 		0.8167 		57.1361
v 3.825 		0.8167 		57.3214
v 3.2145 		0.8167 		57.3514
v 3.1771 		0.8167 		57.3533
v 3.1543 		0.8167 		57.3544
v 53.853 		0.8167 		-19.928
v 18.29 		-3.35 		54.458
v 18.29 		1.65 		54.458
v 13.0282 		0.8167 		56.3412
v 7.704 		0.8167 		57.131
v 7.704 		1.65 		57.131
v 23.403 		-3.35 		52.628
v 23.403 		1.65 		52.628
v 13.131 		0.8167 		56.326
v 13.131 		1.65 		56.326
v 28.313 		-3.35 		50.306
v 28.313 		1.65 		50.306
v 53.87 		0.8167 		-19.892
v 23.5167 		0.8167 		53.1809
v 18.452 		0.8167 		54.993
v 18.452 		1.65 		54.993
v 32.971 		-3.35 		47.514
v 32.971 		1.65 		47.514
v 51.569 		0.8167 		-24.756
v 28.4662 		1.6256 		50.851
v 28.4658 		1.6258 		50.8511
v 28.481 		1.6176 		50.844
v 53.87 		1.65 		-19.892
v 28.425 		1.6332 		50.8704
v 28.3857 		1.6403 		50.889
v 28.3325 		1.65 		50.9142
v 28.3323 		1.65 		50.9143
v 28.253 		1.6355 		50.9518
v 28.1994 		1.6258 		50.9771
v 28.0695 		1.5551 		51.0386
v 28.0677 		1.5542 		51.0395
v 28.1206 		1.583 		51.0145
v 27.9907 		1.4829 		51.0759
v 27.9385 		1.435 		51.1006
v 27.8635 		1.3359 		51.1361
v 27.8134 		1.2692 		51.1598
v 27.6938 		1.0618 		51.2163
v 27.6928 		1.06 		51.2168
v 27.6248 		0.9091 		51.249
v 27.583 		0.8167 		51.2687
v 27.401 		0.8167 		51.3549
v 27.4733 		0.8167 		51.3207
v 27.5525 		0.8167 		51.2832
v 26.5615 		0.8167 		51.752
v 68.361 		0.8167 		-63.6256
v 61.613 		1.65 		-69.742
v 61.613 		0.8167 		-69.742
v 64.265 		0.8167 		-67.3382
v 62.3434 		0.8167 		-69.08
v 63.241 		1.5254 		-68.2664
v 63.2666 		1.5542 		-68.2432
v 63.3742 		1.6258 		-68.1456
v 63.4731 		1.6477 		-68.056
v 62.824 		0.8167 		-68.6444
v 62.853 		0.8167 		-68.6181
v 62.8683 		0.8167 		-68.6042
v 62.869 		0.8167 		-68.6036
v 62.9588 		1.0581 		-68.5221
v 62.9595 		1.06 		-68.5215
v 63.0569 		1.2676 		-68.4332
v 63.0577 		1.2692 		-68.4325
v 63.0559 		1.2654 		-68.4341
v 63.1598 		1.4338 		-68.34
v 63.1606 		1.435 		-68.3393
v 63.4834 		1.65 		-68.0467
v 63.592 		1.6258 		-67.9482
v 23.617 		0.8167 		53.145
v 63.7002 		1.5542 		-67.8502
v 63.8054 		1.4359 		-67.7548
v 63.8062 		1.435 		-67.7541
v 63.9068 		1.2729 		-67.6629
v 63.9091 		1.2692 		-67.6608
v 64.1898 		0.8167 		-67.4064
v 64.0065 		1.0616 		-67.5726
v 64.0072 		1.06 		-67.5719
v 64.122 		0.8167 		-67.4678
v 64.0978 		0.8167 		-67.4898
v 64.0978 		0.8167 		-67.4898
v 62.212 		1.65 		-70.472
v 62.212 		-3.35 		-70.472
v 88.883 		1.06 		-32.489
v 88.93 		1.2692 		-32.365
v 94.6972 		0.8167 		12.3457
v 94.6679 		0.8167 		12.5903
v 94.6524 		0.8167 		12.7152
v 94.5825 		0.8167 		13.2905
v 94.6369 		0.8167 		12.8442
v 94.6199 		0.8167 		12.9822
v 94.6018 		0.8167 		13.1313
v 91.2489 		0.8167 		12.8859
v -59.082 		1.06 		-67.778
v -59.1726 		0.8167 		-67.698
v 48.2502 		0.8167 		-30.168
v 48.704 		0.8167 		-29.556
v -58.982 		1.2692 		-67.867
v 48.704 		1.65 		-29.556
v -58.878 		1.435 		-67.959
v -58.771 		1.5542 		-68.053
v -58.662 		1.6258 		-68.15
v -58.9399 		0.8167 		-67.9042
v -59.0528 		0.8167 		-67.8039
v -58.8359 		0.8167 		-67.9962
v -58.6441 		0.8167 		-68.1658
v -58.7381 		0.8167 		-68.0822
v 23.617 		1.65 		53.145
v -55.7055 		0.8167 		-66.2835
v 51.524 		0.8167 		-24.851
v 51.524 		1.65 		-24.851
v -28.44 		0.8167 		-44.544
v -28.6515 		0.8167 		-44.4172
v -23.779 		0.8167 		-47.338
v -23.9243 		0.8167 		-47.2692
v -28.521 		0.8167 		-44.514
v -18.8949 		0.8167 		-49.6488
v -18.953 		0.8167 		-49.628
v -23.863 		0.8167 		-47.306
v 78.8169 		0.8167 		56.058
v 77.8215 		0.8167 		57.4
v -28.44 		-3.35 		-44.544
v 80.031 		1.65 		54.421
v -23.779 		-3.35 		-47.338
v -18.8949 		-3.35 		-49.6488
v 2.225 		1.65 		-53.841
v 80.031 		1.3842 		54.421
v -3.199 		1.65 		-53.575
v 80.0057 		1.435 		54.4551
v -3.199 		-3.35 		-53.575
v 2.225 		-3.35 		-53.841
v 79.9216 		1.5525 		54.5685
v 79.9204 		1.5542 		54.5701
v -8.571 		1.65 		-52.778
v -8.571 		-3.35 		-52.778
v 79.8334 		1.6258 		54.6874
v 79.8334 		1.6258 		54.6874
v -13.84 		1.65 		-51.458
v 79.746 		1.65 		54.8053
v 79.746 		1.65 		54.8053
v -13.84 		-3.35 		-51.458
v -8.5782 		0.8167 		-53.3412
v -3.3619 		0.8167 		-54.115
v 79.7321 		1.6462 		54.824
v -18.953 		1.65 		-49.628
v 79.6589 		1.626 		54.9227
v 79.6582 		1.6258 		54.9237
v 79.572 		1.5542 		55.0398
v 79.572 		1.5542 		55.0398
v 79.4864 		1.4351 		55.1553
v 79.4864 		1.435 		55.1553
v 79.0437 		0.8167 		55.7522
v 78.9726 		0.8167 		55.848
v 79.4875 		1.4365 		55.1538
v 79.4041 		1.2693 		55.2663
v 79.404 		1.2692 		55.2663
v 79.1784 		0.8167 		55.5705
v 79.3248 		1.06 		55.3731
v 79.2327 		0.8167 		55.4974
v 79.2522 		0.8167 		55.4711
v 79.2522 		0.8167 		55.4711
v 84.746 		0.8167 		46.555
v 80.625 		0.8167 		53.43
v -10.3712 		1.5551 		-52.9026
v 84.746 		1.65 		46.555
v -10.3695 		1.5542 		-52.903
v 80.4032 		0.8167 		53.8
v -10.4253 		1.5825 		-52.889
v 80.2423 		0.8167 		54.0684
v -10.487 		1.6137 		-52.8736
v 88.979 		1.435 		-32.235
v 80.2239 		0.8167 		54.0993
v 80.212 		0.8167 		54.1191
v -10.2862 		1.4822 		-52.9239
v -10.2312 		1.435 		-52.9377
v 80.2116 		0.8167 		54.1198
v 80.149 		1.06 		54.2241
v -10.0992 		1.2722 		-52.9707
v -10.0967 		1.2692 		-52.9713
v 80.0806 		1.2692 		54.3383
v -10.1497 		1.3348 		-52.9581
v 88.9499 		0.8167 		-32.3124
v 88.8968 		0.8167 		-32.4525
v 88.667 		0.8167 		38.264
v 88.667 		1.65 		38.264
v 80.816 		1.65 		54.946
v 80.816 		-3.35 		54.946
v -10.0188 		1.1428 		-52.9908
v 91.757 		0.8167 		29.629
v 91.757 		1.65 		29.629
v 85.578 		1.65 		47
v 85.578 		-3.35 		47
v -9.9674 		1.06 		-53.0037
v 93.985 		0.8167 		20.732
v 93.985 		1.65 		20.732
v -9.8932 		0.9074 		-53.0223
v -9.8494 		0.8167 		-53.0333
v 89.539 		1.65 		38.625
v 89.539 		-3.35 		38.625
v 95.331 		1.65 		11.66
v 92.66 		1.65 		29.903
v 92.66 		-3.35 		29.903
v 89.03 		1.5542 		-32.102
v 96.27 		1.65 		11.753
v 96.27 		-3.35 		11.753
v 94.911 		1.65 		20.917
v 94.911 		-3.35 		20.917
v 54.246 		1.65 		-75.206
v 89.081 		1.6258 		-31.966
v 46.38 		1.65 		-79.921
v 54.771 		1.65 		-75.991
v 38.089 		1.65 		-83.842
v 46.825 		1.65 		-80.753
v 29.454 		1.65 		-86.932
v -11.1958 		1.2869 		-52.696
v -11.1288 		1.3694 		-52.7128
v 38.45 		1.65 		-84.714
v 20.557 		1.65 		-89.16
v -11.0758 		1.435 		-52.7261
v 24.2635 		1.65 		-88.2318
v 89.133 		1.65 		-31.828
v -10.9384 		1.5535 		-52.7605
v -10.9375 		1.5542 		-52.7607
v 29.728 		1.65 		-87.835
v 11.485 		1.65 		-90.506
v -10.9925 		1.507 		-52.7469
v 20.742 		1.65 		-90.086
v 11.578 		1.65 		-91.445
v -6.835 		1.65 		-90.506
v 2.325 		1.65 		-90.956
v 89.186 		1.6258 		-31.691
v -15.907 		1.65 		-89.16
v -24.804 		1.65 		-86.932
v -10.8518 		1.5975 		-52.7822
v -19.3952 		1.65 		-88.2865
v -10.796 		1.6258 		-52.7961
v -16.092 		1.65 		-90.086
v -25.078 		1.65 		-87.835
v -10.7103 		1.6404 		-52.8176
v -10.6538 		1.65 		-52.8318
v 2.325 		1.65 		-91.9
v -6.928 		1.65 		-91.445
v -33.439 		1.65 		-83.842
v -41.73 		1.65 		-79.921
v -33.8 		1.65 		-84.714
v -49.596 		1.65 		-75.206
v -10.511 		1.6258 		-52.8676
v -42.175 		1.65 		-80.753
v -50.121 		1.65 		-75.991
v 89.237 		1.5542 		-31.555
v -11.4576 		0.8167 		-52.6304
v -11.3878 		0.96 		-52.6479
v -11.3391 		1.06 		-52.6601
v 89.288 		1.435 		-31.421
v -11.2121 		1.2662 		-52.6919
v -11.2102 		1.2692 		-52.6924
v 24.4063 		1.6258 		-88.1961
v 24.4052 		1.626 		-88.1963
v 24.4049 		1.6261 		-88.1964
v 24.329 		1.6389 		-88.2154
v 24.5462 		1.5547 		-88.161
v 24.5472 		1.5542 		-88.1608
v 24.685 		1.4359 		-88.1263
v 24.686 		1.435 		-88.126
v 24.8201 		1.2703 		-88.0924
v 24.821 		1.2692 		-88.0922
v 24.8201 		1.2704 		-88.0924
v 24.9488 		1.0615 		-88.0602
v 24.9497 		1.06 		-88.06
v 25.0674 		0.8167 		-88.0305
v 23.5781 		1.06 		-88.4035
v 23.5084 		0.9167 		-88.4209
v 23.707 		1.2692 		-88.3712
v 23.8409 		1.4338 		-88.3377
v 23.8418 		1.435 		-88.3374
v 23.9797 		1.5542 		-88.3029
v 24.1216 		1.6258 		-88.2674
v 24.2624 		1.6498 		-88.2321
v -9.463 		0.8167 		-53.1301
v -8.681 		0.8167 		-53.326
v -9.5097 		0.8167 		-53.1184
v -9.7315 		0.8167 		-53.0628
v -9.8164 		0.8167 		-53.0416
v -11.4797 		0.8167 		-52.6249
v -11.511 		0.8167 		-52.617
v -11.4585 		0.8167 		-52.6302
v -13.559 		0.8167 		-52.104
v -13.8958 		0.8167 		-52.0196
v -8.681 		1.65 		-53.326
v 89.337 		1.2692 		-31.292
v -62.711 		0.8167 		-64.532
v -56.963 		0.8167 		-69.742
v -57.5146 		0.8167 		-69.242
v 89.0455 		0.8167 		-32.0608
v 88.9989 		0.8167 		-32.1824
v 89.1774 		0.8167 		-31.7133
v 89.133 		0.8167 		-31.828
v 89.268 		0.8167 		-31.4736
v 89.2214 		0.8167 		-31.5961
v 89.317 		0.8167 		-31.3445
v 89.3702 		0.8167 		-31.2035
v -57.6934 		0.8167 		-69.08
v 89.0895 		0.8167 		-31.9436
v -57.965 		0.8167 		-68.8338
v -57.965 		0.8167 		-68.8338
v -23.863 		1.65 		-47.306
v -58.615 		0.8167 		-68.2446
v 46.344 		0.8167 		83.4521
v 89.384 		1.06 		-31.167
v 89.4274 		0.8167 		-31.0533
v 88.8396 		0.8167 		-32.6037
v -59.2383 		0.8167 		-67.6797
v -59.2103 		0.8167 		-67.705
v -59.1935 		0.8167 		-67.7203
v -59.1933 		0.8167 		-67.7204
v -59.1928 		0.8167 		-67.7209
v -20.875 		0.8167 		-87.9159
v -24.804 		0.8167 		-86.932
v -29.943 		0.8167 		-85.093
v -17.5762 		0.8167 		-88.742
v 0.825 		0.8167 		-90.8823
v -6.835 		0.8167 		-90.506
v -15.907 		0.8167 		-89.16
v -17.655 		0.8167 		-88.7223
v -18.4726 		0.8167 		-88.5175
v -18.5578 		0.8167 		-88.4962
v -18.5905 		0.8167 		-88.488
v -18.5906 		0.8167 		-88.488
v -20.2575 		0.8167 		-88.0705
v -20.2212 		0.8167 		-88.0796
v -20.2 		0.8167 		-88.0849
v -20.1991 		0.8167 		-88.0852
v -19.703 		0.8167 		-86.0729
v -17.8096 		0.8167 		-85.3205
v 89.7749 		0.8167 		-30.168
v 89.665 		0.8167 		-30.4751
v 88.6788 		0.8167 		-33.231
v 88.667 		0.8167 		-33.264
v 84.746 		0.8167 		-41.555
v 80.031 		0.8167 		-49.421
v 74.567 		0.8167 		-56.788
v 68.9944 		0.8167 		-62.936
v 88.8957 		0.8167 		-32.6249
v 88.841 		0.8167 		-32.7778
v 88.896 		0.8167 		-32.6241
v 89.042 		0.8167 		-32.216
v 89.4085 		0.8167 		-31.192
v 89.4953 		0.8167 		-30.9493
v 89.4659 		0.8167 		-31.0315
v 89.4544 		0.8167 		-31.0635
v 89.4544 		0.8167 		-31.0635
v 89.4544 		0.8167 		-31.0636
v 46.2024 		0.8167 		83.5272
v 88.667 		1.65 		-33.264
v 46.0691 		0.8167 		83.5972
v 45.9461 		0.8167 		83.6612
v 23.4597 		0.8167 		-88.4331
v 44.877 		0.8167 		84.2229
v 84.746 		1.65 		-41.555
v 80.031 		1.65 		-49.421
v 89.539 		1.65 		-33.625
v 89.539 		-3.35 		-33.625
v 74.567 		1.65 		-56.788
v 85.578 		1.65 		-42
v 85.578 		-3.35 		-42
v 75.297 		1.65 		-57.387
v 75.297 		-3.35 		-57.387
v 80.816 		1.65 		-49.946
v 80.816 		-3.35 		-49.946
v 86.2875 		0.8167 		-29.8625
v 45.8309 		0.8167 		83.7225
v 45.7197 		0.8167 		83.7802
v 45.61 		0.8167 		83.838
v 45.5011 		0.8167 		83.8949
v 45.39 		0.8167 		83.9535
v 45.2748 		0.8167 		84.0139
v 45.0185 		0.8167 		84.1479
v 45.1518 		0.8167 		84.0779
v 43.3166 		0.8167 		81.2494
v -19.0667 		0.8167 		-50.1809
v -14.002 		0.8167 		-51.993
v -14.002 		1.65 		-51.993
v -28.521 		1.65 		-44.514
v -24.0309 		0.8167 		-47.844
v -19.167 		0.8167 		-50.145
v -19.167 		1.65 		-50.145
v -29.943 		0.8167 		-44.1544
v -28.831 		0.8167 		-44.979
v -28.831 		1.65 		-44.979
v -24.126 		0.8167 		-47.799
v -24.126 		1.65 		-47.799
v 2.225 		0.8167 		-54.4
v 2.825 		0.8167 		-54.3705
v 2.225 		1.65 		-54.4
v -3.254 		0.8167 		-54.131
v -3.254 		1.65 		-54.131
v -33.7382 		1.6258 		-40.4612
v -33.7592 		1.6258 		-40.4849
v -33.7596 		1.6259 		-40.4845
v -33.7819 		1.6356 		-40.4215
v -33.8029 		1.6356 		-40.4453
v -33.844 		1.6447 		-40.408
v -33.6949 		1.583 		-40.5432
v -33.6739 		1.583 		-40.5194
v -33.6304 		1.5542 		-40.5589
v -33.6514 		1.5542 		-40.5826
v -33.5245 		1.435 		-40.6548
v -33.5455 		1.435 		-40.6785
v -33.5466 		1.4363 		-40.6775
v -33.567 		1.483 		-40.6163
v -33.588 		1.4829 		-40.6401
v -33.4844 		1.3359 		-40.734
v -33.4634 		1.3359 		-40.7102
v -33.4442 		1.2712 		-40.7704
v -33.422 		1.2692 		-40.7478
v -33.443 		1.2692 		-40.7715
v -33.384 		1.1442 		-40.825
v -33.363 		1.1442 		-40.8012
v -33.3231 		1.06 		-40.8374
v -33.3441 		1.06 		-40.8611
v -33.2882 		0.9091 		-40.9117
v -33.2673 		0.9092 		-40.888
v -33.2332 		0.8167 		-40.9189
v -33.2542 		0.8167 		-40.9426
v 2.825 		0.8167 		95.9314
v 11.485 		0.8167 		95.506
v 11.485 		1.65 		95.506
v 20.557 		0.8167 		94.16
v 20.557 		1.65 		94.16
v -34.0204 		1.597 		-40.2482
v -34.039 		1.5846 		-40.2313
v -33.9994 		1.597 		-40.2244
v 29.454 		0.8167 		91.932
v 29.454 		1.65 		91.932
v 11.578 		1.65 		96.445
v 11.578 		-3.35 		96.445
v -33.956 		1.6258 		-40.2637
v -33.977 		1.6258 		-40.2875
v 38.089 		0.8167 		88.842
v 38.089 		1.65 		88.842
v 20.742 		1.65 		95.086
v 20.742 		-3.35 		95.086
v -33.8911 		1.6403 		-40.3226
v -33.8471 		1.65 		-40.3624
v -33.8682 		1.65 		-40.3861
v -33.9121 		1.6403 		-40.3463
v 46.38 		0.8167 		84.921
v 46.38 		1.65 		84.921
v 29.728 		1.65 		92.835
v 29.728 		-3.35 		92.835
v 47.024 		0.8167 		84.535
v 54.246 		0.8167 		80.206
v 54.246 		1.65 		80.206
v 38.45 		1.65 		89.714
v 38.45 		-3.35 		89.714
v 61.613 		0.8167 		74.742
v 61.613 		1.65 		74.742
v -34.3713 		1.06 		-39.8873
v -34.3924 		1.06 		-39.911
v -34.3934 		1.0571 		-39.9101
v 46.825 		1.65 		85.753
v 46.825 		-3.35 		85.753
v -34.409 		0.9583 		-39.8532
v -34.43 		0.9584 		-39.877
v 68.361 		0.8167 		68.6256
v -34.4821 		0.8167 		-39.8297
v -34.4611 		0.8167 		-39.806
v 62.212 		1.65 		75.472
v 62.212 		-3.35 		75.472
v 54.771 		1.65 		80.991
v 54.771 		-3.35 		80.991
v -34.3331 		1.185 		-39.9648
v -34.3121 		1.1849 		-39.941
v -34.2723 		1.2692 		-39.977
v -34.2934 		1.2692 		-40.0008
v -34.1906 		1.4349 		-40.0939
v -34.1694 		1.435 		-40.0703
v -34.1905 		1.435 		-40.094
v -34.1274 		1.5062 		-40.1512
v -34.1064 		1.5062 		-40.1274
v -34.0854 		1.5537 		-40.1893
v -34.0639 		1.5542 		-40.1659
v -34.085 		1.5542 		-40.1897
v -42.975 		0.8167 		-30.3436
v -40.481 		0.8167 		-33.631
v -40.7888 		0.8167 		-33.2914
v -40.824 		0.8167 		-33.244
v -36.832 		0.8167 		-37.657
v -37.1252 		0.8167 		-37.3913
v -40.554 		0.8167 		-33.608
v -32.805 		0.8167 		-41.307
v -33.0642 		0.8167 		-41.1148
v -33.1622 		0.8167 		-41.0259
v -33.2287 		0.8167 		-40.9657
v -34.5275 		0.8167 		-39.7885
v -36.1037 		0.8167 		-38.36
v -34.4994 		0.8167 		-39.814
v -34.4827 		0.8167 		-39.8291
v -34.4824 		0.8167 		-39.8295
v -36.907 		0.8167 		-37.632
v -31.296 		0.8167 		-42.456
v -32.883 		0.8167 		-41.279
v -32.9979 		0.8167 		-41.1749
v -40.481 		-3.35 		-33.631
v -36.832 		-3.35 		-37.657
v -32.805 		-3.35 		-41.307
v -32.883 		1.65 		-41.279
v -74.621 		1.06 		55.305
v -74.5516 		0.8167 		55.4052
v -74.697 		1.2692 		55.196
v -74.775 		1.435 		55.082
v -74.857 		1.5542 		54.964
v -74.939 		1.6258 		54.845
v 24.4247 		0.8167 		-85.4237
v -74.7289 		0.8167 		55.1498
v -74.6432 		0.8167 		55.2729
v -74.882 		0.8167 		54.9279
v -74.807 		0.8167 		55.0357
v -74.9527 		0.8167 		54.8253
v -75.023 		1.65 		54.724
v -75.106 		1.6258 		54.603
v -75.189 		1.5542 		54.483
v -75.27 		1.435 		54.365
v -75.349 		1.2692 		54.251
v -75.425 		1.06 		54.142
v -75.4934 		0.8167 		54.0418
v -75.023 		0.8167 		54.724
v -75.4028 		0.8167 		54.1741
v -75.164 		0.8167 		54.5192
v -75.0925 		0.8167 		54.6227
v -75.3171 		0.8167 		54.2973
v 95.781 		0.8167 		2.5
v 95.7214 		0.8167 		1.287
v -75.2381 		0.8167 		54.4114
v 95.331 		0.8167 		-6.66
v 93.985 		0.8167 		-15.732
v 91.757 		0.8167 		-24.629
v -91.1261 		0.8167 		2.6
v -90.775 		0.8167 		9.7466
v -90.3411 		0.8167 		13.951
v -89.335 		0.8167 		20.732
v -87.107 		0.8167 		29.629
v -84.017 		0.8167 		38.264
v -80.096 		0.8167 		46.555
v -75.875 		0.8167 		53.5969
v -36.907 		1.65 		-37.632
v -33.1531 		0.8167 		-41.774
v -40.554 		1.65 		-33.608
v -34.039 		1.5656 		-40.9849
v -34.0217 		1.5542 		-41.0006
v -33.917 		1.4363 		-41.0955
v -33.9159 		1.435 		-41.0965
v -33.9577 		1.4822 		-41.0586
v -33.8541 		1.3349 		-41.1525
v -33.8146 		1.2712 		-41.1883
v -33.8133 		1.2692 		-41.1895
v -33.7537 		1.1429 		-41.2435
v -33.7144 		1.06 		-41.2791
v -33.658 		0.9076 		-41.3302
v -33.6246 		0.8167 		-41.3606
v -34.6754 		1.2442 		-40.408
v -34.6636 		1.2692 		-40.4187
v -34.5608 		1.4349 		-40.5119
v -34.5607 		1.435 		-40.5119
v -34.497 		1.5069 		-40.5697
v -34.4557 		1.5537 		-40.6072
v -34.4552 		1.5542 		-40.6076
v -34.39 		1.5974 		-40.6667
v -34.3473 		1.6258 		-40.7054
v -34.2817 		1.6404 		-40.7649
v -34.2385 		1.65 		-40.8041
v -34.1299 		1.6259 		-40.9025
v -34.1295 		1.6258 		-40.9029
v -34.1726 		1.6354 		-40.8638
v -34.0645 		1.5826 		-40.9618
v -34.7637 		1.0571 		-40.328
v -34.7626 		1.06 		-40.3289
v -34.7996 		0.9599 		-40.2954
v -34.8523 		0.8167 		-40.2476
v -34.7027 		1.1862 		-40.3832
v 95.781 		1.65 		2.5
v -33.3683 		0.8167 		-41.5929
v -33.238 		0.8167 		-41.711
v 95.331 		1.65 		-6.66
v 93.985 		1.65 		-15.732
v -33.5326 		0.8167 		-41.444
v 96.725 		1.65 		2.5
v 96.725 		-3.35 		2.5
v -33.599 		0.8167 		-41.3837
v 91.757 		1.65 		-24.629
v 96.27 		1.65 		-6.753
v 96.27 		-3.35 		-6.753
v 92.66 		1.65 		-24.903
v 92.66 		-3.35 		-24.903
v 94.911 		1.65 		-15.917
v 94.911 		-3.35 		-15.917
v -34.8978 		0.8167 		-40.2064
v -34.8697 		0.8167 		-40.2319
v -34.853 		0.8167 		-40.247
v 2.325 		0.8167 		-90.956
v 2.825 		0.8167 		-90.9314
v -18.679 		0.9985 		-88.4658
v -19.6791 		1.554 		-88.2154
v -19.6789 		1.5542 		-88.2154
v -34.8526 		0.8167 		-40.2473
v -37.2249 		0.8167 		-38.0969
v -33.238 		1.65 		-41.711
v 33.7166 		0.8167 		47.656
v 33.281 		0.8167 		47.979
v -87.287 		0.8167 		12.8952
v -90.7236 		0.8167 		10.792
v -53.675 		0.8167 		1.5
v -63.758 		0.8167 		-63.583
v -64.3444 		0.8167 		-62.936
v -33.4654 		1.2692 		68.136
v 2.225 		1.6336 		57.4
v -84.227 		1.435 		-32.248
v -84.177 		1.2692 		-32.378
v -84.13 		1.06 		-32.502
v -84.0866 		0.8167 		-32.6157
v -84.1438 		0.8167 		-32.4655
v -84.197 		0.8167 		-32.3254
v -19.703 		1.5334 		-88.2094
v -19.6803 		1.553 		-88.2151
v -19.5372 		1.6258 		-88.2509
v -19.5371 		1.6258 		-88.251
v -19.3954 		1.65 		-88.2864
v -19.2524 		1.6258 		-88.3222
v -90.6881 		0.8167 		11.5156
v -90.6838 		0.8167 		11.6036
v -90.6821 		0.8167 		11.6382
v -90.4319 		0.8167 		13.3386
v -90.4374 		0.8167 		13.3015
v -90.4408 		0.8167 		13.2788
v -90.4409 		0.8167 		13.278
v -74.241 		0.8167 		55.958
v -69.917 		0.8167 		61.788
v -64.1632 		0.8167 		68.136
v -84.584 		1.2692 		-31.304
v -84.535 		1.435 		-31.434
v -84.485 		1.5542 		-31.567
v -19.1107 		1.5542 		-88.3577
v -19.1105 		1.5542 		-88.3578
v -19.1134 		1.5556 		-88.3571
v -84.433 		1.6258 		-31.704
v -18.9728 		1.4351 		-88.3923
v -18.9726 		1.435 		-88.3923
v -18.838 		1.2693 		-88.426
v -18.8378 		1.2692 		-88.4261
v -18.8418 		1.2741 		-88.4251
v -18.709 		1.0602 		-88.4583
v -18.7089 		1.06 		-88.4583
v -84.381 		1.65 		-31.841
v -20.0807 		1.0597 		-88.1148
v -20.0806 		1.06 		-88.1149
v -19.9547 		1.2642 		-88.1464
v -19.9516 		1.2692 		-88.1471
v -84.329 		1.6258 		-31.978
v -19.817 		1.4348 		-88.1809
v -19.8168 		1.435 		-88.1809
v -25.078 		-3.35 		-87.835
v -16.092 		-3.35 		-90.086
v 2.325 		-3.35 		-91.9
v -6.928 		-3.35 		-91.445
v 33.281 		1.65 		47.979
v 2.032 		1.5542 		95.658
v 1.89 		1.435 		95.658
v 1.751 		1.2692 		95.658
v 1.618 		1.06 		95.658
v 28.9534 		1.0579 		50.5728
v 1.4966 		0.8167 		95.658
v 28.9525 		1.06 		50.5733
v 28.9962 		0.9585 		50.5471
v 29.0569 		0.8167 		50.5108
v 28.884 		1.1851 		50.6144
v 28.8381 		1.2692 		50.6419
v 28.7194 		1.4342 		50.713
v 28.7188 		1.435 		50.7134
v 28.7669 		1.3683 		50.6846
v 28.6945 		1.4587 		50.728
v 28.6455 		1.5063 		50.7573
v 28.5964 		1.5542 		50.7868
v 28.576 		1.5659 		50.799
v -84.277 		1.5542 		-32.115
v 58.125 		0.8167 		1.5
v -84.6182 		0.8167 		-31.2165
v -84.4694 		0.8167 		-31.6082
v -42.975 		0.8167 		-79.1747
v -49.596 		0.8167 		-75.206
v -84.5151 		0.8167 		-31.4866
v -84.5641 		0.8167 		-31.3566
v -84.2469 		0.8167 		-32.1954
v -84.2926 		0.8167 		-32.0738
v -84.632 		1.06 		-31.18
v -33.439 		0.8167 		-83.842
v -41.73 		0.8167 		-79.921
v 31.497 		0.8167 		49.0483
v 29.449 		0.8167 		50.2758
v 29.1084 		0.8167 		50.4799
v 29.076 		0.8167 		50.4993
v -33.8 		-3.35 		-84.714
v 29.0576 		0.8167 		50.5103
v 29.0573 		0.8167 		50.5105
v -42.175 		-3.35 		-80.753
v -50.121 		-3.35 		-75.991
v -84.6744 		0.8167 		-31.0663
v -84.0242 		0.8167 		-33.244
v -75.875 		0.8167 		-48.5969
v -80.096 		0.8167 		-41.555
v -84.017 		0.8167 		-33.264
v -74.3226 		0.8167 		55.848
v -74.5817 		0.8167 		55.4986
v -74.6031 		0.8167 		55.4698
v -74.6168 		0.8167 		55.4513
v -74.6174 		0.8167 		55.4506
v -74.6177 		0.8167 		55.4502
v -74.999 		0.8167 		54.936
v 28.576 		1.65 		50.799
v 28.5188 		1.597 		50.826
v -75.7549 		0.8167 		53.7973
v -75.6387 		0.8167 		53.9911
v -75.5918 		0.8167 		54.0693
v -75.5747 		0.8167 		54.0979
v -22.8487 		0.9535 		50.7771
v -22.897 		1.06 		50.7543
v -22.9006 		1.06 		50.7611
v -22.8523 		0.9536 		50.784
v -22.7904 		0.8167 		50.8132
v -75.381 		0.8167 		54.421
v -22.7869 		0.8167 		50.8064
v -23.0176 		1.2692 		50.6972
v -23.0212 		1.2692 		50.7041
v -23.1453 		1.4336 		50.6454
v -23.1428 		1.435 		50.638
v -23.1464 		1.435 		50.6449
v -23.0935 		1.3651 		50.6699
v -23.0899 		1.3651 		50.663
v -23.2213 		1.504 		50.6094
v -23.2177 		1.5039 		50.6026
v -23.272 		1.5542 		50.5769
v -23.2756 		1.5542 		50.5838
v -90.681 		0.8604 		11.66
v -23.4039 		1.6258 		50.5145
v -23.4075 		1.6258 		50.5214
v -23.5401 		1.65 		50.4587
v -23.5366 		1.65 		50.4517
v -23.5403 		1.65 		50.4586
v -90.6579 		1.1515 		11.816
v -90.6664 		1.06 		11.7585
v -90.6664 		1.06 		11.7585
v -23.6171 		1.636 		50.4223
v -23.6134 		1.636 		50.4153
v -90.5195 		1.5541 		12.7483
v -90.5195 		1.5542 		12.7482
v -23.6695 		1.6258 		50.3888
v -23.6732 		1.6258 		50.3958
v -90.5059 		1.4763 		12.84
v -90.541 		1.6258 		12.6037
v -23.7459 		1.5844 		50.3527
v -23.779 		1.5663 		50.337
v -90.5842 		1.6258 		12.3126
v -23.7496 		1.5843 		50.3596
v -90.6055 		1.5542 		12.1691
v -23.799 		1.5574 		50.3363
v -90.6265 		1.435 		12.0275
v -23.71 		1.6058 		50.3783
v -23.8002 		1.5542 		50.3243
v -23.8049 		1.5542 		50.3335
v -23.8032 		1.5551 		50.3343
v -23.8786 		1.4852 		50.2966
v -23.863 		1.5004 		50.306
v -23.8709 		1.4852 		50.2819
v -23.9228 		1.435 		50.2508
v -23.9306 		1.435 		50.2655
v -23.992 		1.339 		50.2093
v -24.0419 		1.2692 		50.1794
v -24.0496 		1.2692 		50.1942
v -23.9997 		1.339 		50.224
v -24.1564 		1.06 		50.1108
v -24.1641 		1.06 		50.1255
v -24.163 		1.062 		50.1262
v -24.2268 		0.9139 		50.0879
v -24.2191 		0.9139 		50.0732
v -24.2609 		0.8167 		50.0481
v -24.2687 		0.8167 		50.0628
v -21.751 		0.8167 		51.3048
v -22.7365 		0.8167 		50.8387
v -22.7699 		0.8167 		50.823
v -22.7896 		0.8167 		50.8136
v -22.7902 		0.8167 		50.8133
v -18.8863 		0.8167 		52.6519
v -18.953 		0.8167 		52.628
v -28.44 		0.8167 		47.543
v -28.3025 		0.8167 		47.645
v -28.2841 		0.8167 		47.656
v -24.8673 		0.8167 		49.704
v -24.5706 		0.8167 		49.8818
v -24.3725 		0.8167 		50.0006
v -24.2973 		0.8167 		50.0457
v -29.943 		0.8167 		46.4594
v -28.521 		0.8167 		47.514
v -23.779 		-3.35 		50.337
v -18.8863 		-3.35 		52.6519
v -28.44 		-3.35 		47.543
v -28.521 		1.65 		47.514
v -23.863 		1.65 		50.306
v -28.9145 		0.8167 		47.9171
v -90.6265 		1.435 		12.0275
v -90.6469 		1.2692 		11.8901
v -90.6469 		1.2692 		11.89
v -84.1132 		0.8167 		-32.9953
v -84.1875 		0.8167 		-32.7874
v -84.2186 		0.8167 		-32.7006
v -84.2296 		0.8167 		-32.6699
v -90.4587 		1.0599 		13.158
v -84.392 		0.8167 		-32.216
v -90.4588 		1.06 		13.1579
v -90.4777 		1.2635 		13.0299
v -90.4783 		1.2692 		13.0263
v -90.4987 		1.4349 		12.8888
v -84.7585 		0.8167 		-31.192
v -90.4987 		1.435 		12.8887
v -84.8087 		0.8167 		-31.0516
v -18.953 		1.65 		52.628
v -24.2602 		1.338 		50.7186
v -24.3093 		1.2692 		50.6891
v -84.7959 		0.8167 		-31.0872
v -24.2191 		1.3951 		50.7432
v -84.7883 		0.8167 		-31.1086
v -24.4228 		1.062 		50.6211
v -24.4239 		1.06 		50.6205
v -84.7881 		0.8167 		-31.1091
v -84.788 		0.8167 		-31.1094
v -24.4872 		0.9124 		50.5825
v -24.5284 		0.8167 		50.5578
v -69.917 		0.8167 		-56.788
v -75.381 		0.8167 		-49.421
v -25.847 		0.8167 		49.7675
v -25.3527 		0.8167 		50.0637
v -24.8304 		0.8167 		50.3768
v -24.6323 		0.8167 		50.4955
v -24.5571 		0.8167 		50.5406
v -28.831 		0.8167 		47.979
v -28.831 		1.65 		47.979
v -13.84 		1.65 		54.458
v -13.84 		-3.35 		54.458
v -23.1126 		0.9551 		51.2784
v -23.1602 		1.06 		51.2559
v -23.0501 		0.8167 		51.308
v -23.2808 		1.2692 		51.1988
v -23.4049 		1.4336 		51.1401
v -23.406 		1.435 		51.1396
v -23.3539 		1.3661 		51.1642
v -23.4817 		1.5047 		51.1038
v -23.5352 		1.5542 		51.0785
v -23.6671 		1.6258 		51.0161
v -23.799 		1.6498 		50.9537
v 2.618 		1.5542 		95.658
v 2.472 		1.6258 		95.658
v 2.325 		1.65 		95.658
v 2.178 		1.6258 		95.658
v -23.7997 		1.65 		50.9533
v -23.7999 		1.65 		50.9533
v -23.8775 		1.6359 		50.9166
v -23.9328 		1.6258 		50.8904
v -24.0628 		1.5551 		50.8289
v -24.0645 		1.5542 		50.8281
v -24.0099 		1.5839 		50.8539
v -63.758 		0.8167 		68.583
v -62.711 		0.8167 		69.532
v -24.126 		1.4972 		50.799
v 77.8215 		-3.35 		57.4
v 74.567 		-3.35 		61.788
v 68.8132 		-3.35 		68.136
v 75.297 		-3.35 		62.387
v 68.408 		-3.35 		68.583
v 68.361 		-3.35 		68.6256
v 69.076 		-3.35 		69.251
v 61.613 		-3.35 		74.742
v 54.246 		-3.35 		80.206
v 46.38 		-3.35 		84.921
v 38.089 		-3.35 		88.842
v 29.454 		-3.35 		91.932
v 20.557 		-3.35 		94.16
v 11.485 		-3.35 		95.506
v 2.825 		-3.35 		95.9314
v 2.225 		-3.35 		57.4
v 2.325 		-3.35 		95.956
v -6.835 		-3.35 		95.506
v -15.907 		-3.35 		94.16
v -24.804 		-3.35 		91.932
v -25.078 		-3.35 		92.835
v -16.092 		-3.35 		95.086
v 2.325 		-3.35 		96.9
v -6.928 		-3.35 		96.445
v -33.439 		-3.35 		88.842
v -41.73 		-3.35 		84.921
v -49.596 		-3.35 		80.206
v -50.121 		-3.35 		80.991
v -33.8 		-3.35 		89.714
v -42.175 		-3.35 		85.753
v 74.567 		1.65 		61.788
v 75.297 		1.65 		62.387
v 68.408 		1.65 		68.583
v 69.076 		1.65 		69.251
v -24.804 		1.65 		91.932
v -15.907 		1.65 		94.16
v -25.078 		1.65 		92.835
v -6.835 		1.65 		95.506
v -16.092 		1.65 		95.086
v 2.325 		1.65 		95.956
v -6.928 		1.65 		96.445
v 2.325 		1.65 		96.9
v -49.596 		1.65 		80.206
v -41.73 		1.65 		84.921
v -50.121 		1.65 		80.991
v -33.439 		1.65 		88.842
v -41.6467 		1.65 		84.9604
v -42.175 		1.65 		85.753
v -33.8 		1.65 		89.714
v -22.9962 		0.8167 		51.3335
v -23.0295 		0.8167 		51.3177
v -23.0493 		0.8167 		51.3084
v -23.0499 		0.8167 		51.3081
v -24.126 		1.65 		50.799
v -24.1391 		1.4845 		50.7911
v -24.1903 		1.435 		50.7605
v -8.571 		1.65 		55.778
v -8.571 		-3.35 		55.778
v 20.6385 		1.2692 		-71.128
v -14.1011 		0.8167 		54.9575
v -19.167 		0.8167 		53.145
v -19.167 		1.65 		53.145
v -3.199 		1.65 		56.575
v -3.199 		-3.35 		56.575
v -25.2468 		0.8167 		55.4937
v -13.559 		0.8167 		55.104
v -8.7795 		0.8167 		56.3013
v -14.002 		0.8167 		54.993
v -14.002 		1.65 		54.993
v 2.76 		1.435 		95.658
v -24.804 		0.8167 		91.932
v -15.907 		0.8167 		94.16
v -6.835 		0.8167 		95.506
v 0.825 		0.8167 		95.8823
v 1.484 		0.8167 		95.9147
v 2.113 		0.8167 		95.9456
v 2.225 		1.65 		56.841
v 2.225 		-3.35 		56.841
v 2.325 		0.8167 		95.956
v 2.676 		0.8167 		95.9388
v 2.799 		0.8167 		95.9327
v 68.8132 		0.8167 		68.136
v 74.567 		0.8167 		61.788
v 54.246 		0.8167 		-75.206
v 46.38 		0.8167 		-79.921
v 38.089 		0.8167 		-83.842
v 29.454 		0.8167 		-86.932
v 25.881 		0.8167 		-87.8268
v 20.0043 		0.8167 		-89.242
v 11.485 		0.8167 		-90.506
v 25.353 		0.8167 		-87.959
v 25.1889 		0.8167 		-88.0001
v 25.0997 		0.8167 		-88.0224
v 23.305 		0.8167 		-88.4718
v 23.4007 		0.8167 		-88.4479
v 23.4373 		0.8167 		-88.4387
v 23.4589 		0.8167 		-88.4333
v 22.867 		0.8167 		-88.5815
v 20.557 		0.8167 		-89.16
v 22.9758 		0.8167 		-88.5543
v 23.0703 		0.8167 		-88.5306
v 23.1538 		0.8167 		-88.5097
v 23.2293 		0.8167 		-88.4908
v 23.2975 		0.8167 		-88.4737
v -3.3619 		0.8167 		57.115
v -8.681 		0.8167 		56.326
v -8.681 		1.65 		56.326
v 2.676 		1.5055 		57.3779
v 2.618 		1.5542 		57.3807
v 2.472 		1.6258 		57.3879
v 2.325 		1.65 		57.3951
v 2.799 		1.3885 		57.3718
v 2.76 		1.435 		57.3737
v 2.225 		1.65 		57.4
v 2.032 		1.5542 		57.3905
v 2.113 		1.5939 		57.3945
v 1.89 		1.435 		57.3836
v 1.751 		1.2692 		57.3767
v 1.618 		1.06 		57.3702
v 1.4966 		0.8167 		57.3642
v 2.178 		1.6258 		57.3977
v 0.825 		0.8167 		57.3313
v -3.254 		0.8167 		57.131
v 1.484 		0.8167 		57.3636
v -3.254 		1.65 		57.131
v -52.6687 		1.6258 		7.7108
v -52.7321 		1.6258 		7.7185
v -52.7319 		1.6261 		7.72
v -52.69 		1.5542 		7.5673
v -52.7532 		1.5551 		7.5768
v -52.7534 		1.5542 		7.575
v -52.7023 		1.4842 		7.4842
v -52.711 		1.435 		7.4257
v -52.7744 		1.435 		7.4334
v -52.7658 		1.4842 		7.4918
v -52.7313 		1.2692 		7.2886
v -52.7948 		1.2692 		7.2963
v -52.7944 		1.2722 		7.2988
v -52.7229 		1.3377 		7.345
v -52.7864 		1.3376 		7.3526
v -52.7428 		1.1464 		7.2114
v -52.8062 		1.1463 		7.219
v -52.7509 		1.06 		7.1566
v -52.8143 		1.06 		7.1643
v -52.7687 		0.8167 		7.0366
v -52.8322 		0.8167 		7.0443
v -52.5355 		0.9556 		8.608
v -52.5432 		1.06 		8.5561
v -52.6067 		1.06 		8.5638
v -52.599 		0.9558 		8.6156
v -52.5888 		0.8167 		8.6843
v -52.5253 		0.8167 		8.6766
v -52.5627 		1.2692 		8.4245
v -52.6262 		1.2692 		8.4322
v -52.6259 		1.2658 		8.4343
v -52.6382 		1.3666 		8.3514
v -52.5747 		1.3664 		8.3438
v -52.5831 		1.435 		8.2874
v -52.6466 		1.435 		8.2951
v -52.5953 		1.5049 		8.2049
v -52.604 		1.5542 		8.1464
v -52.6675 		1.5542 		8.1541
v -52.6588 		1.505 		8.2125
v -52.6254 		1.6258 		8.0019
v -52.6889 		1.6258 		8.0096
v -52.647 		1.65 		7.8563
v -52.7105 		1.65 		7.864
v -43.719 		1.0752 		32.265
v -43.724 		1.06 		32.2567
v -43.7617 		1.06 		32.2828
v -43.7519 		1.0859 		32.296
v -43.7865 		0.8167 		32.1524
v -43.8279 		0.8167 		32.181
v -43.789 		0.9683 		32.246
v -42.9982 		1.2692 		33.3123
v -42.9925 		1.254 		33.32
v -43.0802 		1.4341 		33.2017
v -43.0436 		1.435 		33.1755
v -43.0807 		1.435 		33.2011
v -43.0463 		1.366 		33.2475
v -43.0091 		1.3659 		33.2219
v -43.1307 		1.5046 		33.1337
v -43.0936 		1.5045 		33.1081
v -43.1291 		1.5542 		33.0602
v -43.1662 		1.5542 		33.0858
v -43.2165 		1.596 		33.018
v -43.1794 		1.596 		32.9924
v -43.2155 		1.6258 		32.9438
v -43.2525 		1.6258 		32.9693
v -43.255 		1.6265 		32.966
v 68.408 		0.8167 		68.583
v 3.1534 		0.8167 		95.658
v 3.032 		1.06 		95.658
v 2.899 		1.2692 		95.658
v 54.771 		-3.35 		-75.991
v 46.825 		-3.35 		-80.753
v -43.3033 		1.65 		32.8254
v -43.3403 		1.65 		32.851
v -43.3402 		1.65 		32.8511
v -43.3914 		1.6359 		32.7821
v -43.3543 		1.6359 		32.7566
v -43.3909 		1.6258 		32.7073
v -43.4279 		1.6258 		32.7329
v -43.4416 		1.584 		32.6389
v -43.4775 		1.5542 		32.5905
v -43.4833 		1.5802 		32.6582
v -43.4787 		1.584 		32.6644
v -43.5146 		1.5542 		32.6161
v -43.5629 		1.435 		32.4755
v -43.5999 		1.435 		32.501
v -43.6455 		1.2692 		32.364
v -43.6825 		1.2692 		32.3896
v -42.975 		1.2078 		33.3436
v -42.9611 		1.2692 		33.2866
v -42.8878 		0.9548 		33.4612
v -42.8465 		0.8167 		33.5168
v -42.8094 		0.8167 		33.4912
v -42.8506 		0.9547 		33.4356
v -42.8819 		1.06 		33.3934
v -42.919 		1.06 		33.4191
v -41.4736 		0.8167 		35.368
v -42.8107 		0.8167 		33.565
v -42.8321 		0.8167 		33.5362
v -42.846 		0.8167 		33.5175
v -46.2948 		0.8167 		28.0655
v -44.3728 		0.8167 		31.272
v -44.0081 		0.8167 		31.8804
v -44.279 		0.8167 		31.4285
v -43.8451 		0.8167 		32.1525
v -46.513 		0.8167 		27.604
v -46.327 		0.8167 		28.0118
v -48.836 		0.8167 		22.691
v -46.581 		0.8167 		27.588
v -50.667 		0.8167 		17.574
v -50.5207 		0.8167 		18.1581
v -48.903 		0.8167 		22.678
v -50.733 		0.8167 		17.565
v -51.987 		0.8167 		12.303
v -51.8936 		0.8167 		12.9323
v -52.785 		0.8167 		6.927
v -52.58 		0.8167 		8.744
v -52.5887 		0.8167 		8.6851
v -52.5888 		0.8167 		8.6849
v -52.053 		0.8167 		12.296
v -53.051 		0.8167 		2.8254
v -52.8612 		0.8167 		6.696
v -52.8612 		0.8167 		6.6964
v -52.85 		0.8167 		6.9236
v -52.8372 		0.8167 		7.0101
v -52.85 		0.8167 		6.924
v -43.719 		-3.35 		32.265
v -46.513 		-3.35 		27.604
v -48.836 		-3.35 		22.691
v -50.667 		-3.35 		17.574
v -51.987 		-3.35 		12.303
v -52.785 		-3.35 		6.927
v -52.85 		1.65 		6.924
v -52.053 		1.65 		12.296
v -53.4111 		0.8167 		6.8749
v -53.621 		0.8167 		2.6
v -50.733 		1.65 		17.565
v 38.45 		-3.35 		-84.714
v -53.2961 		1.593 		7.72
v -53.3076 		1.5542 		7.6423
v 29.728 		-3.35 		-87.835
v -53.3201 		1.4834 		7.5582
v -53.3286 		1.435 		7.5007
v 11.578 		-3.35 		-91.445
v -53.3486 		1.2722 		7.3661
v 20.742 		-3.35 		-90.086
v -53.349 		1.2692 		7.3636
v -53.3407 		1.3366 		7.4191
v -53.3605 		1.145 		7.2855
v -53.3685 		1.06 		7.2316
v -53.3863 		0.8167 		7.1115
v -53.1534 		0.9573 		8.6822
v -53.1609 		1.06 		8.631
v -53.1442 		0.8319 		8.744
v -53.1802 		1.2658 		8.5016
v -53.1805 		1.2692 		8.4995
v -53.1926 		1.3676 		8.4178
v -53.2008 		1.435 		8.3623
v -53.2132 		1.5057 		8.2789
v -53.2217 		1.5542 		8.2213
v -53.2431 		1.6258 		8.0769
v -53.2647 		1.65 		7.9313
v -53.2863 		1.6258 		7.7858
v -53.1431 		0.8167 		8.7515
v -53.4042 		0.8167 		6.9908
v -53.406 		0.8167 		6.979
v -53.3914 		0.8167 		7.0774
v -52.8404 		0.8167 		10.792
v -53.1341 		0.8167 		8.8117
v -53.1396 		0.8167 		8.7747
v -53.1429 		0.8167 		8.7524
v -53.143 		0.8167 		8.7522
v -52.6162 		0.8167 		12.3032
v -53.406 		1.65 		6.979
v -48.903 		1.65 		22.678
v -52.601 		0.8167 		12.406
v -52.601 		1.65 		12.406
v -46.581 		1.65 		27.588
v -49.4559 		0.8167 		22.7917
v -51.268 		0.8167 		17.727
v -51.268 		1.65 		17.727
v -43.789 		1.65 		32.246
v -91.131 		0.8167 		2.5
v -87.107 		0.8167 		-24.629
v -89.335 		0.8167 		-15.732
v -90.681 		0.8167 		-6.66
v -47.119 		0.8167 		27.7559
v -49.42 		0.8167 		22.892
v -49.42 		1.65 		22.892
v -43.8002 		0.8167 		-30.168
v -42.975 		0.8167 		-31.2808
v -43.6875 		1.6054 		33.32
v -43.7122 		1.6258 		33.2867
v -43.7999 		1.65 		33.1684
v -43.8 		1.65 		33.1683
v -43.8515 		1.6357 		33.0987
v -43.8875 		1.6258 		33.0502
v -43.9388 		1.5836 		32.981
v -43.9742 		1.5542 		32.9334
v -44.0595 		1.435 		32.8183
v -44.1421 		1.2692 		32.7069
v -44.2213 		1.06 		32.6001
v -44.254 		0.9501 		32.556
v -41.5192 		0.8167 		-33.244
v -40.986 		0.8167 		-33.963
v -40.986 		1.65 		-33.963
v -43.3062 		0.8167 		33.8342
v -43.3479 		0.9564 		33.7779
v -43.3787 		1.06 		33.7364
v -43.4579 		1.2692 		33.6296
v -43.5399 		1.4341 		33.519
v -43.5403 		1.435 		33.5184
v -43.5064 		1.367 		33.5641
v -43.5908 		1.5053 		33.4503
v -43.6258 		1.5542 		33.4031
v -43.6766 		1.5964 		33.3346
v 94.768 		1.06 		11.766
v -37.302 		0.8167 		-38.027
v -37.302 		1.65 		-38.027
v -49.109 		1.435 		-18.9291
v -49.1636 		1.435 		-18.9498
v -49.18 		1.4757 		-18.904
v -49.0811 		1.3365 		-19.007
v -49.0621 		1.2692 		-19.0601
v -49.1167 		1.2692 		-19.0808
v -49.1357 		1.3364 		-19.0278
v -49.0174 		1.06 		-19.185
v -49.0911 		1.149 		-19.1526
v -49.072 		1.06 		-19.2057
v -48.9764 		0.8167 		-19.2996
v 94.752 		1.2692 		11.898
v -49.031 		0.8167 		-19.3203
v 94.735 		1.435 		12.036
v -49.522 		1.1843 		-17.9486
v -49.5465 		1.0697 		-17.88
v -49.4673 		1.1842 		-17.9278
v -49.4491 		1.2692 		-17.9785
v -49.5038 		1.2692 		-17.9993
v -49.4023 		1.435 		-18.1094
v -49.457 		1.435 		-18.1301
v 94.718 		1.5542 		12.178
v -49.4094 		1.5532 		-18.263
v -49.3544 		1.5542 		-18.2433
v -49.4091 		1.5542 		-18.264
v -49.4285 		1.5058 		-18.2096
v -49.3739 		1.5058 		-18.1888
v 94.7 		1.6258 		12.322
v 94.683 		1.65 		12.468
v 94.665 		1.6258 		12.614
v -40.8205 		0.8167 		81.6026
v -40.183 		1.4309 		83.1163
v -40.183 		1.6258 		82.4871
v -43.2704 		0.8167 		33.8824
v -42.975 		0.8167 		34.2808
v -43.2918 		0.8167 		33.8536
v -43.3057 		0.8167 		33.8349
v -42.1688 		0.8167 		35.368
v -44.254 		1.65 		32.556
v -44.279 		0.8528 		32.5143
v -44.2883 		0.8167 		32.4988
v -46.327 		0.8167 		29.0973
v -41.0068 		1.06 		85.263
v -44.7782 		0.8167 		31.6813
v -41.0068 		1.0599 		85.263
v -44.4684 		0.8167 		32.1982
v -40.8969 		0.8167 		85.315
v -44.3523 		0.8167 		32.392
v -44.3054 		0.8167 		32.4703
v -41.1274 		1.2692 		85.206
v -47.074 		0.8167 		27.851
v -41.207 		1.3747 		85.1683
v 94.647 		1.5542 		12.759
v -41.2525 		1.435 		85.1468
v -41.2525 		1.435 		85.1468
v -41.2507 		1.4325 		85.1477
v -41.382 		1.5542 		85.0856
v -47.074 		1.65 		27.851
v -41.382 		1.5542 		85.0856
v -32.805 		0.8167 		44.306
v -32.6178 		0.8167 		44.4757
v -41.5139 		1.6258 		85.0232
v -36.832 		0.8167 		40.656
v -32.883 		0.8167 		44.279
v -41.6465 		1.65 		84.9605
v -40.481 		0.8167 		36.63
v -36.907 		0.8167 		40.632
v -40.554 		0.8167 		36.608
v -41.6014 		1.6417 		84.9818
v -32.805 		-3.35 		44.306
v -36.832 		-3.35 		40.656
v -40.481 		-3.35 		36.63
v -41.7769 		1.6258 		84.8929
v -41.7747 		1.6263 		84.8942
v -40.554 		1.65 		36.608
v -41.6619 		1.6472 		84.9532
v -36.907 		1.65 		40.632
v -41.049 		0.8167 		36.8781
v -32.883 		1.65 		44.279
v -41.7769 		1.6258 		84.8929
v -37.3719 		0.8167 		40.9499
v -40.986 		0.8167 		36.963
v -40.986 		1.65 		36.963
v -41.9022 		1.5542 		84.8178
v -41.9022 		1.5542 		84.8178
v -41.8994 		1.5558 		84.8195
v -41.789 		1.6189 		84.8857
v -41.8417 		1.5888 		84.8541
v -42.0244 		1.435 		84.7445
v -42.0244 		1.435 		84.7445
v -42.1439 		1.2692 		84.6729
v -42.1439 		1.2692 		84.6729
v 94.63 		1.435 		12.9
v -42.231 		1.1101 		84.6207
v 94.613 		1.2692 		13.038
v -41.7747 		1.5393 		84.8942
v 94.597 		1.06 		13.17
v -41.7756 		0.9167 		84.8936
v -41.7559 		0.8167 		84.9041
v -41.7758 		0.8167 		84.8936
v -41.6619 		0.8167 		84.9532
v -42.2584 		1.06 		84.6042
v -42.2566 		1.0634 		84.6054
v -42.3629 		0.8167 		84.5417
v -49.596 		0.8167 		80.206
v -42.975 		0.8167 		84.1747
v -40.1716 		0.8167 		85.658
v -33.439 		0.8167 		88.842
v 46.237 		1.06 		83.509
v -49.3797 		1.5968 		-18.3461
v -49.3251 		1.5967 		-18.3252
v 46.119 		1.2692 		83.571
v -49.3052 		1.6258 		-18.3808
v -49.3599 		1.6258 		-18.4015
v -49.3305 		1.6402 		-18.4836
v -49.2759 		1.6402 		-18.4627
v -49.2556 		1.65 		-18.5193
v -49.3103 		1.65 		-18.54
v -49.2063 		1.6258 		-18.6573
v -49.2609 		1.6258 		-18.678
v -49.2117 		1.5544 		-18.8154
v -49.1569 		1.5542 		-18.7951
v -49.2116 		1.5542 		-18.8159
v 45.996 		1.435 		83.635
v -49.2315 		1.5832 		-18.76
v -49.1769 		1.5833 		-18.7392
v -49.1831 		1.4833 		-18.8954
v -49.1285 		1.4834 		-18.8746
v 45.87 		1.5542 		83.702
v -49.4939 		1.06 		-17.8534
v -49.5486 		1.06 		-17.8742
v -49.5489 		1.0584 		-17.8735
v -49.5112 		0.9574 		-17.8051
v -49.5659 		0.9576 		-17.826
v -49.5896 		0.8167 		-17.7598
v -49.5348 		0.8167 		-17.739
v -53.051 		0.8167 		1.5
v -53.051 		0.8167 		0.1746
v -52.785 		0.8167 		-3.928
v -52.8818 		0.8167 		-3.276
v -51.987 		0.8167 		-9.304
v -52.146 		0.8167 		-8.669
v -52.85 		0.8167 		-3.924
v -50.667 		0.8167 		-14.575
v -50.8787 		0.8167 		-13.9833
v -52.053 		0.8167 		-9.296
v -48.836 		0.8167 		-19.692
v -50.423 		0.8167 		-15.4311
v -49.6102 		0.8167 		-17.7022
v -49.5975 		0.8167 		-17.7376
v -49.5898 		0.8167 		-17.759
v -49.5896 		0.8167 		-17.7596
v -50.733 		0.8167 		-14.565
v -46.513 		0.8167 		-24.605
v -46.7971 		0.8167 		-24.1311
v -48.7848 		0.8167 		-19.928
v -48.9145 		0.8167 		-19.6458
v -48.903 		0.8167 		-19.678
v -48.989 		0.8167 		-19.4378
v -49.02 		0.8167 		-19.351
v -46.327 		0.8167 		-25.0118
v -43.719 		0.8167 		-29.266
v -46.581 		0.8167 		-24.588
v -43.789 		0.8167 		-29.246
v -53.0884 		0.8167 		0.937
v -53.116 		0.8167 		1.5
v -53.051 		-3.35 		1.5
v -52.785 		-3.35 		-3.928
v -51.987 		-3.35 		-9.304
v -50.667 		-3.35 		-14.575
v -48.836 		-3.35 		-19.692
v -46.513 		-3.35 		-24.605
v -43.719 		-3.35 		-29.266
v -43.789 		1.65 		-29.246
v -46.581 		1.65 		-24.588
v -44.1921 		0.8167 		-29.6395
v -48.903 		1.65 		-19.678
v -47.0182 		0.8167 		-24.9441
v -44.254 		0.8167 		-29.556
v -44.254 		1.65 		-29.556
v -50.733 		1.65 		-14.565
v -49.3742 		0.8167 		-19.9887
v -47.074 		0.8167 		-24.851
v -42.399 		0.8167 		84.52
v -47.074 		1.65 		-24.851
v -40.183 		0.8167 		85.6526
v -40.8427 		0.8167 		85.3406
v -40.876 		0.8167 		85.3249
v -52.053 		1.65 		-9.296
v -40.896 		0.8167 		85.3154
v -41.6624 		0.8167 		84.9529
v -41.7747 		0.8167 		84.8942
v -41.73 		0.8167 		84.921
v -49.7343 		1.5544 		-19.0136
v -49.7341 		1.5542 		-19.014
v -49.7538 		1.5828 		-18.9591
v -42.3917 		0.8167 		84.5244
v -49.7735 		1.6114 		-18.904
v -49.7054 		1.4826 		-19.0944
v -49.6862 		1.435 		-19.148
v -49.658 		1.3354 		-19.2268
v -49.6393 		1.2692 		-19.279
v -49.5946 		1.06 		-19.4039
v -49.5536 		0.8167 		-19.5185
v -50.0713 		1.0584 		-18.0716
v -50.0711 		1.06 		-18.0723
v -50.0881 		0.9591 		-18.0248
v -50.112 		0.8167 		-17.9579
v -50.0442 		1.1856 		-18.1475
v -50.0263 		1.2692 		-18.1974
v -49.9795 		1.435 		-18.3283
v -49.9319 		1.5532 		-18.4611
v -49.9316 		1.5542 		-18.4622
v -49.9507 		1.5066 		-18.4086
v -49.9019 		1.5972 		-18.5451
v -49.8824 		1.6258 		-18.5997
v -49.8527 		1.6403 		-18.6826
v -49.8328 		1.65 		-18.7382
v -49.7835 		1.6258 		-18.8762
v 68.361 		-3.35 		-63.6256
v 68.408 		-3.35 		-63.583
v 68.9944 		-3.35 		-62.936
v 69.076 		-3.35 		-64.251
v 61.613 		-3.35 		-69.742
v 74.567 		-3.35 		-56.788
v 80.031 		-3.35 		-49.421
v 84.746 		-3.35 		-41.555
v 88.667 		-3.35 		-33.264
v 91.757 		-3.35 		-24.629
v 93.985 		-3.35 		-15.732
v 95.331 		-3.35 		-6.66
v 95.781 		-3.35 		2.5
v 95.7761 		-3.35 		2.6
v 58.125 		-3.35 		1.5
v 95.331 		-3.35 		11.66
v 93.985 		-3.35 		20.732
v 91.757 		-3.35 		29.629
v 88.667 		-3.35 		38.264
v 84.746 		-3.35 		46.555
v 80.031 		-3.35 		54.421
v 2.825 		-3.35 		-90.9314
v 11.485 		-3.35 		-90.506
v 20.557 		-3.35 		-89.16
v 29.454 		-3.35 		-86.932
v 38.089 		-3.35 		-83.842
v 46.38 		-3.35 		-79.921
v 54.246 		-3.35 		-75.206
v -29.943 		-3.35 		-85.093
v -24.804 		-3.35 		-86.932
v -15.907 		-3.35 		-89.16
v -6.835 		-3.35 		-90.506
v 2.325 		-3.35 		-90.956
v -49.596 		-3.35 		-75.206
v -41.73 		-3.35 		-79.921
v -33.439 		-3.35 		-83.842
v 2.225 		-3.35 		-54.4
v 45.004 		-3.35 		-33.608
v 48.2502 		-3.35 		-30.168
v 45.499 		-3.35 		-33.8781
v 41.357 		-3.35 		-37.632
v 45.436 		-3.35 		-33.963
v 41.8219 		-3.35 		-37.9499
v 37.333 		-3.35 		-41.279
v 37.688 		-3.35 		-41.711
v 35.593 		-3.35 		-43.2645
v 41.752 		-3.35 		-38.027
v 32.971 		-3.35 		-44.514
v 33.3645 		-3.35 		-44.9171
v 28.313 		-3.35 		-47.306
v 33.281 		-3.35 		-44.979
v 28.6691 		-3.35 		-47.7432
v 23.403 		-3.35 		-49.628
v 28.576 		-3.35 		-47.799
v 23.7137 		-3.35 		-50.0992
v 18.29 		-3.35 		-51.458
v 23.617 		-3.35 		-50.145
v 18.5511 		-3.35 		-51.9575
v 13.021 		-3.35 		-52.778
v 18.452 		-3.35 		-51.993
v 13.2295 		-3.35 		-53.3013
v 7.649 		-3.35 		-53.575
v 7.704 		-3.35 		-54.131
v 2.825 		-3.35 		-54.3705
v 13.131 		-3.35 		-53.326
v 57.566 		-3.35 		1.5
v 58.071 		-3.35 		2.6
v 58.12 		-3.35 		1.6027
v 57.3 		-3.35 		-3.924
v 57.8611 		-3.35 		-3.8749
v 56.503 		-3.35 		-9.296
v 57.856 		-3.35 		-3.979
v 57.0662 		-3.35 		-9.3032
v 55.183 		-3.35 		-14.565
v 57.051 		-3.35 		-9.406
v 53.353 		-3.35 		-19.678
v 55.718 		-3.35 		-14.727
v 53.9059 		-3.35 		-19.7917
v 45.741 		1.6258 		83.769
v 45.61 		1.65 		83.838
v 45.48 		1.6258 		83.906
v 45.351 		1.5542 		83.974
v 45.225 		1.435 		84.04
v 45.102 		1.2692 		84.104
v 53.87 		-3.35 		-19.892
v 51.569 		-3.35 		-24.756
v 48.704 		-3.35 		-29.556
v 51.524 		-3.35 		-24.851
v 44.984 		1.06 		84.166
v -28.6515 		-3.35 		-44.4172
v -28.521 		-3.35 		-44.514
v -23.9243 		-3.35 		-47.2692
v -23.863 		-3.35 		-47.306
v -18.953 		-3.35 		-49.628
v -3.3619 		-3.35 		-54.115
v -8.5782 		-3.35 		-53.3412
v -8.681 		-3.35 		-53.326
v -14.002 		-3.35 		-51.993
v -19.0667 		-3.35 		-50.1809
v -19.167 		-3.35 		-50.145
v -24.0309 		-3.35 		-47.844
v -28.831 		-3.35 		-44.979
v -29.943 		-3.35 		-44.1544
v -24.126 		-3.35 		-47.799
v -49.4372 		0.8167 		-19.844
v -49.42 		0.8167 		-19.892
v -49.5116 		0.8167 		-19.636
v -3.254 		-3.35 		-54.131
v -49.5427 		0.8167 		-19.5492
v -50.1199 		0.8167 		-17.9358
v -40.7888 		-3.35 		-33.2914
v -50.1399 		0.8167 		-17.88
v -50.1123 		0.8167 		-17.9571
v -40.554 		-3.35 		-33.608
v -37.1252 		-3.35 		-37.3913
v -36.907 		-3.35 		-37.632
v -33.0642 		-3.35 		-41.1148
v -50.1121 		0.8167 		-17.9577
v -32.883 		-3.35 		-41.279
v -33.1531 		-3.35 		-41.774
v -33.238 		-3.35 		-41.711
v -37.2249 		-3.35 		-38.0969
v -40.986 		-3.35 		-33.963
v -43.8002 		-3.35 		-30.168
v -37.302 		-3.35 		-38.027
v -53.051 		-3.35 		0.1746
v -52.8818 		-3.35 		-3.276
v -51.2325 		0.8167 		-14.8261
v -52.85 		-3.35 		-3.924
v -52.146 		-3.35 		-8.669
v -49.42 		1.65 		-19.892
v -52.053 		-3.35 		-9.296
v -50.8787 		-3.35 		-13.9833
v -50.733 		-3.35 		-14.565
v -48.903 		-3.35 		-19.678
v -46.7971 		-3.35 		-24.1311
v -46.581 		-3.35 		-24.588
v -43.789 		-3.35 		-29.246
v -53.116 		-3.35 		1.5
v -44.1921 		-3.35 		-29.6395
v -44.254 		-3.35 		-29.556
v -47.0182 		-3.35 		-24.9441
v -47.074 		-3.35 		-24.851
v -49.3742 		-3.35 		-19.9887
v -49.42 		-3.35 		-19.892
v -51.2325 		-3.35 		-14.8261
v -51.268 		-3.35 		-14.727
v -52.5763 		-3.35 		-9.5045
v -52.601 		-3.35 		-9.406
v -53.39 		-3.35 		-4.0869
v -53.621 		-3.35 		2.6
v -53.406 		-3.35 		-3.979
v 48.239 		-3.35 		32.246
v 46.6188 		-3.35 		35.368
v 48.6421 		-3.35 		32.6395
v 51.031 		-3.35 		27.588
v 48.704 		-3.35 		32.556
v 51.4682 		-3.35 		27.9441
v 53.353 		-3.35 		22.678
v 51.524 		-3.35 		27.851
v 53.8242 		-3.35 		22.9887
v -52.85 		1.65 		-3.924
v 55.183 		-3.35 		17.565
v 53.87 		-3.35 		22.892
v 55.6825 		-3.35 		17.8261
v 56.503 		-3.35 		12.296
v 55.718 		-3.35 		17.727
v 57.0263 		-3.35 		12.5045
v 57.3 		-3.35 		6.924
v 57.856 		-3.35 		6.979
v 57.051 		-3.35 		12.406
v 37.6031 		-3.35 		44.774
v 37.688 		-3.35 		44.711
v 41.6749 		-3.35 		41.0969
v 45.436 		-3.35 		36.963
v 41.752 		-3.35 		41.027
v 2.825 		-3.35 		57.3705
v 7.5999 		-3.35 		57.1361
v 7.704 		-3.35 		57.131
v 13.0282 		-3.35 		56.3412
v 13.131 		-3.35 		56.326
v 18.452 		-3.35 		54.993
v 23.5167 		-3.35 		53.1809
v 23.617 		-3.35 		53.145
v 28.481 		-3.35 		50.844
v 33.281 		-3.35 		47.979
v 28.576 		-3.35 		50.799
v -18.953 		-3.35 		52.628
v -23.71 		-3.35 		50.3783
v -23.863 		-3.35 		50.306
v -28.3025 		-3.35 		47.645
v -28.521 		-3.35 		47.514
v -29.943 		-3.35 		46.4594
v -28.9145 		-3.35 		47.9171
v -28.831 		-3.35 		47.979
v -24.2191 		-3.35 		50.7432
v -24.126 		-3.35 		50.799
v -19.2637 		-3.35 		53.0992
v -19.167 		-3.35 		53.145
v -14.1011 		-3.35 		54.9575
v -14.002 		-3.35 		54.993
v -8.7795 		-3.35 		56.3013
v -8.681 		-3.35 		56.326
v -3.3619 		-3.35 		57.115
v -3.254 		-3.35 		57.131
v -43.4833 		-3.35 		32.6582
v -41.4736 		-3.35 		35.368
v -43.789 		-3.35 		32.246
v -46.581 		-3.35 		27.588
v -50.5207 		-3.35 		18.1581
v -48.903 		-3.35 		22.678
v -51.8936 		-3.35 		12.9323
v -50.733 		-3.35 		17.565
v -52.053 		-3.35 		12.296
v -52.7532 		-3.35 		7.5768
v -52.85 		-3.35 		6.924
v -53.051 		-3.35 		2.8254
v -53.4111 		-3.35 		6.8749
v -53.406 		-3.35 		6.979
v -52.6162 		-3.35 		12.3032
v -52.601 		-3.35 		12.406
v -51.268 		-3.35 		17.727
v -49.4559 		-3.35 		22.7917
v -49.42 		-3.35 		22.892
v -47.119 		-3.35 		27.7559
v -44.254 		-3.35 		32.556
v -42.1688 		-3.35 		35.368
v -47.074 		-3.35 		27.851
v -32.6178 		-3.35 		44.4757
v -32.883 		-3.35 		44.279
v -36.907 		-3.35 		40.632
v -40.554 		-3.35 		36.608
v -41.049 		-3.35 		36.8781
v -40.986 		-3.35 		36.963
v -37.3719 		-3.35 		40.9499
v -33.238 		-3.35 		44.711
v -37.302 		-3.35 		41.027
v -51.5042 		0.8167 		-13.784
v -51.268 		0.8167 		-14.727
v -52.5763 		0.8167 		-9.5045
v -51.268 		1.65 		-14.727
v 68.408 		1.65 		-63.583
v 69.076 		1.65 		-64.251
v 68.408 		0.8167 		-63.583
v -33.238 		0.8167 		44.711
v -33.238 		1.65 		44.711
v -37.302 		0.8167 		41.027
v -37.302 		1.65 		41.027
v -53.116 		1.65 		1.5
v 45.004 		1.65 		-33.608
v 41.357 		1.65 		-37.632
v 45.436 		1.65 		-33.963
v 37.333 		1.65 		-41.279
v 41.752 		1.65 		-38.027
v 39.0538 		1.65 		-40.4729
v 37.688 		1.65 		-41.711
v 32.971 		1.65 		-44.514
v 28.313 		1.65 		-47.306
v 33.281 		1.65 		-44.979
v 23.403 		1.65 		-49.628
v 28.576 		1.65 		-47.799
v 18.29 		1.65 		-51.458
v 23.617 		1.65 		-50.145
v 13.021 		1.65 		-52.778
v 18.452 		1.65 		-51.993
v 15.5108 		1.65 		-52.7298
v 7.649 		1.65 		-53.575
v 13.131 		1.65 		-53.326
v 7.704 		1.65 		-54.131
v 57.566 		1.65 		1.5
v 57.3 		1.65 		-3.924
v 58.125 		1.65 		1.5
v 56.503 		1.65 		-9.296
v 57.856 		1.65 		-3.979
v 55.183 		1.65 		-14.565
v 57.051 		1.65 		-9.406
v 53.353 		1.65 		-19.678
v -52.601 		1.65 		-9.406
v -53.406 		1.65 		-3.979
v -53.675 		1.65 		1.5
v 48.239 		1.65 		32.246
v 48.3025 		1.65 		33.0974
v 51.031 		1.65 		27.588
v 48.704 		1.65 		32.556
v 53.353 		1.65 		22.678
v 51.524 		1.65 		27.851
v 55.183 		1.65 		17.565
v 53.87 		1.65 		22.892
v 56.503 		1.65 		12.296
v 55.718 		1.65 		17.727
v 57.3 		1.65 		6.924
v -53.39 		0.8167 		-4.0869
v -52.601 		0.8167 		-9.406
v -53.406 		0.8167 		-3.979
v 48.6421 		1.2743 		32.6395
v 48.562 		1.435 		32.7475
v 48.4774 		1.5532 		32.8615
v 48.4767 		1.5542 		32.8625
v 48.4257 		1.5962 		32.9313
v 48.3901 		1.6258 		32.9793
v 48.3388 		1.64 		33.0485
v 48.2147 		1.6258 		33.2158
v 48.2151 		1.626 		33.2152
v 48.1642 		1.5838 		33.2839
v 48.1375 		1.5617 		33.32
v 48.1284 		1.5542 		33.3322
v 48.0435 		1.4359 		33.4467
v 48.0429 		1.435 		33.4475
v 48.0782 		1.4843 		33.4
v 47.9946 		1.3378 		33.5126
v 47.9604 		1.2692 		33.5587
v 47.8812 		1.06 		33.6655
v 47.881 		1.0593 		33.6658
v 47.837 		0.912 		33.7251
v 47.8087 		0.8167 		33.7633
v 47.6003 		0.8167 		34.0444
v 47.7349 		0.8167 		33.8629
v 47.7891 		0.8167 		33.7898
v 48.7212 		1.06 		32.5274
v 48.7837 		0.8167 		32.4231
v 48.704 		1.1125 		32.556
v 49.4736 		0.8167 		31.272
v 51.4682 		0.8167 		27.9441
v 48.8146 		0.8167 		32.3715
v 48.7961 		0.8167 		32.4023
v 48.7841 		0.8167 		32.4223
v 48.6447 		1.2692 		32.636
v 45.499 		0.8167 		-33.8781
v 41.8219 		0.8167 		-37.9499
v 45.436 		0.8167 		-33.963
v 50.7752 		1.5542 		35.1595
v -56.963 		0.8167 		74.742
v 51.977 		0.8167 		26.8934
v 53.8242 		0.8167 		22.9887
v 51.8433 		0.8167 		27.176
v 51.524 		0.8167 		27.851
v 55.6825 		0.8167 		17.8261
v 53.87 		0.8167 		22.892
v 55.718 		0.8167 		17.727
v 57.8699 		0.8167 		6.696
v -18.7852 		1.2692 		-83.416
v 39.689 		0.8167 		-42.4398
v 36.6833 		0.8167 		-42.456
v 35.593 		0.8167 		-43.2645
v 37.688 		0.8167 		-41.711
v 38.4397 		0.8167 		-41.0296
v 38.4921 		0.9576 		-40.9821
v 38.53 		1.06 		-40.9477
v 38.6273 		1.2669 		-40.8595
v 38.6284 		1.2692 		-40.8586
v 38.5883 		1.1843 		-40.8949
v 38.6895 		1.3677 		-40.8032
v 38.731 		1.435 		-40.7655
v 38.837 		1.5542 		-40.6694
v 38.9447 		1.6258 		-40.5718
v 39.1254 		1.6341 		-40.408
v 39.1625 		1.6258 		-40.3744
v 39.2706 		1.5542 		-40.2764
v 39.3336 		1.4834 		-40.2193
v 39.3764 		1.435 		-40.1805
v 39.4779 		1.2714 		-40.0884
v 39.4793 		1.2692 		-40.0872
v 39.5376 		1.1449 		-40.0343
v 39.5777 		1.06 		-39.998
v 39.6335 		0.91 		-39.9474
v 39.668 		0.8167 		-39.9161
v 39.76 		0.8167 		-39.8327
v 39.6925 		0.8167 		-39.8939
v 39.689 		0.8167 		-39.8971
v 38.3943 		0.8167 		-41.0708
v 38.4235 		0.8167 		-41.0443
v 38.439 		0.8167 		-41.0302
v 41.752 		0.8167 		-38.027
v 33.3645 		0.8167 		-44.9171
v 28.6691 		0.8167 		-47.7432
v 33.281 		0.8167 		-44.979
v 23.7137 		0.8167 		-50.0992
v 28.576 		0.8167 		-47.799
v 18.5511 		0.8167 		-51.9575
v 23.617 		0.8167 		-50.145
v 15.113 		1.4559 		-52.8295
v 15.2267 		1.5542 		-52.801
v 15.3686 		1.6258 		-52.7655
v 15.4533 		1.6403 		-52.7442
v 15.5961 		1.6356 		-52.7084
v 15.6458 		1.6271 		-52.696
v 15.6524 		1.626 		-52.6944
v 15.6532 		1.6258 		-52.6941
v 15.7374 		1.583 		-52.673
v 15.7945 		1.5542 		-52.6587
v 15.8775 		1.483 		-52.638
v 15.933 		1.435 		-52.6241
v 16.0673 		1.2699 		-52.5904
v 16.0679 		1.2692 		-52.5903
v 16.0136 		1.3359 		-52.6039
v 16.1448 		1.1442 		-52.571
v 16.1947 		1.0633 		-52.5585
v 16.1967 		1.06 		-52.558
v 16.2696 		0.9092 		-52.5397
v 16.3146 		0.8167 		-52.5285
v 14.825 		1.06 		-52.9016
v 14.7066 		0.8167 		-52.9313
v 14.9539 		1.2692 		-52.8693
v 15.0345 		1.3682 		-52.8492
v 15.0888 		1.435 		-52.8355
v 17.2544 		0.8167 		-52.293
v 18.452 		0.8167 		-51.993
v 16.6483 		0.8167 		-52.4449
v 16.4358 		0.8167 		-52.4981
v 16.3467 		0.8167 		-52.5204
v 13.2295 		0.8167 		-53.3013
v 14.648 		0.8167 		-52.946
v 14.6846 		0.8167 		-52.9368
v 14.7057 		0.8167 		-52.9315
v 7.704 		0.8167 		-54.131
v 13.131 		0.8167 		-53.326
v 58.12 		0.8167 		1.6027
v 57.8611 		0.8167 		-3.8749
v 57.0662 		0.8167 		-9.3032
v 57.856 		0.8167 		-3.979
v 57.051 		0.8167 		-9.406
# 2070 vertices

g group_0_15708628

usemtl color_15708628
s 0

f 7 	3 	1
f 2 	1 	3
f 1870 	1871 	94
f 1 	1774 	6
f 6 	7 	1
f 6 	5 	7
f 12 	7 	5
f 1772 	1773 	11
f 5 	1772 	11
f 6 	1774 	5
f 9 	10 	1791
f 10 	15 	11
f 5 	11 	12
f 9 	17 	10
f 12 	11 	15
f 8 	16 	9
f 15 	10 	17
f 17 	9 	16
f 1793 	1794 	8
f 1792 	1793 	9
f 1791 	1792 	9
f 22 	23 	1797
f 1797 	1798 	22
f 22 	29 	23
f 27 	16 	23
f 8 	23 	16
f 27 	23 	29
f 21 	32 	22
f 20 	31 	21
f 29 	22 	32
f 31 	32 	21
f 24 	31 	20
f 101 	94 	1871
f 96 	1886 	120
f 38 	1885 	37
f 1114 	1115 	37
f 40 	25 	26
f 40 	45 	25
f 43 	45 	40
f 28 	25 	45
f 28 	45 	30
f 30 	45 	33
f 47 	40 	46
f 48 	40 	47
f 48 	43 	40
f 102 	242 	49
f 55 	50 	242
f 46 	40 	53
f 53 	40 	52
f 49 	242 	50
f 51 	50 	55
f 51 	55 	57
f 52 	40 	56
f 54 	242 	58
f 58 	242 	59
f 60 	56 	40
f 59 	242 	61
f 61 	242 	62
f 64 	40 	63
f 65 	40 	64
f 40 	68 	69
f 67 	242 	66
f 65 	60 	40
f 62 	242 	67
f 63 	40 	69
f 70 	66 	242
f 106 	71 	72
f 73 	74 	103
f 75 	103 	74
f 72 	68 	106
f 75 	70 	103
f 77 	106 	76
f 71 	106 	77
f 73 	103 	79
f 78 	79 	103
f 76 	106 	81
f 80 	81 	106
f 82 	83 	103
f 85 	106 	84
f 106 	34 	84
f 83 	78 	103
f 80 	106 	85
f 82 	103 	87
f 103 	105 	86
f 90 	41 	93
f 88 	84 	34
f 34 	35 	14
f 18 	14 	35
f 1798 	1799 	22
f 21 	22 	1799
f 94 	95 	1869
f 1868 	1869 	95
f 1800 	1867 	24
f 4 	1800 	24
f 1801 	4 	21
f 1799 	1801 	21
f 54 	55 	242
f 95 	104 	24
f 36 	18 	35
f 94 	104 	95
f 13 	88 	34
f 14 	13 	34
f 19 	18 	36
f 31 	24 	104
f 101 	107 	94
f 104 	94 	107
f 100 	110 	101
f 34 	106 	39
f 107 	101 	109
f 99 	110 	100
f 106 	108 	39
f 109 	101 	110
f 117 	113 	98
f 110 	99 	113
f 99 	98 	113
f 116 	117 	97
f 114 	111 	112
f 114 	112 	115
f 98 	97 	117
f 96 	116 	97
f 127 	119 	118
f 120 	123 	96
f 121 	114 	115
f 121 	115 	122
f 116 	96 	123
f 120 	38 	123
f 38 	37 	89
f 89 	123 	38
f 125 	124 	127
f 204 	127 	124
f 119 	672 	118
f 127 	118 	125
f 121 	122 	1930
f 128 	132 	126
f 105 	103 	129
f 130 	126 	132
f 90 	91 	105
f 131 	90 	105
f 133 	130 	132
f 87 	103 	86
f 41 	90 	131
f 132 	136 	133
f 42 	92 	41
f 91 	86 	105
f 136 	138 	133
f 134 	133 	138
f 93 	41 	92
f 44 	92 	42
f 138 	143 	134
f 135 	134 	143
f 139 	140 	141
f 139 	141 	142
f 137 	135 	144
f 143 	144 	135
f 148 	145 	144
f 137 	144 	145
f 148 	150 	145
f 146 	145 	150
f 150 	151 	146
f 147 	146 	151
f 151 	152 	147
f 149 	147 	152
f 170 	171 	153
f 153 	154 	1132
f 158 	160 	157
f 157 	155 	158
f 152 	158 	155
f 155 	149 	152
f 159 	156 	160
f 156 	157 	160
f 160 	162 	159
f 161 	159 	164
f 162 	164 	159
f 165 	163 	166
f 161 	164 	163
f 166 	163 	164
f 168 	169 	167
f 167 	165 	168
f 166 	168 	165
f 169 	171 	167
f 154 	153 	171
f 170 	167 	171
f 86 	506 	87
f 190 	186 	176
f 188 	189 	178
f 186 	187 	175
f 174 	175 	187
f 179 	188 	178
f 190 	176 	177
f 175 	176 	186
f 174 	187 	318
f 177 	178 	189
f 191 	179 	184
f 177 	189 	190
f 188 	179 	191
f 322 	318 	187
f 194 	195 	196
f 196 	197 	194
f 1986 	1987 	405
f 400 	405 	1987
f 1983 	1982 	400
f 1985 	378 	1984
f 198 	199 	192
f 1169 	1170 	202
f 304 	306 	194
f 209 	302 	194
f 200 	199 	198
f 202 	124 	1169
f 125 	681 	124
f 1169 	124 	1278
f 118 	672 	125
f 303 	304 	194
f 201 	303 	194
f 197 	203 	194
f 203 	207 	194
f 200 	204 	202
f 200 	202 	199
f 204 	124 	202
f 208 	205 	206
f 208 	206 	210
f 225 	216 	215
f 225 	213 	216
f 217 	216 	211
f 218 	217 	211
f 219 	218 	211
f 219 	211 	212
f 211 	216 	213
f 214 	213 	225
f 221 	208 	210
f 221 	210 	222
f 224 	223 	225
f 229 	225 	223
f 225 	215 	224
f 226 	221 	222
f 226 	222 	227
f 229 	228 	234
f 229 	223 	228
f 230 	226 	227
f 230 	227 	231
f 220 	232 	527
f 232 	102 	527
f 234 	233 	235
f 324 	235 	233
f 235 	229 	234
f 236 	230 	231
f 236 	231 	237
f 173 	327 	172
f 172 	242 	220
f 220 	242 	232
f 238 	327 	173
f 242 	172 	327
f 242 	102 	232
f 139 	142 	1899
f 256 	257 	1738
f 181 	266 	1991
f 183 	185 	182
f 1891 	182 	264
f 181 	265 	266
f 290 	182 	289
f 183 	182 	291
f 268 	265 	180
f 270 	271 	265
f 272 	265 	271
f 273 	277 	268
f 275 	277 	274
f 274 	277 	273
f 265 	268 	277
f 276 	277 	275
f 278 	281 	265
f 277 	278 	265
f 280 	282 	265
f 282 	283 	265
f 279 	280 	265
f 281 	279 	265
f 270 	265 	269
f 283 	269 	265
f 272 	284 	265
f 286 	233 	595
f 234 	595 	233
f 284 	285 	1891
f 934 	240 	239
f 934 	239 	241
f 285 	287 	1891
f 243 	240 	934
f 289 	1891 	288
f 287 	288 	1891
f 293 	183 	291
f 291 	182 	290
f 294 	183 	293
f 292 	267 	294
f 267 	183 	294
f 292 	294 	295
f 295 	294 	296
f 296 	294 	297
f 180 	265 	181
f 1891 	289 	182
f 1171 	266 	265
f 774 	325 	179
f 1653 	299 	298
f 302 	201 	194
f 209 	194 	207
f 193 	194 	306
f 306 	307 	193
f 308 	193 	307
f 305 	193 	308
f 244 	934 	245
f 243 	934 	244
f 246 	245 	934
f 246 	324 	247
f 248 	247 	324
f 249 	324 	250
f 251 	324 	249
f 251 	248 	324
f 253 	252 	324
f 250 	324 	252
f 263 	260 	257
f 254 	324 	255
f 253 	324 	254
f 315 	313 	312
f 317 	323 	316
f 748 	749 	901
f 318 	322 	317
f 310 	314 	319
f 310 	319 	320
f 319 	314 	321
f 316 	321 	314
f 323 	317 	322
f 316 	323 	321
f 311 	310 	320
f 61 	419 	59
f 256 	255 	263
f 324 	263 	255
f 262 	258 	261
f 257 	256 	263
f 259 	258 	262
f 260 	261 	257
f 258 	257 	261
f 263 	324 	286
f 324 	233 	286
f 237 	112 	236
f 111 	236 	112
f 184 	179 	325
f 1988 	1986 	405
f 35 	34 	309
f 108 	1988 	309
f 195 	1989 	196
f 309 	36 	35
f 172 	220 	527
f 129 	2070 	586
f 313 	326 	556
f 238 	555 	326
f 34 	39 	309
f 315 	327 	326
f 315 	326 	313
f 327 	238 	326
f 717 	328 	329
f 330 	331 	328
f 331 	332 	328
f 329 	328 	332
f 333 	334 	330
f 334 	335 	330
f 331 	330 	335
f 1118 	365 	337
f 340 	330 	328
f 340 	328 	338
f 343 	345 	339
f 341 	333 	330
f 341 	330 	340
f 342 	344 	347
f 345 	348 	339
f 347 	344 	346
f 349 	339 	348
f 346 	344 	350
f 346 	350 	351
f 353 	339 	352
f 349 	352 	339
f 356 	339 	355
f 353 	355 	339
f 354 	357 	350
f 351 	350 	357
f 359 	358 	505
f 356 	360 	1118
f 354 	361 	333
f 334 	333 	361
f 1118 	360 	362
f 363 	1118 	362
f 357 	354 	333
f 357 	333 	341
f 1118 	363 	364
f 1118 	364 	365
f 370 	337 	365
f 366 	337 	370
f 367 	337 	366
f 371 	337 	367
f 369 	336 	372
f 372 	337 	371
f 374 	369 	372
f 375 	373 	374
f 368 	369 	374
f 373 	368 	374
f 375 	374 	376
f 376 	374 	377
f 336 	337 	372
f 378 	379 	381
f 393 	396 	383
f 858 	384 	380
f 380 	382 	858
f 385 	393 	383
f 858 	860 	384
f 388 	393 	385
f 389 	393 	388
f 392 	393 	389
f 379 	383 	396
f 381 	379 	396
f 396 	343 	381
f 339 	381 	343
f 399 	300 	398
f 301 	398 	300
f 1091 	403 	402
f 400 	378 	381
f 400 	381 	401
f 419 	510 	387
f 387 	511 	301
f 405 	400 	401
f 405 	401 	406
f 407 	408 	415
f 403 	408 	402
f 407 	402 	408
f 410 	405 	406
f 410 	406 	411
f 550 	412 	413
f 414 	407 	415
f 411 	193 	410
f 511 	398 	301
f 411 	416 	193
f 194 	193 	416
f 422 	417 	418
f 415 	418 	414
f 417 	414 	418
f 195 	194 	416
f 803 	420 	421
f 420 	422 	423
f 420 	423 	421
f 422 	418 	423
f 424 	265 	427
f 429 	433 	426
f 426 	424 	429
f 427 	429 	424
f 430 	428 	433
f 428 	426 	433
f 431 	432 	1990
f 434 	436 	443
f 440 	443 	436
f 436 	430 	440
f 433 	440 	430
f 443 	444 	434
f 819 	442 	438
f 819 	840 	442
f 444 	457 	441
f 441 	434 	444
f 453 	451 	448
f 445 	458 	448
f 449 	451 	454
f 459 	449 	461
f 454 	461 	449
f 453 	454 	451
f 453 	448 	458
f 446 	457 	445
f 458 	445 	457
f 446 	441 	457
f 461 	464 	460
f 460 	459 	461
f 464 	465 	462
f 462 	460 	464
f 462 	465 	126
f 128 	126 	465
f 512 	513 	447
f 466 	512 	447
f 860 	844 	384
f 467 	468 	549
f 1990 	471 	472
f 476 	1915 	475
f 436 	1915 	476
f 483 	1146 	481
f 888 	1539 	886
f 472 	431 	1990
f 358 	550 	496
f 499 	498 	550
f 497 	550 	498
f 499 	550 	413
f 500 	549 	501
f 500 	502 	549
f 502 	467 	549
f 505 	496 	495
f 382 	380 	505
f 495 	497 	505
f 380 	384 	505
f 785 	786 	318
f 391 	390 	505
f 382 	505 	390
f 394 	505 	395
f 397 	505 	394
f 497 	409 	505
f 498 	409 	497
f 397 	391 	505
f 395 	505 	404
f 404 	505 	409
f 499 	412 	498
f 413 	412 	499
f 409 	498 	412
f 432 	598 	435
f 431 	598 	432
f 472 	598 	431
f 438 	598 	439
f 442 	598 	438
f 442 	435 	598
f 452 	450 	598
f 439 	598 	450
f 455 	452 	598
f 456 	455 	598
f 511 	387 	510
f 505 	463 	456
f 437 	447 	513
f 384 	386 	505
f 514 	515 	470
f 466 	470 	515
f 386 	463 	505
f 516 	514 	506
f 470 	506 	514
f 598 	468 	501
f 500 	501 	468
f 506 	525 	516
f 468 	598 	469
f 502 	500 	468
f 502 	468 	467
f 469 	598 	471
f 471 	598 	472
f 515 	512 	466
f 425 	437 	513
f 425 	513 	519
f 503 	598 	501
f 521 	184 	520
f 520 	184 	518
f 598 	503 	504
f 419 	425 	519
f 419 	519 	510
f 667 	668 	524
f 358 	496 	505
f 188 	191 	521
f 184 	325 	518
f 509 	518 	325
f 335 	334 	361
f 335 	361 	522
f 569 	667 	524
f 523 	187 	186
f 186 	190 	523
f 190 	189 	523
f 521 	523 	189
f 188 	521 	189
f 521 	191 	184
f 509 	325 	508
f 525 	526 	517
f 517 	516 	525
f 399 	527 	300
f 529 	528 	311
f 530 	529 	311
f 311 	531 	530
f 531 	311 	532
f 320 	532 	311
f 532 	319 	523
f 319 	532 	320
f 321 	523 	319
f 321 	323 	523
f 323 	322 	523
f 187 	523 	322
f 905 	508 	325
f 539 	550 	538
f 541 	550 	540
f 126 	509 	508
f 541 	542 	550
f 543 	550 	542
f 518 	509 	126
f 544 	550 	543
f 545 	549 	546
f 533 	549 	545
f 586 	526 	525
f 520 	126 	521
f 130 	528 	126
f 520 	518 	126
f 530 	126 	529
f 531 	126 	530
f 130 	507 	528
f 523 	126 	532
f 532 	126 	531
f 533 	534 	549
f 547 	546 	549
f 521 	126 	523
f 548 	547 	549
f 529 	126 	528
f 7 	128 	3
f 540 	550 	536
f 398 	511 	562
f 398 	562 	399
f 561 	399 	562
f 510 	519 	562
f 511 	510 	562
f 519 	513 	562
f 512 	515 	562
f 513 	512 	562
f 563 	562 	515
f 515 	514 	563
f 514 	516 	563
f 516 	517 	563
f 563 	517 	526
f 567 	526 	566
f 565 	566 	526
f 567 	568 	526
f 568 	563 	526
f 559 	560 	527
f 559 	527 	561
f 561 	527 	399
f 553 	172 	560
f 526 	586 	565
f 564 	565 	586
f 552 	564 	586
f 555 	172 	554
f 554 	553 	570
f 561 	570 	559
f 572 	663 	571
f 587 	663 	572
f 570 	551 	806
f 561 	562 	570
f 563 	568 	570
f 551 	570 	552
f 566 	565 	570
f 564 	570 	565
f 552 	570 	564
f 566 	570 	567
f 562 	563 	570
f 568 	567 	570
f 570 	553 	560
f 560 	559 	570
f 594 	663 	592
f 555 	554 	570
f 555 	570 	575
f 809 	810 	578
f 556 	555 	575
f 556 	575 	576
f 577 	809 	578
f 557 	556 	576
f 557 	576 	579
f 584 	580 	581
f 578 	581 	577
f 580 	577 	581
f 558 	557 	579
f 582 	584 	585
f 582 	585 	583
f 584 	581 	585
f 588 	663 	587
f 589 	663 	588
f 590 	663 	589
f 591 	663 	590
f 592 	663 	591
f 574 	663 	593
f 536 	550 	539
f 593 	663 	594
f 550 	359 	538
f 471 	1990 	469
f 438 	439 	819
f 569 	571 	667
f 574 	595 	655
f 497 	495 	550
f 595 	234 	655
f 504 	503 	549
f 598 	597 	596
f 598 	596 	602
f 503 	501 	549
f 504 	597 	598
f 335 	522 	331
f 522 	599 	331
f 332 	331 	599
f 602 	601 	600
f 596 	601 	602
f 332 	599 	329
f 605 	604 	603
f 607 	606 	604
f 607 	604 	605
f 600 	606 	607
f 600 	607 	602
f 609 	608 	610
f 612 	611 	359
f 612 	359 	505
f 816 	537 	608
f 608 	611 	612
f 608 	612 	610
f 614 	615 	613
f 615 	617 	613
f 616 	613 	617
f 617 	618 	616
f 613 	620 	614
f 619 	614 	620
f 622 	619 	621
f 620 	621 	619
f 624 	625 	623
f 627 	626 	625
f 623 	625 	626
f 621 	626 	622
f 627 	622 	626
f 623 	629 	624
f 628 	624 	629
f 630 	631 	632
f 631 	630 	629
f 628 	629 	630
f 631 	634 	632
f 633 	632 	634
f 633 	634 	635
f 633 	635 	636
f 637 	638 	639
f 637 	639 	640
f 86 	525 	506
f 635 	638 	636
f 637 	636 	638
f 643 	642 	641
f 648 	698 	626
f 659 	653 	626
f 696 	693 	626
f 698 	696 	626
f 660 	659 	616
f 613 	616 	620
f 653 	648 	626
f 616 	659 	620
f 626 	621 	659
f 620 	659 	621
f 644 	642 	643
f 644 	643 	645
f 646 	647 	648
f 649 	644 	645
f 649 	645 	650
f 651 	1129 	652
f 654 	646 	653
f 648 	653 	646
f 655 	649 	650
f 655 	650 	656
f 657 	658 	666
f 661 	662 	660
f 659 	660 	662
f 652 	658 	651
f 657 	651 	658
f 663 	655 	656
f 663 	656 	664
f 653 	659 	654
f 662 	654 	659
f 665 	657 	666
f 660 	616 	618
f 660 	618 	661
f 664 	667 	663
f 664 	669 	667
f 668 	667 	669
f 670 	671 	678
f 666 	671 	665
f 670 	665 	671
f 690 	689 	631
f 674 	679 	638
f 631 	629 	690
f 693 	690 	629
f 672 	668 	669
f 672 	669 	673
f 675 	676 	674
f 677 	670 	678
f 680 	679 	676
f 674 	676 	679
f 681 	672 	673
f 683 	679 	682
f 680 	682 	679
f 684 	686 	687
f 684 	687 	685
f 674 	689 	675
f 688 	675 	689
f 678 	687 	677
f 686 	677 	687
f 688 	689 	690
f 688 	690 	691
f 692 	693 	694
f 692 	691 	693
f 690 	693 	691
f 693 	696 	694
f 695 	694 	696
f 697 	698 	699
f 698 	697 	696
f 695 	696 	697
f 648 	647 	698
f 699 	698 	647
f 634 	631 	689
f 679 	683 	638
f 722 	639 	683
f 639 	638 	683
f 689 	674 	634
f 638 	635 	674
f 635 	634 	674
f 701 	702 	703
f 700 	701 	703
f 704 	705 	701
f 705 	706 	701
f 702 	701 	706
f 709 	639 	708
f 70 	447 	437
f 710 	639 	709
f 640 	639 	710
f 707 	708 	639
f 704 	683 	712
f 711 	712 	683
f 713 	711 	683
f 714 	713 	683
f 715 	714 	683
f 715 	683 	682
f 712 	716 	704
f 705 	704 	716
f 718 	707 	717
f 328 	717 	707
f 707 	718 	719
f 708 	707 	719
f 720 	701 	1603
f 721 	704 	701
f 721 	701 	720
f 722 	707 	639
f 623 	626 	693
f 629 	623 	693
f 704 	721 	683
f 722 	683 	721
f 722 	338 	328
f 707 	722 	328
f 717 	329 	599
f 599 	723 	717
f 717 	723 	718
f 615 	723 	617
f 614 	723 	615
f 614 	619 	723
f 617 	723 	618
f 619 	622 	723
f 622 	627 	723
f 627 	625 	723
f 625 	624 	723
f 624 	628 	723
f 723 	719 	718
f 628 	630 	723
f 630 	632 	723
f 632 	633 	723
f 633 	636 	723
f 636 	637 	723
f 719 	723 	708
f 708 	723 	709
f 637 	710 	723
f 709 	723 	710
f 710 	637 	640
f 474 	475 	1915
f 647 	646 	762
f 762 	646 	654
f 662 	762 	654
f 494 	2033 	436
f 724 	732 	725
f 728 	733 	727
f 730 	486 	485
f 724 	726 	731
f 724 	731 	732
f 727 	734 	726
f 59 	419 	387
f 734 	727 	733
f 419 	62 	425
f 736 	743 	729
f 729 	743 	735
f 733 	728 	735
f 729 	735 	728
f 731 	726 	734
f 466 	78 	470
f 744 	747 	741
f 738 	745 	746
f 738 	746 	737
f 740 	741 	747
f 742 	744 	741
f 747 	750 	740
f 739 	740 	750
f 749 	751 	901
f 739 	750 	745
f 739 	745 	738
f 551 	586 	753
f 737 	746 	743
f 737 	743 	736
f 552 	586 	551
f 762 	662 	661
f 661 	618 	723
f 711 	680 	712
f 713 	680 	711
f 714 	680 	713
f 715 	680 	714
f 680 	676 	712
f 676 	675 	712
f 675 	688 	712
f 762 	712 	688
f 682 	680 	715
f 688 	691 	762
f 691 	692 	762
f 692 	694 	762
f 695 	762 	694
f 695 	697 	762
f 699 	762 	697
f 699 	647 	762
f 716 	712 	762
f 799 	823 	763
f 603 	823 	605
f 716 	762 	705
f 762 	764 	705
f 706 	705 	764
f 772 	178 	771
f 775 	776 	325
f 44 	42 	586
f 42 	41 	586
f 553 	554 	172
f 535 	911 	601
f 317 	316 	781
f 317 	781 	782
f 789 	175 	788
f 788 	175 	790
f 789 	791 	175
f 556 	326 	555
f 314 	310 	796
f 314 	796 	777
f 416 	797 	195
f 748 	195 	797
f 797 	749 	748
f 797 	800 	749
f 751 	749 	800
f 752 	751 	800
f 752 	800 	801
f 807 	803 	804
f 421 	804 	803
f 805 	802 	325
f 805 	325 	776
f 753 	752 	801
f 753 	801 	806
f 807 	804 	808
f 551 	753 	806
f 809 	811 	812
f 809 	812 	810
f 808 	812 	807
f 811 	807 	812
f 601 	596 	535
f 600 	601 	911
f 447 	73 	466
f 93 	92 	586
f 537 	446 	445
f 537 	445 	538
f 446 	537 	816
f 539 	538 	445
f 539 	445 	448
f 525 	86 	91
f 534 	533 	449
f 448 	536 	539
f 448 	540 	536
f 868 	540 	867
f 448 	865 	540
f 818 	540 	868
f 541 	540 	818
f 542 	541 	818
f 543 	542 	818
f 543 	818 	544
f 301 	58 	387
f 799 	798 	823
f 824 	825 	668
f 765 	823 	766
f 802 	805 	823
f 767 	823 	768
f 769 	823 	767
f 769 	766 	823
f 770 	823 	771
f 768 	823 	770
f 771 	823 	772
f 798 	802 	823
f 773 	823 	774
f 772 	823 	773
f 775 	823 	805
f 776 	775 	805
f 774 	823 	775
f 777 	1430 	778
f 779 	1430 	780
f 778 	1430 	779
f 782 	1430 	783
f 781 	1430 	782
f 780 	1430 	781
f 783 	1430 	784
f 785 	784 	1430
f 787 	786 	1430
f 786 	785 	1430
f 823 	789 	788
f 823 	788 	790
f 823 	790 	787
f 789 	823 	791
f 765 	791 	823
f 792 	794 	1430
f 792 	1430 	793
f 813 	1430 	794
f 814 	813 	794
f 815 	814 	794
f 815 	794 	821
f 821 	794 	795
f 793 	1430 	796
f 796 	1430 	777
f 1608 	1609 	924
f 822 	1430 	813
f 603 	763 	823
f 702 	764 	703
f 706 	764 	702
f 1604 	700 	764
f 703 	764 	700
f 1146 	484 	482
f 1362 	1378 	827
f 755 	827 	1377
f 1889 	1887 	1395
f 829 	507 	130
f 830 	829 	130
f 12 	132 	7
f 7 	132 	128
f 1208 	1077 	832
f 1203 	882 	1208
f 1195 	1196 	1157
f 425 	66 	437
f 79 	466 	73
f 908 	909 	833
f 44 	586 	92
f 835 	837 	838
f 835 	838 	834
f 836 	837 	835
f 834 	838 	908
f 834 	908 	833
f 75 	74 	447
f 75 	447 	70
f 840 	819 	449
f 820 	841 	449
f 819 	820 	449
f 449 	841 	842
f 449 	842 	843
f 449 	843 	451
f 83 	470 	78
f 451 	844 	448
f 850 	826 	851
f 845 	846 	1362
f 845 	1362 	827
f 525 	90 	586
f 847 	1362 	846
f 527 	57 	300
f 848 	756 	826
f 757 	826 	756
f 848 	826 	849
f 849 	826 	850
f 59 	387 	58
f 448 	858 	859
f 859 	862 	448
f 466 	79 	78
f 858 	448 	860
f 844 	860 	448
f 862 	863 	448
f 448 	863 	866
f 866 	864 	448
f 864 	865 	448
f 867 	540 	865
f 545 	870 	533
f 546 	870 	545
f 547 	870 	546
f 548 	870 	547
f 870 	871 	533
f 871 	872 	533
f 449 	533 	872
f 872 	873 	449
f 873 	875 	449
f 875 	876 	449
f 876 	839 	449
f 54 	300 	55
f 58 	301 	54
f 300 	54 	301
f 839 	840 	449
f 880 	878 	453
f 535 	534 	449
f 535 	449 	459
f 453 	878 	877
f 453 	877 	454
f 446 	816 	817
f 879 	457 	444
f 458 	880 	453
f 879 	880 	458
f 879 	458 	457
f 1207 	1211 	887
f 1209 	1210 	887
f 263 	286 	595
f 824 	119 	881
f 127 	881 	119
f 824 	881 	825
f 884 	1157 	883
f 885 	1280 	884
f 887 	1279 	885
f 889 	524 	890
f 425 	67 	66
f 67 	425 	62
f 70 	437 	66
f 240 	1728 	239
f 1728 	1559 	899
f 240 	243 	1729
f 93 	586 	90
f 244 	245 	1729
f 73 	447 	74
f 246 	1729 	245
f 470 	82 	506
f 91 	90 	525
f 906 	856 	903
f 903 	856 	857
f 861 	909 	857
f 2066 	195 	901
f 907 	855 	906
f 856 	906 	855
f 182 	185 	264
f 256 	1738 	255
f 874 	909 	869
f 861 	869 	909
f 900 	909 	874
f 41 	131 	586
f 900 	833 	909
f 903 	857 	909
f 902 	910 	907
f 904 	606 	912
f 912 	600 	911
f 524 	668 	913
f 459 	911 	535
f 912 	911 	459
f 912 	459 	460
f 461 	454 	877
f 905 	904 	462
f 912 	460 	904
f 462 	904 	460
f 920 	461 	917
f 877 	917 	461
f 462 	126 	905
f 508 	905 	126
f 918 	919 	524
f 890 	524 	919
f 920 	464 	461
f 915 	916 	524
f 3 	128 	921
f 465 	921 	128
f 914 	524 	913
f 916 	918 	524
f 920 	921 	465
f 920 	465 	464
f 914 	915 	524
f 173 	555 	238
f 172 	555 	173
f 527 	560 	172
f 312 	313 	556
f 1391 	826 	757
f 105 	129 	586
f 2067 	901 	751
f 759 	1390 	758
f 855 	907 	910
f 131 	105 	586
f 751 	752 	2069
f 910 	902 	922
f 482 	481 	1146
f 1202 	1204 	883
f 1205 	884 	1204
f 1512 	1508 	853
f 742 	1474 	937
f 936 	937 	1474
f 263 	595 	260
f 260 	595 	261
f 881 	913 	825
f 854 	1511 	853
f 881 	894 	913
f 913 	891 	914
f 888 	886 	914
f 886 	889 	914
f 915 	914 	889
f 916 	915 	889
f 918 	916 	889
f 918 	889 	919
f 919 	889 	890
f 852 	853 	1508
f 928 	927 	725
f 888 	914 	891
f 891 	913 	892
f 929 	928 	725
f 930 	929 	725
f 732 	932 	725
f 893 	913 	894
f 895 	913 	893
f 892 	913 	895
f 930 	725 	931
f 931 	725 	932
f 896 	894 	881
f 732 	731 	932
f 933 	932 	731
f 731 	734 	933
f 898 	881 	934
f 897 	881 	898
f 896 	881 	897
f 734 	733 	933
f 735 	933 	733
f 898 	934 	899
f 743 	933 	735
f 1728 	935 	241
f 239 	1728 	241
f 1728 	899 	935
f 244 	1729 	243
f 935 	934 	241
f 899 	934 	935
f 937 	938 	742
f 939 	742 	938
f 942 	943 	941
f 940 	941 	943
f 743 	746 	933
f 933 	746 	945
f 946 	940 	944
f 943 	944 	940
f 746 	745 	945
f 745 	750 	945
f 750 	747 	945
f 939 	945 	744
f 948 	942 	947
f 941 	947 	942
f 949 	950 	951
f 747 	744 	945
f 950 	949 	953
f 952 	953 	949
f 947 	953 	948
f 952 	948 	953
f 939 	744 	742
f 755 	754 	149
f 950 	955 	951
f 954 	951 	955
f 149 	155 	755
f 827 	755 	155
f 954 	955 	956
f 954 	956 	957
f 845 	827 	155
f 845 	155 	846
f 846 	155 	958
f 846 	958 	847
f 960 	957 	959
f 956 	959 	957
f 757 	756 	156
f 961 	962 	963
f 961 	960 	962
f 959 	962 	960
f 155 	965 	966
f 155 	966 	958
f 962 	968 	963
f 967 	963 	968
f 969 	970 	156
f 967 	968 	971
f 967 	971 	972
f 156 	970 	974
f 156 	974 	157
f 157 	977 	155
f 155 	977 	979
f 979 	981 	155
f 978 	975 	976
f 978 	976 	980
f 972 	971 	982
f 971 	975 	982
f 978 	982 	975
f 1202 	883 	882
f 968 	956 	971
f 959 	956 	968
f 962 	959 	968
f 975 	971 	956
f 956 	955 	975
f 976 	975 	955
f 955 	950 	976
f 976 	950 	953
f 976 	953 	947
f 976 	947 	941
f 976 	941 	940
f 946 	1018 	940
f 999 	995 	1018
f 976 	1018 	983
f 984 	985 	983
f 985 	980 	983
f 976 	983 	980
f 984 	983 	987
f 983 	988 	987
f 986 	987 	988
f 988 	989 	990
f 988 	990 	986
f 991 	992 	993
f 991 	993 	994
f 994 	990 	989
f 994 	989 	991
f 995 	996 	997
f 992 	995 	997
f 992 	997 	993
f 998 	996 	995
f 998 	995 	999
f 992 	991 	1018
f 999 	1000 	1001
f 999 	1001 	998
f 995 	992 	1018
f 991 	989 	1018
f 988 	983 	1018
f 988 	1018 	989
f 1008 	1007 	1002
f 946 	1003 	1002
f 1003 	946 	1004
f 1004 	946 	1005
f 1005 	946 	1006
f 1006 	946 	944
f 946 	1002 	1007
f 1009 	1010 	1011
f 1013 	1000 	1012
f 1014 	1000 	1013
f 1009 	1012 	1000
f 1015 	1000 	1014
f 1001 	1000 	1015
f 1012 	1009 	1011
f 1010 	1009 	1017
f 1016 	1017 	1009
f 976 	940 	1018
f 1007 	1019 	946
f 1018 	946 	1019
f 1009 	1000 	1020
f 1018 	1020 	1000
f 1000 	999 	1018
f 1500 	1009 	1020
f 1017 	1016 	1021
f 1010 	1021 	1011
f 1017 	1021 	1010
f 1011 	1021 	1012
f 986 	1021 	987
f 990 	994 	1021
f 990 	1021 	986
f 1012 	1021 	993
f 997 	996 	1012
f 993 	997 	1012
f 994 	993 	1021
f 1014 	1013 	998
f 996 	998 	1013
f 1013 	1012 	996
f 1001 	1015 	998
f 1015 	1014 	998
f 1022 	987 	1021
f 1003 	943 	1002
f 923 	1027 	1613
f 1004 	943 	1003
f 1005 	943 	1004
f 981 	1024 	155
f 1024 	1025 	155
f 477 	2038 	478
f 1006 	943 	1005
f 943 	942 	1002
f 942 	948 	1002
f 1040 	1002 	948
f 948 	952 	1040
f 1026 	155 	1025
f 964 	155 	1026
f 965 	155 	964
f 944 	943 	1006
f 836 	1613 	1027
f 952 	949 	1040
f 1028 	836 	1027
f 848 	1031 	756
f 1030 	836 	1029
f 1029 	836 	1028
f 949 	951 	1040
f 951 	954 	1040
f 954 	957 	1040
f 849 	1031 	848
f 850 	1031 	849
f 1031 	1033 	756
f 1033 	1034 	756
f 1035 	156 	1034
f 756 	1034 	156
f 851 	1031 	850
f 1040 	957 	960
f 1030 	1032 	838
f 1030 	838 	837
f 1035 	1036 	156
f 1036 	1038 	156
f 1040 	960 	961
f 1040 	961 	963
f 1030 	837 	836
f 1038 	973 	156
f 973 	969 	156
f 902 	907 	1037
f 972 	1022 	967
f 963 	967 	1022
f 906 	903 	1037
f 1032 	1037 	903
f 1022 	978 	980
f 31 	104 	152
f 903 	909 	1032
f 909 	908 	1032
f 758 	757 	156
f 758 	156 	159
f 978 	1022 	982
f 972 	982 	1022
f 158 	104 	160
f 906 	1037 	907
f 158 	152 	104
f 838 	1032 	908
f 759 	758 	159
f 759 	159 	161
f 1022 	980 	985
f 1022 	985 	984
f 104 	107 	160
f 1022 	984 	987
f 760 	759 	161
f 760 	161 	163
f 1008 	1002 	1040
f 162 	160 	109
f 107 	109 	160
f 760 	163 	761
f 1043 	1039 	922
f 1045 	1043 	922
f 1048 	1045 	922
f 1048 	922 	1049
f 902 	1037 	922
f 1049 	922 	1037
f 761 	163 	165
f 936 	761 	165
f 938 	937 	165
f 937 	936 	165
f 165 	939 	938
f 1052 	830 	133
f 130 	133 	830
f 1053 	1052 	133
f 1053 	133 	134
f 945 	939 	165
f 12 	136 	132
f 164 	110 	166
f 1057 	1461 	1058
f 164 	162 	110
f 109 	110 	162
f 925 	924 	135
f 1053 	134 	924
f 135 	924 	134
f 853 	852 	167
f 136 	12 	138
f 926 	925 	135
f 926 	135 	137
f 1055 	1141 	1054
f 12 	15 	138
f 1056 	1047 	1055
f 137 	923 	926
f 1057 	1050 	1056
f 1041 	1055 	1042
f 1044 	1143 	1055
f 885 	1205 	1206
f 923 	137 	1027
f 1046 	1055 	1047
f 1042 	1055 	1046
f 1058 	1050 	1057
f 1206 	887 	885
f 1047 	1056 	1050
f 1051 	1050 	1058
f 1054 	1060 	1059
f 1030 	1029 	137
f 1027 	137 	1028
f 1060 	1023 	1059
f 1008 	1040 	1007
f 1061 	1007 	1040
f 1028 	137 	1029
f 1062 	1019 	1007
f 1062 	1007 	1061
f 1065 	1063 	1152
f 929 	165 	928
f 1462 	1069 	1067
f 1067 	1068 	1462
f 1462 	1066 	1069
f 945 	165 	933
f 932 	165 	931
f 927 	165 	852
f 928 	165 	927
f 883 	1204 	884
f 1205 	885 	884
f 167 	852 	165
f 882 	1075 	1077
f 1076 	1077 	1075
f 883 	1157 	882
f 1075 	882 	1074
f 1280 	885 	1279
f 1079 	1463 	1078
f 933 	165 	932
f 930 	165 	929
f 931 	165 	930
f 117 	166 	113
f 110 	113 	166
f 854 	853 	167
f 854 	167 	170
f 123 	169 	116
f 168 	117 	116
f 168 	116 	169
f 117 	168 	166
f 170 	1085 	854
f 1086 	1085 	170
f 1086 	170 	153
f 89 	154 	123
f 123 	171 	169
f 1090 	1825 	1089
f 1088 	1089 	1824
f 1090 	1089 	1091
f 1089 	1088 	1091
f 793 	796 	310
f 1105 	1103 	1104
f 1092 	1094 	1093
f 685 	1093 	1094
f 1091 	1094 	1090
f 1092 	1090 	1094
f 1829 	1830 	1100
f 1828 	1829 	1101
f 1100 	1101 	1829
f 1827 	1828 	1101
f 1101 	1102 	1827
f 1826 	1827 	1102
f 1103 	1826 	1102
f 1101 	652 	1102
f 1100 	652 	1101
f 666 	658 	1099
f 652 	1100 	658
f 1100 	1099 	658
f 1098 	671 	1099
f 678 	671 	1097
f 666 	1099 	671
f 1098 	1097 	671
f 1096 	678 	1097
f 685 	687 	1095
f 678 	1096 	687
f 1096 	1095 	687
f 1093 	685 	1095
f 1099 	1100 	1830
f 120 	1886 	38
f 1103 	1105 	1854
f 1106 	1853 	1105
f 1107 	1851 	1106
f 1830 	1831 	1099
f 1104 	1103 	1102
f 1106 	1109 	1107
f 1105 	1111 	1106
f 1108 	1107 	1109
f 1111 	1109 	1106
f 1104 	1110 	1105
f 1111 	1105 	1110
f 1110 	1104 	1102
f 1110 	1102 	652
f 1113 	1847 	1112
f 1114 	1845 	1113
f 37 	1843 	1114
f 1113 	1117 	1114
f 89 	37 	1115
f 1115 	1114 	1117
f 1112 	1116 	1113
f 1117 	1113 	1116
f 1108 	1116 	1107
f 1112 	1107 	1116
f 791 	176 	175
f 1121 	1119 	1118
f 402 	356 	1119
f 1118 	1120 	1121
f 1120 	673 	1121
f 651 	657 	645
f 645 	643 	651
f 657 	665 	650
f 650 	645 	657
f 656 	650 	670
f 665 	670 	650
f 670 	677 	664
f 664 	656 	670
f 677 	686 	669
f 669 	664 	677
f 684 	1121 	673
f 686 	684 	673
f 673 	669 	686
f 1136 	1124 	1122
f 1123 	1122 	1126
f 1124 	1126 	1122
f 1125 	1123 	1128
f 1126 	1128 	1123
f 651 	643 	1129
f 1128 	1129 	1125
f 1127 	1129 	643
f 1125 	1129 	1127
f 1049 	137 	1048
f 1132 	1135 	1130
f 1132 	1130 	153
f 1134 	1131 	1135
f 1131 	1130 	1135
f 1122 	1133 	1136
f 1133 	1134 	1136
f 1135 	1136 	1134
f 1139 	1152 	1138
f 1140 	1152 	1139
f 1056 	1055 	1461
f 1057 	1056 	1461
f 1065 	1152 	1140
f 1137 	1138 	1152
f 1064 	1063 	1149
f 1137 	1149 	1063
f 145 	1039 	137
f 1030 	137 	1032
f 1198 	832 	1076
f 1032 	137 	1037
f 1048 	137 	1045
f 1045 	137 	1043
f 1043 	137 	1039
f 1037 	137 	1049
f 144 	16 	148
f 1198 	1076 	1075
f 143 	17 	16
f 143 	16 	144
f 143 	138 	17
f 15 	17 	138
f 1077 	1208 	882
f 1138 	1137 	1063
f 1139 	1138 	1063
f 1139 	1063 	1140
f 1140 	1063 	1065
f 1064 	1149 	1066
f 1067 	1149 	1068
f 1069 	1149 	1067
f 1066 	1149 	1069
f 1068 	1149 	1070
f 1070 	1149 	1071
f 1071 	1149 	1072
f 1073 	1072 	1149
f 1073 	1149 	1078
f 1079 	1078 	1149
f 1141 	1081 	1080
f 1141 	1080 	1079
f 1141 	1087 	1083
f 1141 	1083 	1082
f 1141 	1082 	1084
f 1084 	1081 	1141
f 831 	1041 	1042
f 1042 	1046 	831
f 1060 	1054 	1141
f 1041 	1044 	1055
f 1087 	1141 	1142
f 1143 	1142 	1141
f 1141 	1055 	1143
f 1061 	1144 	1062
f 1145 	1062 	1144
f 1539 	524 	889
f 2054 	491 	2053
f 2040 	479 	2039
f 1087 	1519 	1083
f 487 	2050 	489
f 1078 	1463 	1073
f 1051 	1058 	1461
f 1055 	1054 	1461
f 1137 	1152 	1148
f 1148 	1147 	1149
f 1156 	1149 	1147
f 1149 	1137 	1148
f 1144 	1150 	1145
f 1151 	1145 	1150
f 1142 	1519 	1087
f 250 	1731 	249
f 1969 	1968 	392
f 831 	1046 	1047
f 1080 	1503 	1079
f 345 	1945 	348
f 348 	1945 	349
f 1083 	1515 	1082
f 1947 	352 	349
f 1142 	1143 	1519
f 775 	325 	774
f 1051 	1461 	1050
f 318 	317 	784
f 1023 	1894 	1981
f 1153 	1154 	1194
f 1153 	1194 	1156
f 1153 	1156 	1155
f 1156 	1147 	1155
f 894 	1554 	893
f 2040 	480 	479
f 1196 	1197 	1074
f 478 	2039 	479
f 780 	314 	779
f 1074 	882 	1157
f 1196 	1074 	1157
f 2045 	2046 	484
f 573 	2051 	488
f 1157 	884 	1281
f 889 	886 	1539
f 1154 	1153 	1159
f 1161 	1210 	1160
f 1159 	1160 	1192
f 1192 	1160 	1210
f 1161 	1162 	887
f 887 	1162 	1163
f 493 	2032 	494
f 887 	1210 	1161
f 1164 	1165 	1150
f 1150 	1165 	1151
f 1063 	1064 	1475
f 1166 	1279 	1163
f 887 	1163 	1279
f 1279 	1166 	1167
f 1167 	1168 	1279
f 1168 	641 	1279
f 1133 	1122 	1158
f 1159 	1158 	1122
f 1159 	1122 	1123
f 1124 	1136 	1108
f 1160 	1159 	1123
f 1160 	1123 	1125
f 1125 	1161 	1160
f 1125 	1127 	1161
f 1162 	1161 	1127
f 1163 	1162 	1127
f 1166 	1163 	1127
f 1126 	1109 	1111
f 1108 	1109 	1124
f 1126 	1124 	1109
f 1127 	1167 	1166
f 1127 	1168 	1167
f 641 	1168 	1127
f 641 	1127 	643
f 652 	1129 	1110
f 1110 	1129 	1128
f 1110 	1128 	1111
f 1128 	1126 	1111
f 362 	1931 	363
f 356 	1931 	360
f 360 	1931 	362
f 1951 	364 	363
f 370 	1980 	366
f 247 	1730 	246
f 365 	1980 	370
f 254 	1733 	253
f 1041 	1521 	1044
f 1473 	1064 	1066
f 1980 	365 	364
f 192 	377 	374
f 214 	1199 	1281
f 825 	913 	668
f 179 	178 	773
f 773 	774 	179
f 485 	2047 	730
f 2032 	493 	2031
f 1473 	1475 	1064
f 1475 	1152 	1063
f 1071 	1072 	1463
f 484 	1146 	2045
f 1072 	1073 	1463
f 492 	2031 	493
f 228 	649 	234
f 1637 	1635 	910
f 486 	730 	1180
f 1180 	730 	1179
f 824 	668 	119
f 2065 	2060 	1185
f 1187 	1185 	2061
f 2060 	2061 	1185
f 1190 	1189 	2061
f 1188 	1187 	2061
f 1189 	1188 	2061
f 1178 	1179 	730
f 262 	595 	259
f 1174 	1175 	730
f 1178 	730 	1175
f 1186 	1176 	2065
f 1185 	1186 	2065
f 1176 	1177 	2064
f 900 	1625 	1629
f 1047 	1532 	831
f 1050 	1461 	1047
f 1159 	1192 	1193
f 1193 	1154 	1159
f 1153 	1155 	1159
f 1147 	1148 	1159
f 1646 	1647 	861
f 766 	769 	176
f 1148 	1152 	1159
f 178 	772 	773
f 1194 	1193 	1192
f 1155 	1147 	1159
f 1194 	1154 	1193
f 1164 	206 	1165
f 205 	1165 	206
f 1075 	1074 	1197
f 1197 	1198 	1075
f 1077 	1076 	832
f 1157 	1281 	1200
f 1200 	1195 	1157
f 1199 	1200 	1281
f 1196 	225 	1197
f 1198 	1197 	225
f 1201 	832 	1198
f 214 	225 	1199
f 1196 	1195 	225
f 1200 	225 	1195
f 1200 	1199 	225
f 887 	1206 	1207
f 1202 	882 	1203
f 1209 	887 	1211
f 1212 	1210 	1209
f 1212 	1202 	1203
f 1202 	1212 	1204
f 1206 	1205 	1209
f 1204 	1212 	1205
f 1212 	1209 	1205
f 1207 	1206 	1211
f 1209 	1211 	1206
f 832 	1201 	1208
f 1212 	1208 	1201
f 1203 	1208 	1212
f 1212 	1194 	1192
f 1212 	1192 	1210
f 1214 	1215 	1213
f 1217 	1214 	1216
f 1213 	1216 	1214
f 1217 	1216 	1218
f 1221 	1222 	1220
f 1219 	1220 	1222
f 1216 	1219 	1218
f 1222 	1218 	1219
f 1223 	1224 	1225
f 1223 	1225 	1226
f 1227 	1226 	1225
f 1227 	1221 	1226
f 1220 	1226 	1221
f 1229 	1224 	1228
f 1223 	1228 	1224
f 1228 	1230 	1229
f 1229 	1230 	1231
f 393 	392 	1968
f 1233 	1231 	1232
f 1230 	1232 	1231
f 1219 	1244 	1220
f 1216 	1213 	1251
f 1253 	1251 	1213
f 1220 	1244 	1226
f 1226 	1240 	1223
f 1230 	1235 	1232
f 1228 	1235 	1230
f 1223 	1240 	1228
f 1236 	1237 	1235
f 1234 	1235 	1237
f 1239 	1234 	1238
f 1237 	1238 	1234
f 1241 	1242 	1240
f 1236 	1235 	1242
f 1240 	1242 	1235
f 1240 	1244 	1241
f 1243 	1241 	1244
f 1246 	1243 	1245
f 1244 	1245 	1243
f 1249 	1250 	1248
f 1247 	1248 	1250
f 1245 	1247 	1246
f 1250 	1246 	1247
f 1252 	1249 	1251
f 1248 	1251 	1249
f 1254 	1252 	1253
f 1251 	1253 	1252
f 1253 	1213 	1254
f 1215 	1254 	1213
f 1248 	1247 	1216
f 1219 	1216 	1247
f 1245 	1219 	1247
f 1244 	1219 	1245
f 1240 	1226 	1244
f 1235 	1228 	1240
f 1234 	1232 	1235
f 1251 	1248 	1216
f 787 	790 	174
f 1256 	1257 	1255
f 1257 	1258 	1255
f 1260 	1261 	1259
f 1256 	1259 	1261
f 1256 	1261 	1257
f 791 	765 	176
f 1255 	1338 	1256
f 177 	176 	769
f 1264 	1265 	1266
f 1267 	1268 	1265
f 1267 	1265 	1264
f 1267 	1262 	1268
f 396 	1976 	343
f 1265 	1270 	1266
f 1269 	1266 	1270
f 1269 	1270 	1271
f 1269 	1271 	1272
f 1273 	1274 	1275
f 1273 	1275 	1276
f 1271 	1274 	1272
f 1273 	1272 	1274
f 2064 	2065 	1176
f 817 	2064 	1177
f 262 	261 	595
f 1191 	1190 	2061
f 223 	644 	228
f 224 	215 	642
f 219 	1279 	218
f 318 	784 	785
f 1279 	642 	216
f 216 	217 	1279
f 217 	218 	1279
f 212 	1279 	219
f 780 	316 	314
f 780 	781 	316
f 215 	216 	642
f 224 	642 	223
f 310 	792 	793
f 1120 	1118 	1169
f 1170 	1169 	1118
f 1170 	1118 	337
f 1094 	1091 	1121
f 1091 	402 	1119
f 1119 	1121 	1091
f 673 	1120 	681
f 1278 	681 	1120
f 1169 	1278 	1120
f 685 	1094 	684
f 1121 	684 	1094
f 778 	779 	314
f 1281 	884 	1280
f 213 	214 	1281
f 1542 	1539 	891
f 1181 	1191 	2061
f 1182 	1181 	2061
f 816 	608 	817
f 265 	424 	1171
f 1172 	1171 	424
f 1172 	424 	426
f 298 	299 	1282
f 1173 	1172 	426
f 1173 	426 	428
f 427 	1282 	429
f 1282 	427 	298
f 1174 	1173 	428
f 1174 	428 	430
f 429 	1283 	433
f 1282 	1283 	429
f 430 	1175 	1174
f 430 	482 	1175
f 430 	475 	474
f 430 	474 	473
f 473 	477 	430
f 1950 	355 	1949
f 1963 	192 	1962
f 251 	249 	1731
f 251 	1731 	248
f 1968 	1970 	393
f 1738 	257 	595
f 894 	896 	1554
f 1275 	1277 	1276
f 1270 	1288 	1271
f 1265 	1296 	1270
f 1268 	1298 	1265
f 1274 	1271 	1288
f 1285 	1286 	1284
f 1286 	1277 	1284
f 1275 	1284 	1277
f 1284 	1288 	1285
f 1287 	1285 	1288
f 1290 	1287 	1289
f 1288 	1289 	1287
f 1291 	1292 	1293
f 1291 	1293 	1294
f 1293 	1292 	1295
f 1289 	1291 	1290
f 1294 	1290 	1291
f 1297 	1295 	1296
f 1292 	1296 	1295
f 1299 	1297 	1298
f 1296 	1298 	1297
f 1255 	1258 	1298
f 1299 	1298 	1258
f 1274 	1288 	1275
f 1268 	1301 	1298
f 1296 	1265 	1298
f 1292 	1270 	1296
f 1291 	1270 	1292
f 1289 	1270 	1291
f 1288 	1270 	1289
f 1284 	1275 	1288
f 1263 	1300 	1301
f 1262 	1263 	1301
f 1301 	1268 	1262
f 767 	177 	769
f 1306 	1255 	1301
f 1305 	1255 	1306
f 1304 	1305 	1303
f 1302 	1303 	1305
f 1307 	1302 	1306
f 1305 	1306 	1302
f 1300 	1306 	1301
f 1306 	1300 	1307
f 1496 	1304 	1308
f 1309 	1308 	1304
f 1310 	1309 	1304
f 1311 	1310 	1304
f 1311 	1304 	1303
f 1259 	1317 	1313
f 1314 	1259 	1315
f 1316 	1259 	1314
f 1259 	1316 	1260
f 395 	864 	394
f 1315 	1259 	1313
f 1320 	1318 	1317
f 1312 	1313 	1317
f 1319 	1320 	1317
f 1318 	1312 	1317
f 1323 	1319 	1322
f 1321 	1322 	1319
f 1320 	1319 	1323
f 1325 	1326 	1321
f 1322 	1321 	1324
f 1324 	1321 	1326
f 477 	478 	430
f 478 	479 	430
f 479 	480 	430
f 480 	483 	430
f 483 	481 	430
f 1328 	1239 	1329
f 481 	482 	430
f 484 	1175 	482
f 485 	1175 	484
f 1330 	1329 	1239
f 1330 	1239 	1238
f 1178 	1175 	485
f 1179 	1178 	485
f 1179 	485 	1180
f 1180 	485 	486
f 1325 	1239 	1328
f 1328 	1331 	1325
f 1326 	1325 	1331
f 1187 	1188 	487
f 489 	434 	487
f 1333 	1327 	1332
f 490 	491 	434
f 491 	492 	434
f 489 	490 	434
f 1334 	1327 	1333
f 1335 	1327 	1334
f 1336 	1232 	1327
f 1337 	1327 	1335
f 1567 	1332 	1327
f 1336 	1327 	1337
f 434 	492 	493
f 434 	494 	436
f 1336 	1233 	1232
f 494 	434 	493
f 436 	476 	430
f 475 	430 	476
f 1298 	1301 	1255
f 1305 	1304 	1255
f 1338 	1255 	1304
f 1496 	1502 	1304
f 1338 	1304 	1502
f 1339 	1317 	1259
f 1259 	1256 	1338
f 1339 	1259 	1338
f 1340 	1319 	1317
f 1340 	1317 	1339
f 1319 	1340 	1321
f 1341 	1321 	1340
f 1321 	1341 	1325
f 1342 	1325 	1341
f 1343 	1327 	1232
f 1234 	1239 	1232
f 1343 	1232 	1239
f 1325 	1342 	1239
f 1343 	1239 	1342
f 1343 	1597 	1567
f 1327 	1343 	1567
f 1332 	1344 	1333
f 1596 	1898 	1332
f 1335 	1334 	1344
f 1337 	1335 	1344
f 1334 	1333 	1344
f 1344 	1215 	1214
f 1214 	1217 	1344
f 1217 	1218 	1344
f 1218 	1222 	1344
f 1222 	1221 	1344
f 353 	1949 	355
f 1221 	1227 	1344
f 1227 	1225 	1344
f 842 	841 	452
f 1344 	1225 	1224
f 1224 	1229 	1344
f 1229 	1231 	1344
f 1233 	1336 	1231
f 1344 	1231 	1337
f 1336 	1337 	1231
f 1329 	1237 	1328
f 1330 	1237 	1329
f 1345 	1237 	1236
f 1236 	1242 	1345
f 1238 	1237 	1330
f 1242 	1241 	1345
f 1241 	1243 	1345
f 1243 	1246 	1345
f 1246 	1250 	1345
f 1184 	488 	1183
f 1250 	1249 	1345
f 573 	488 	1184
f 1183 	488 	1182
f 1191 	1181 	487
f 1503 	1080 	1081
f 1345 	1249 	1252
f 1186 	1185 	434
f 1345 	1252 	1254
f 1254 	1215 	1344
f 1328 	1237 	1345
f 1189 	487 	1188
f 1187 	487 	1185
f 1331 	1328 	1345
f 1084 	1514 	1081
f 855 	910 	1639
f 1190 	487 	1189
f 434 	1185 	487
f 1377 	1385 	1346
f 1347 	1385 	1929
f 488 	487 	1181
f 1191 	487 	1190
f 1182 	488 	1181
f 433 	1349 	1352
f 433 	1352 	440
f 1345 	1348 	1326
f 1331 	1345 	1326
f 1324 	1326 	1348
f 1283 	1349 	433
f 1177 	1176 	441
f 1186 	434 	1176
f 441 	1176 	434
f 440 	1352 	1357
f 440 	1357 	443
f 817 	1177 	441
f 817 	441 	446
f 879 	444 	1355
f 443 	1357 	1355
f 443 	1355 	444
f 1648 	1649 	869
f 834 	833 	1631
f 1489 	1487 	1071
f 1378 	1376 	1377
f 1383 	826 	1382
f 1350 	1385 	1351
f 1377 	1361 	1385
f 1353 	1385 	1354
f 1353 	1351 	1385
f 1376 	1378 	1377
f 1356 	1385 	1358
f 1359 	1385 	1356
f 1354 	1385 	1359
f 1358 	1385 	1360
f 1360 	1385 	1361
f 1378 	1361 	1377
f 1362 	1361 	1378
f 352 	1947 	1948
f 1381 	1380 	1363
f 1949 	353 	1948
f 1363 	1365 	1381
f 1629 	833 	900
f 1366 	1379 	1367
f 1364 	1379 	1366
f 1368 	1367 	1388
f 1379 	1388 	1367
f 833 	1629 	1630
f 1370 	1388 	1371
f 1369 	1388 	1370
f 834 	1631 	1632
f 1371 	1388 	1372
f 1373 	1372 	1388
f 1630 	1631 	833
f 1385 	1374 	1373
f 1350 	1374 	1385
f 1632 	1633 	834
f 1369 	1368 	1388
f 1364 	1363 	1379
f 1380 	1379 	1363
f 1382 	1381 	1365
f 1383 	1382 	1365
f 1383 	1365 	1375
f 1384 	1388 	1379
f 1347 	1346 	1385
f 1487 	1484 	1070
f 1386 	1323 	1322
f 1324 	1348 	1322
f 1386 	1322 	1348
f 1379 	826 	1384
f 1384 	1387 	1388
f 1323 	1386 	1320
f 1386 	1389 	1320
f 1387 	1384 	826
f 1391 	1387 	826
f 1392 	1391 	1390
f 1392 	1388 	1391
f 1387 	1391 	1388
f 1389 	1313 	1312
f 1318 	1389 	1312
f 1636 	910 	1635
f 1315 	1393 	1314
f 1637 	910 	922
f 355 	1950 	356
f 1636 	1639 	910
f 1393 	1261 	1314
f 1378 	1377 	827
f 1261 	1260 	1316
f 1316 	1314 	1261
f 1389 	1393 	1313
f 1313 	1393 	1315
f 1346 	1347 	755
f 1389 	1318 	1320
f 1400 	1399 	1398
f 1390 	1399 	1400
f 1390 	1400 	1392
f 1297 	1299 	1393
f 1082 	1515 	1084
f 1258 	1257 	1393
f 1393 	1257 	1261
f 1532 	1047 	1461
f 766 	176 	765
f 258 	259 	595
f 786 	787 	174
f 310 	311 	794
f 1931 	1952 	363
f 1729 	246 	1730
f 1514 	1084 	1515
f 783 	784 	317
f 294 	2013 	185
f 175 	174 	790
f 794 	792 	310
f 258 	595 	257
f 1083 	1519 	1515
f 314 	777 	778
f 1070 	1071 	1487
f 1267 	1264 	1505
f 1505 	1264 	1266
f 1266 	1269 	1505
f 1269 	1272 	1505
f 1272 	1273 	1505
f 1505 	1273 	1276
f 1542 	891 	892
f 311 	528 	1416
f 1277 	1505 	1276
f 1505 	1277 	1286
f 1505 	1286 	1285
f 1290 	1393 	1287
f 1285 	1287 	1393
f 1143 	1520 	1519
f 924 	925 	1608
f 1401 	1402 	1053
f 1416 	1052 	1415
f 1393 	1294 	1293
f 1393 	1293 	1295
f 1295 	1297 	1393
f 1290 	1294 	1393
f 1393 	1299 	1258
f 1307 	1300 	1308
f 1262 	1267 	1505
f 1263 	1262 	1308
f 1505 	1308 	1262
f 1309 	1302 	1308
f 1310 	1302 	1309
f 1302 	1307 	1308
f 1311 	1302 	1310
f 1303 	1302 	1311
f 1300 	1263 	1308
f 1470 	742 	1414
f 1044 	1521 	1143
f 1554 	1542 	895
f 815 	311 	814
f 604 	905 	603
f 1429 	822 	311
f 1480 	1473 	1066
f 1415 	1052 	1402
f 1462 	1068 	1484
f 1401 	1610 	1402
f 1417 	1416 	1415
f 1402 	1417 	1415
f 1480 	1066 	1462
f 1068 	1070 	1484
f 1079 	1134 	1463
f 768 	177 	767
f 768 	770 	177
f 178 	177 	770
f 770 	771 	178
f 364 	1953 	1980
f 372 	1960 	374
f 1962 	192 	1961
f 352 	1948 	353
f 311 	795 	794
f 782 	783 	317
f 1471 	742 	1470
f 742 	741 	1414
f 367 	1957 	371
f 1959 	371 	1957
f 371 	1959 	372
f 174 	318 	786
f 374 	1961 	192
f 763 	603 	325
f 799 	763 	325
f 325 	798 	799
f 736 	729 	1406
f 802 	798 	325
f 795 	311 	821
f 1423 	727 	1422
f 1041 	831 	1521
f 815 	821 	311
f 814 	311 	813
f 727 	726 	1424
f 813 	311 	822
f 1520 	1143 	1521
f 1430 	1429 	1416
f 1430 	1416 	1417
f 822 	1429 	1430
f 1431 	1432 	1433
f 1436 	1437 	1435
f 1434 	1435 	1437
f 1431 	1434 	1432
f 1437 	1432 	1434
f 1435 	1438 	1439
f 1435 	1439 	1436
f 1428 	197 	196
f 1439 	1438 	1440
f 1443 	1440 	1441
f 1438 	1441 	1440
f 1438 	1435 	1448
f 1431 	1448 	1434
f 1434 	1448 	1435
f 1445 	1446 	1447
f 1449 	1445 	1448
f 1447 	1448 	1445
f 1451 	1449 	1450
f 1448 	1450 	1449
f 1453 	1454 	1455
f 1456 	1457 	1454
f 1456 	1454 	1453
f 1459 	201 	1458
f 1458 	302 	1452
f 1427 	1403 	729
f 729 	728 	1427
f 895 	893 	1554
f 1424 	1422 	727
f 1405 	1406 	729
f 1406 	1407 	736
f 1613 	1608 	925
f 1492 	1489 	1463
f 831 	1522 	1521
f 247 	248 	1730
f 1479 	742 	1471
f 1732 	250 	252
f 252 	253 	1732
f 1418 	725 	1467
f 1465 	1464 	725
f 1465 	725 	1468
f 1464 	1466 	725
f 1466 	1467 	725
f 1071 	1463 	1489
f 1395 	1396 	1889
f 1492 	1463 	1499
f 926 	923 	1613
f 1472 	760 	1474
f 925 	926 	1613
f 1403 	1513 	1404
f 1404 	1513 	1405
f 1406 	1405 	1513
f 1414 	1413 	1469
f 1469 	1408 	1407
f 1469 	1407 	1406
f 1409 	1469 	1410
f 1409 	1408 	1469
f 1410 	1469 	1411
f 1411 	1469 	1412
f 1412 	1469 	1413
f 1518 	1081 	1516
f 1942 	1889 	1396
f 1422 	1424 	1513
f 1464 	1465 	1419
f 1466 	1464 	1419
f 1418 	1467 	1419
f 1419 	1465 	1420
f 1467 	1466 	1419
f 1039 	1395 	922
f 1420 	1465 	1421
f 1422 	1513 	1423
f 1424 	1421 	1468
f 1465 	1468 	1421
f 1425 	1513 	1426
f 1423 	1513 	1425
f 1427 	1513 	1403
f 1524 	831 	1533
f 1426 	1513 	1427
f 1943 	1941 	1397
f 1396 	1397 	1941
f 1513 	1424 	1468
f 754 	755 	1347
f 1347 	828 	754
f 1395 	1039 	145
f 1396 	1395 	145
f 1396 	145 	146
f 16 	27 	148
f 1397 	1396 	146
f 1397 	146 	147
f 29 	150 	27
f 148 	27 	150
f 1394 	1397 	149
f 1477 	1152 	1475
f 1478 	1476 	742
f 1474 	742 	1476
f 149 	1397 	147
f 150 	29 	151
f 1478 	742 	1479
f 754 	1394 	149
f 759 	760 	1398
f 1399 	759 	1398
f 151 	32 	31
f 151 	31 	152
f 1486 	1482 	1462
f 29 	32 	151
f 1474 	1469 	1472
f 1480 	1462 	1482
f 1476 	1478 	1469
f 1462 	1484 	1485
f 1476 	1469 	1474
f 1485 	1486 	1462
f 1414 	1469 	1478
f 1479 	1470 	1478
f 1471 	1470 	1479
f 1414 	1478 	1470
f 1488 	1481 	1472
f 1488 	1472 	1469
f 1398 	1481 	1488
f 1398 	1488 	1400
f 1491 	1016 	1490
f 1009 	1490 	1016
f 1493 	1494 	1490
f 1491 	1490 	1494
f 1496 	1497 	1493
f 1494 	1493 	1497
f 1495 	1463 	1134
f 1497 	1496 	1498
f 1308 	1498 	1496
f 1009 	1500 	1490
f 1490 	1500 	1501
f 1490 	1501 	1493
f 1502 	1496 	1493
f 1502 	1493 	1501
f 1499 	1463 	1495
f 1498 	1308 	1505
f 1134 	1079 	1506
f 1079 	1503 	1504
f 1506 	1079 	1504
f 1498 	1505 	1497
f 1497 	1505 	1507
f 1468 	1508 	1513
f 1497 	1507 	1494
f 1507 	1509 	1494
f 1459 	1460 	201
f 1513 	1512 	1511
f 1513 	1511 	1897
f 197 	1428 	203
f 1428 	1442 	203
f 1081 	1510 	1503
f 1508 	1512 	1513
f 1444 	1452 	209
f 1444 	209 	207
f 1494 	1509 	1491
f 1016 	1491 	1509
f 1016 	1509 	1021
f 1514 	1516 	1081
f 302 	1458 	201
f 1483 	1523 	304
f 1510 	1081 	1517
f 303 	201 	1460
f 1518 	1517 	1081
f 1460 	1483 	303
f 304 	303 	1483
f 1452 	302 	209
f 979 	977 	1351
f 1442 	1444 	207
f 1442 	207 	203
f 1532 	1533 	831
f 1522 	831 	1524
f 1375 	1365 	826
f 1534 	1532 	1461
f 1504 	1526 	1506
f 1506 	1526 	1531
f 1530 	1529 	1528
f 1526 	1528 	1529
f 1529 	1531 	1526
f 1527 	305 	308
f 1523 	306 	304
f 1525 	1527 	307
f 308 	307 	1527
f 307 	306 	1525
f 1523 	1525 	306
f 48 	1442 	43
f 1059 	1023 	1535
f 309 	305 	1527
f 1158 	1159 	1152
f 1450 	1457 	1451
f 1456 	1451 	1457
f 1454 	1541 	1455
f 1540 	1455 	1541
f 1540 	1541 	1543
f 1540 	1543 	1544
f 1545 	1546 	1547
f 1545 	1547 	1548
f 1542 	571 	1539
f 1543 	1546 	1544
f 1545 	1544 	1546
f 1550 	1548 	1549
f 1547 	1549 	1548
f 1551 	1552 	1553
f 1555 	1556 	1552
f 1555 	1552 	1551
f 1549 	1556 	1550
f 1555 	1550 	1556
f 1552 	1558 	1553
f 1557 	1553 	1558
f 1431 	1433 	1558
f 1557 	1558 	1433
f 1559 	587 	1554
f 1541 	1454 	1558
f 1454 	1457 	1558
f 1457 	1450 	1558
f 1543 	1541 	1558
f 1450 	1448 	1558
f 1431 	1558 	1448
f 1447 	1438 	1448
f 1546 	1543 	1558
f 1558 	1552 	1546
f 1556 	1546 	1552
f 1556 	1549 	1546
f 1547 	1546 	1549
f 870 	549 	468
f 1561 	1562 	1560
f 1563 	1560 	1562
f 1562 	1564 	1563
f 1566 	1563 	1565
f 1564 	1565 	1563
f 1560 	1447 	1446
f 1560 	1446 	1561
f 1563 	1438 	1560
f 1560 	1438 	1447
f 1601 	1441 	1566
f 1568 	1569 	1570
f 1595 	1567 	1568
f 524 	1539 	569
f 1571 	1572 	1569
f 1572 	1573 	1569
f 1570 	1569 	1573
f 1576 	1571 	1575
f 1574 	1575 	1571
f 1572 	1571 	1576
f 569 	1539 	571
f 572 	1554 	587
f 1443 	1441 	1590
f 1574 	1566 	1578
f 1554 	572 	1542
f 1542 	572 	571
f 1579 	1578 	1566
f 1580 	1579 	1566
f 1581 	1580 	1566
f 1582 	1581 	1566
f 1582 	1566 	1565
f 1578 	1583 	1574
f 1575 	1574 	1583
f 1586 	1577 	1585
f 1584 	1585 	1577
f 1586 	1588 	1577
f 1587 	1577 	1588
f 1587 	1589 	1577
f 1590 	1441 	1589
f 1577 	1589 	1441
f 1584 	1592 	1591
f 1594 	1591 	1592
f 1591 	1593 	1584
f 1585 	1584 	1593
f 897 	1559 	1554
f 1594 	1592 	700
f 701 	700 	1592
f 1152 	1538 	1158
f 1569 	1568 	1567
f 1595 	1596 	1567
f 1332 	1567 	1596
f 1567 	1597 	1569
f 1598 	1569 	1597
f 1461 	1059 	1535
f 1599 	1571 	1569
f 1599 	1569 	1598
f 1571 	1599 	1574
f 1600 	1574 	1599
f 1601 	1577 	1441
f 1438 	1563 	1441
f 1566 	1441 	1563
f 1574 	1600 	1566
f 1601 	1566 	1600
f 1577 	1601 	1584
f 1602 	1584 	1601
f 1584 	1602 	1592
f 1603 	1592 	1602
f 1603 	701 	1592
f 1594 	700 	1604
f 1594 	1604 	1591
f 1605 	1591 	1604
f 1593 	1591 	1605
f 1606 	1401 	1053
f 1401 	1606 	1610
f 1417 	1402 	1610
f 1593 	1605 	1585
f 1605 	1607 	1585
f 1588 	1586 	1607
f 1904 	2005 	285
f 1586 	1585 	1607
f 1609 	1606 	1053
f 1053 	924 	1609
f 1610 	1609 	1608
f 1606 	1609 	1610
f 1553 	1557 	1607
f 1433 	1432 	1607
f 1432 	1437 	1607
f 1437 	1436 	1607
f 1436 	1439 	1607
f 1439 	1440 	1607
f 1440 	1590 	1607
f 1588 	1607 	1587
f 1587 	1607 	1589
f 1589 	1607 	1590
f 1590 	1440 	1443
f 1445 	1449 	1611
f 1449 	1451 	1611
f 1428 	43 	1442
f 1451 	1456 	1611
f 1456 	1453 	1611
f 1453 	1455 	1611
f 1455 	1540 	1611
f 1611 	1540 	1544
f 1611 	1544 	1545
f 1611 	1545 	1548
f 1550 	1555 	1607
f 1548 	1550 	1607
f 1535 	1536 	1461
f 1607 	1555 	1551
f 1607 	1551 	1553
f 1433 	1607 	1557
f 1579 	1564 	1578
f 1580 	1564 	1579
f 1564 	1562 	1578
f 1581 	1564 	1580
f 1582 	1564 	1581
f 1562 	1561 	1578
f 1561 	1446 	1578
f 1446 	1445 	1578
f 1565 	1564 	1582
f 1611 	1578 	1445
f 1583 	1578 	1611
f 1614 	1461 	1536
f 1614 	1627 	1461
f 1534 	1461 	1627
f 1615 	1613 	1612
f 1537 	1538 	1152
f 1608 	1613 	1615
f 1608 	1615 	1610
f 1616 	1537 	1152
f 1619 	1576 	1575
f 1583 	1611 	1575
f 1619 	1575 	1611
f 1617 	1616 	1152
f 1620 	1618 	1152
f 1617 	1152 	1618
f 489 	2052 	490
f 1620 	1152 	1477
f 1621 	1531 	1529
f 1622 	1623 	1529
f 1621 	1529 	1623
f 1622 	1529 	1530
f 900 	1626 	1624
f 1625 	900 	1624
f 900 	874 	1626
f 1628 	1626 	874
f 153 	1130 	1535
f 1130 	1536 	1535
f 1614 	1536 	1532
f 1131 	1504 	1503
f 1131 	1503 	1510
f 1130 	1131 	1510
f 1510 	1517 	1130
f 1515 	1130 	1514
f 1518 	1130 	1517
f 1516 	1130 	1518
f 1514 	1130 	1516
f 1520 	1130 	1519
f 1130 	1521 	1522
f 2039 	478 	2038
f 1520 	1521 	1130
f 1622 	1528 	1623
f 1528 	1526 	1623
f 1131 	1526 	1504
f 1131 	1623 	1526
f 490 	2053 	491
f 857 	1644 	1642
f 1530 	1528 	1622
f 857 	856 	1644
f 2054 	2030 	492
f 1915 	436 	2033
f 2034 	473 	474
f 473 	2037 	477
f 1519 	1130 	1515
f 1533 	1536 	1524
f 1524 	1536 	1522
f 1532 	1536 	1533
f 1627 	1614 	1532
f 1130 	1522 	1536
f 1627 	1532 	1534
f 1132 	89 	1115
f 1538 	1537 	1133
f 1475 	1473 	1616
f 1617 	1475 	1616
f 1618 	1475 	1617
f 1620 	1475 	1618
f 1473 	1480 	1616
f 1537 	1616 	1480
f 1133 	1537 	1480
f 1480 	1482 	1133
f 1477 	1475 	1620
f 485 	484 	2046
f 1486 	1133 	1482
f 2048 	730 	2047
f 1486 	1485 	1133
f 1484 	1487 	1133
f 1485 	1484 	1133
f 1487 	1489 	1133
f 1133 	1489 	1492
f 1133 	1492 	1499
f 1133 	1499 	1495
f 1133 	1495 	1134
f 1134 	1506 	1131
f 491 	2054 	492
f 1131 	1506 	1623
f 507 	829 	1416
f 1531 	1621 	1506
f 1621 	1623 	1506
f 1413 	1414 	741
f 1132 	1115 	1117
f 1158 	1538 	1133
f 1136 	1116 	1108
f 1136 	1135 	1117
f 1136 	1117 	1116
f 1135 	1132 	1117
f 1724 	1726 	1659
f 1651 	1650 	1653
f 1652 	1651 	1653
f 1652 	1653 	583
f 1650 	1696 	1654
f 830 	1416 	829
f 1654 	299 	1650
f 1653 	1650 	299
f 1677 	1282 	1654
f 1721 	1722 	1660
f 1722 	1724 	1660
f 1659 	1660 	1724
f 1657 	578 	1658
f 810 	1659 	578
f 1656 	581 	1657
f 1052 	1416 	830
f 578 	1657 	581
f 583 	585 	1655
f 581 	1656 	585
f 1656 	1655 	585
f 583 	1655 	1652
f 1717 	1664 	1663
f 1662 	1663 	1664
f 1716 	1717 	1663
f 1819 	1716 	1663
f 1661 	804 	1662
f 507 	1416 	528
f 1660 	808 	1661
f 1663 	1662 	804
f 1663 	804 	421
f 804 	1661 	808
f 810 	812 	1659
f 808 	1660 	812
f 1660 	1659 	812
f 1658 	578 	1659
f 1658 	1659 	1726
f 1726 	1727 	1658
f 1657 	1658 	1734
f 1727 	1734 	1658
f 1651 	1692 	1650
f 1665 	1819 	1663
f 1666 	1820 	1665
f 1667 	1816 	1666
f 1668 	1813 	1667
f 1669 	1809 	1668
f 1824 	1803 	1088
f 1661 	1662 	1664
f 1669 	408 	1670
f 1091 	1088 	403
f 1670 	403 	1088
f 1668 	415 	1669
f 403 	1670 	408
f 415 	408 	1669
f 1667 	415 	1668
f 1666 	423 	1667
f 415 	1667 	418
f 1665 	421 	1666
f 418 	1667 	423
f 421 	423 	1666
f 421 	1665 	1663
f 1676 	1677 	1700
f 1700 	1701 	1676
f 1698 	1677 	1695
f 1694 	1695 	1654
f 1698 	1700 	1677
f 1654 	1695 	1677
f 1676 	1283 	1677
f 299 	1654 	1282
f 1675 	1349 	1676
f 1282 	1677 	1283
f 1352 	1349 	1674
f 1283 	1676 	1349
f 1675 	1674 	1349
f 1673 	1357 	1674
f 1357 	1352 	1674
f 1672 	1355 	1673
f 1355 	1357 	1673
f 879 	1355 	1671
f 1672 	1671 	1355
f 1757 	1744 	1681
f 1686 	1757 	1681
f 1671 	1686 	1682
f 878 	880 	1680
f 1679 	878 	1680
f 1681 	1680 	880
f 877 	878 	1679
f 1678 	877 	1679
f 880 	879 	1681
f 1682 	1681 	879
f 1671 	1682 	879
f 1680 	1681 	1745
f 1745 	1746 	1680
f 1744 	1745 	1681
f 1746 	1747 	1680
f 1679 	1680 	1747
f 1685 	917 	1678
f 1684 	917 	1685
f 877 	1678 	917
f 920 	917 	1684
f 1683 	920 	1684
f 3 	921 	2
f 920 	1683 	921
f 1683 	2 	921
f 1713 	1686 	1671
f 1682 	1686 	1681
f 1678 	1679 	1747
f 1652 	1655 	1691
f 1690 	1692 	1687
f 1687 	1689 	1688
f 1691 	1692 	1652
f 1651 	1652 	1692
f 1689 	1687 	1691
f 1691 	1687 	1692
f 1693 	1694 	1690
f 1675 	1676 	1703
f 1694 	1654 	1696
f 1696 	1650 	1692
f 1696 	1690 	1694
f 1692 	1690 	1696
f 1695 	1694 	1693
f 1703 	1704 	1675
f 1699 	1701 	1697
f 1698 	1695 	1697
f 1693 	1697 	1695
f 1704 	1706 	1675
f 1674 	1675 	1706
f 1701 	1703 	1676
f 1698 	1697 	1700
f 1700 	1697 	1701
f 1702 	1704 	1699
f 1707 	1709 	1674
f 1706 	1707 	1674
f 1701 	1699 	1703
f 1704 	1703 	1699
f 1705 	1707 	1702
f 1673 	1674 	1709
f 1709 	1710 	1673
f 1704 	1702 	1706
f 1707 	1706 	1702
f 1708 	1710 	1705
f 1672 	1673 	1714
f 1710 	1714 	1673
f 1707 	1705 	1709
f 1710 	1709 	1705
f 1711 	1712 	1708
f 1713 	1671 	1712
f 1671 	1672 	1712
f 1714 	1712 	1672
f 1714 	1708 	1712
f 1710 	1708 	1714
f 1713 	1712 	1711
f 1719 	1721 	1661
f 1718 	1719 	1715
f 1715 	1717 	1716
f 1660 	1661 	1721
f 1717 	1715 	1664
f 1720 	1722 	1718
f 1664 	1715 	1719
f 1719 	1718 	1721
f 1721 	1718 	1722
f 1726 	1724 	1723
f 1735 	1737 	1657
f 1734 	1735 	1657
f 1722 	1720 	1724
f 1720 	1723 	1724
f 1725 	1727 	1723
f 1729 	589 	1728
f 588 	1728 	589
f 729 	1403 	1404
f 1053 	1402 	1052
f 1656 	1657 	1737
f 1416 	1429 	311
f 1727 	1726 	1723
f 140 	1735 	1725
f 1737 	1736 	1656
f 1736 	1688 	1656
f 1727 	1725 	1734
f 1735 	1734 	1725
f 139 	1736 	140
f 1689 	1691 	1655
f 1655 	1656 	1688
f 1688 	1689 	1655
f 600 	912 	606
f 1735 	140 	1737
f 1736 	1737 	140
f 1687 	1688 	139
f 1736 	139 	1688
f 537 	538 	611
f 611 	608 	537
f 1739 	1740 	338
f 1740 	1741 	338
f 340 	338 	1741
f 1642 	1643 	857
f 1741 	1742 	340
f 1742 	1743 	340
f 341 	340 	1743
f 1745 	1744 	351
f 1748 	1749 	1678
f 357 	1746 	351
f 346 	351 	1744
f 1685 	1678 	1749
f 1747 	1748 	1678
f 1745 	351 	1746
f 341 	1748 	357
f 1743 	1748 	341
f 1750 	1753 	1684
f 1749 	1750 	1685
f 1746 	357 	1747
f 1748 	1747 	357
f 1742 	1750 	1743
f 1683 	1684 	1751
f 1753 	1751 	1684
f 1748 	1743 	1749
f 1750 	1749 	1743
f 1741 	1753 	1742
f 1740 	1751 	1741
f 1752 	1769 	2
f 1751 	1752 	1683
f 2 	1683 	1752
f 1613 	836 	1612
f 1754 	1755 	836
f 1612 	836 	1755
f 1750 	1742 	1753
f 1751 	1753 	1741
f 1751 	1740 	1739
f 1739 	1768 	1752
f 1751 	1739 	1752
f 1754 	836 	1756
f 1684 	1685 	1750
f 1758 	1756 	836
f 1757 	1686 	346
f 1744 	1757 	346
f 347 	346 	1686
f 1686 	1713 	347
f 1711 	347 	1713
f 591 	590 	1731
f 1730 	1731 	590
f 720 	1603 	1760
f 1760 	1763 	720
f 1763 	1764 	720
f 721 	720 	1764
f 1764 	1765 	721
f 1765 	1766 	721
f 722 	721 	1766
f 1731 	1732 	591
f 592 	591 	1732
f 1766 	1768 	722
f 1768 	1739 	722
f 338 	722 	1739
f 1769 	1752 	1768
f 1769 	1770 	2
f 1766 	1770 	1768
f 1765 	1771 	1766
f 574 	593 	1738
f 1 	2 	1770
f 593 	594 	1738
f 1733 	1738 	594
f 1769 	1768 	1770
f 1770 	1766 	1771
f 1764 	1774 	1765
f 1763 	1772 	1764
f 594 	592 	1733
f 1732 	1733 	592
f 1770 	1771 	1
f 10 	11 	1773
f 23 	8 	1795
f 1772 	5 	1774
f 1774 	1 	1771
f 1729 	1730 	589
f 590 	589 	1730
f 1774 	1764 	1772
f 1771 	1765 	1774
f 1763 	1760 	1772
f 1787 	1773 	1760
f 1772 	1760 	1773
f 1598 	1597 	1775
f 1598 	1775 	1776
f 1776 	1778 	1598
f 1778 	1779 	1598
f 1599 	1598 	1779
f 1759 	922 	1761
f 1738 	595 	574
f 1779 	1781 	1599
f 1781 	1782 	1599
f 1600 	1599 	1782
f 1625 	1624 	1780
f 1782 	1783 	1600
f 1783 	1784 	1600
f 1601 	1600 	1784
f 1780 	1624 	1626
f 1780 	1626 	1628
f 1784 	1785 	1601
f 1602 	1601 	1785
f 1785 	1786 	1602
f 1786 	1787 	1602
f 1603 	1602 	1787
f 1603 	1787 	1760
f 1630 	1629 	1780
f 1625 	1780 	1629
f 1754 	1756 	1780
f 1754 	1780 	1755
f 1631 	1780 	1632
f 1630 	1780 	1631
f 1756 	1758 	1780
f 1788 	1775 	1597
f 1632 	1780 	1633
f 1633 	1780 	1758
f 1786 	1791 	1787
f 1789 	1773 	1787
f 1634 	1633 	1758
f 1790 	10 	1789
f 1791 	10 	1790
f 1789 	10 	1773
f 1636 	1635 	1890
f 1635 	1637 	1890
f 1789 	1787 	1790
f 1790 	1787 	1791
f 1785 	1792 	1786
f 1784 	1793 	1785
f 1759 	1761 	1637
f 1762 	1759 	1637
f 1767 	1762 	1637
f 1761 	1890 	1637
f 8 	9 	1793
f 1637 	1638 	1767
f 1791 	1786 	1792
f 1793 	1792 	1785
f 1783 	1795 	1784
f 1795 	1796 	23
f 1794 	1795 	8
f 1639 	1636 	1890
f 1639 	1890 	1640
f 1640 	1890 	1641
f 1793 	1784 	1794
f 1795 	1794 	1784
f 1782 	1796 	1783
f 1781 	1797 	1782
f 20 	21 	4
f 1642 	1890 	1643
f 1644 	1890 	1642
f 1728 	588 	1559
f 587 	1559 	588
f 1795 	1783 	1796
f 1797 	1796 	1782
f 1779 	1798 	1781
f 1778 	1799 	1779
f 1641 	1890 	1644
f 1796 	1797 	23
f 24 	20 	4
f 95 	24 	1867
f 1643 	1890 	1645
f 1646 	1645 	1890
f 1797 	1781 	1798
f 1799 	1798 	1779
f 1776 	1801 	1778
f 1775 	1801 	1776
f 1788 	4 	1775
f 1648 	1647 	1890
f 1867 	1868 	95
f 1869 	1870 	94
f 1647 	1646 	1890
f 1799 	1778 	1801
f 4 	1801 	1775
f 1866 	1800 	1788
f 4 	1788 	1800
f 1780 	1649 	1648
f 1670 	1088 	1804
f 1805 	1807 	1802
f 1804 	1803 	1802
f 1628 	1649 	1780
f 1806 	1670 	1804
f 1807 	1669 	1806
f 1777 	1890 	1761
f 1804 	1802 	1806
f 1806 	1802 	1807
f 1808 	1810 	1805
f 1612 	1755 	1780
f 1615 	1612 	1780
f 1810 	1668 	1809
f 1809 	1669 	1807
f 1576 	1619 	1572
f 1619 	1811 	1572
f 1573 	1572 	1811
f 1807 	1805 	1809
f 1810 	1809 	1805
f 1812 	1814 	1808
f 1813 	1668 	1810
f 1814 	1667 	1813
f 1810 	1808 	1813
f 1814 	1813 	1808
f 1815 	1817 	1812
f 1816 	1667 	1814
f 1817 	1666 	1816
f 1814 	1812 	1816
f 1817 	1816 	1812
f 1818 	1819 	1815
f 1664 	1719 	1661
f 1820 	1666 	1817
f 1817 	1815 	1820
f 1819 	1820 	1815
f 1716 	1819 	1818
f 1716 	1818 	1715
f 114 	1823 	111
f 1092 	1093 	1823
f 1090 	1092 	1823
f 1821 	111 	1822
f 1822 	111 	1823
f 121 	1824 	114
f 1803 	1804 	1088
f 1670 	1806 	1669
f 1819 	1665 	1820
f 1824 	1089 	1825
f 1825 	1090 	1823
f 1825 	114 	1824
f 1823 	114 	1825
f 1803 	1824 	121
f 1803 	121 	1802
f 1832 	1833 	1098
f 1103 	1165 	1826
f 1827 	1826 	205
f 208 	1829 	205
f 1097 	1098 	1833
f 1833 	1834 	1097
f 1827 	205 	1828
f 1829 	1828 	205
f 221 	1830 	208
f 1834 	1836 	1097
f 1829 	208 	1830
f 226 	1832 	221
f 1836 	1835 	1096
f 1096 	1097 	1836
f 1830 	221 	1831
f 1832 	1831 	221
f 230 	1834 	226
f 1095 	1096 	1835
f 1835 	1821 	1095
f 1832 	226 	1833
f 1834 	1833 	226
f 236 	1835 	230
f 1822 	1823 	1093
f 1821 	1822 	1095
f 1093 	1095 	1822
f 1834 	230 	1836
f 1835 	1836 	230
f 1835 	236 	1821
f 111 	1821 	236
f 1018 	1019 	1837
f 1018 	1837 	1838
f 1838 	1839 	1018
f 1839 	1840 	1018
f 1020 	1018 	1840
f 1840 	1841 	1020
f 1841 	1842 	1020
f 1500 	1020 	1842
f 1839 	1845 	1840
f 1840 	1844 	1841
f 1843 	1841 	1844
f 1844 	1840 	1845
f 1838 	1846 	1839
f 1837 	1847 	1838
f 1847 	1113 	1846
f 1845 	1114 	1844
f 1846 	1113 	1845
f 1845 	1839 	1846
f 1847 	1846 	1838
f 1019 	1848 	1837
f 1062 	1849 	1019
f 1848 	1112 	1847
f 836 	835 	1634
f 1847 	1837 	1848
f 1849 	1848 	1019
f 1145 	1851 	1062
f 1850 	1107 	1849
f 1849 	1062 	1850
f 1851 	1850 	1062
f 1151 	1853 	1145
f 1851 	1107 	1850
f 1853 	1106 	1852
f 1852 	1106 	1851
f 1851 	1145 	1852
f 1853 	1852 	1145
f 1165 	1103 	1151
f 1831 	1832 	1098
f 1854 	1105 	1853
f 1098 	1099 	1831
f 1853 	1151 	1854
f 1103 	1854 	1151
f 205 	1826 	1165
f 1502 	1856 	1338
f 1855 	1338 	1856
f 856 	855 	1641
f 1338 	1857 	1339
f 1855 	1857 	1338
f 1858 	1339 	1857
f 1339 	1858 	1340
f 1860 	1340 	1858
f 1859 	1341 	1340
f 1859 	1340 	1860
f 1861 	1342 	1341
f 1859 	1862 	1341
f 1861 	1341 	1862
f 1343 	1342 	1864
f 1863 	1864 	1342
f 1863 	1342 	1861
f 1864 	1865 	1343
f 1865 	1866 	1343
f 1788 	1597 	1866
f 1343 	1866 	1597
f 1865 	1867 	1866
f 1871 	1872 	101
f 1867 	1800 	1866
f 1864 	1868 	1865
f 1863 	1869 	1864
f 1559 	897 	898
f 1867 	1865 	1868
f 1869 	1868 	1864
f 1861 	1870 	1863
f 1862 	1871 	1861
f 100 	101 	1872
f 1872 	1873 	100
f 1869 	1863 	1870
f 1859 	1871 	1862
f 1860 	1872 	1859
f 1873 	1874 	100
f 1874 	1877 	99
f 1870 	1861 	1871
f 1872 	1871 	1859
f 1858 	1874 	1860
f 98 	99 	1875
f 1877 	1875 	99
f 1872 	1860 	1873
f 1874 	1873 	1860
f 1857 	1875 	1858
f 1876 	1882 	97
f 1875 	1876 	98
f 97 	98 	1876
f 99 	100 	1874
f 1874 	1858 	1877
f 1875 	1877 	1858
f 1875 	1857 	1855
f 1856 	1876 	1855
f 1842 	1878 	1500
f 1878 	1879 	1500
f 1501 	1500 	1879
f 1758 	836 	1634
f 1879 	1880 	1501
f 1502 	1501 	1880
f 1880 	1881 	1502
f 1502 	1881 	1856
f 1881 	1882 	1856
f 1882 	1883 	97
f 1880 	1884 	1881
f 1882 	1876 	1856
f 1875 	1855 	1876
f 96 	97 	1884
f 1883 	1884 	97
f 1882 	1881 	1883
f 1883 	1881 	1884
f 1879 	1885 	1880
f 1844 	1114 	1843
f 1843 	37 	1885
f 1849 	1112 	1848
f 1107 	1112 	1849
f 1885 	38 	1886
f 1886 	96 	1884
f 922 	1395 	1777
f 1761 	922 	1777
f 1886 	1880 	1885
f 1884 	1880 	1886
f 1879 	1878 	1885
f 1878 	1842 	1885
f 1841 	1843 	1842
f 1843 	1885 	1842
f 298 	284 	1892
f 1891 	579 	1892
f 265 	284 	298
f 1891 	1892 	284
f 298 	427 	265
f 570 	806 	577
f 577 	806 	809
f 577 	580 	575
f 575 	570 	577
f 579 	576 	584
f 580 	584 	576
f 576 	575 	580
f 582 	1892 	579
f 584 	582 	579
f 416 	411 	420
f 800 	797 	803
f 801 	800 	807
f 803 	807 	800
f 416 	803 	797
f 807 	811 	801
f 811 	809 	806
f 806 	801 	811
f 339 	356 	402
f 1118 	1119 	356
f 381 	339 	407
f 402 	407 	339
f 401 	381 	414
f 407 	414 	381
f 414 	417 	406
f 406 	401 	414
f 422 	420 	411
f 411 	406 	422
f 417 	422 	406
f 803 	416 	420
f 579 	1891 	558
f 1893 	558 	1891
f 264 	1893 	1891
f 1892 	1653 	298
f 583 	1653 	582
f 1892 	582 	1653
f 1894 	1896 	1086
f 888 	891 	1539
f 283 	2002 	269
f 271 	2004 	272
f 892 	895 	1542
f 1554 	896 	897
f 290 	2009 	291
f 289 	2009 	290
f 898 	899 	1559
f 185 	297 	294
f 1481 	1398 	760
f 1997 	2000 	281
f 1508 	1468 	852
f 278 	1997 	281
f 250 	1732 	1731
f 277 	276 	1991
f 1512 	853 	1511
f 288 	2008 	289
f 240 	1729 	1728
f 1461 	1054 	1059
f 1086 	1981 	1894
f 1981 	1535 	1023
f 1086 	1896 	1085
f 1894 	1023 	1895
f 1060 	1895 	1023
f 1418 	1419 	725
f 725 	927 	1468
f 248 	1731 	1730
f 1412 	1413 	740
f 1419 	724 	725
f 1511 	854 	1896
f 1895 	1897 	1896
f 1895 	1896 	1894
f 927 	852 	1468
f 1511 	1896 	1897
f 1890 	1888 	1887
f 254 	255 	1733
f 1732 	253 	1733
f 255 	1738 	1733
f 1279 	212 	211
f 740 	739 	1412
f 211 	1280 	1279
f 1281 	1280 	213
f 1458 	63 	1459
f 211 	213 	1280
f 641 	642 	1279
f 1407 	737 	736
f 737 	1407 	1408
f 663 	574 	655
f 655 	234 	649
f 644 	223 	642
f 649 	228 	644
f 667 	571 	663
f 681 	125 	672
f 1278 	124 	681
f 1410 	1411 	738
f 672 	119 	668
f 1889 	1927 	1887
f 1777 	1888 	1890
f 1898 	1595 	1568
f 1570 	1811 	1568
f 1573 	1811 	1570
f 1898 	1568 	1811
f 1596 	1595 	1898
f 1483 	76 	1523
f 1649 	1628 	874
f 1523 	80 	1525
f 1420 	724 	1419
f 1525 	84 	1527
f 726 	724 	1421
f 14 	309 	13
f 835 	834 	1633
f 1633 	1634 	835
f 80 	1523 	81
f 861 	857 	1645
f 1643 	1645 	857
f 1645 	1646 	861
f 611 	538 	359
f 869 	861 	1647
f 1426 	1427 	728
f 1404 	1405 	729
f 359 	550 	358
f 483 	2044 	1146
f 1638 	1637 	922
f 1411 	1412 	739
f 855 	1639 	1640
f 741 	740 	1413
f 1146 	2043 	2045
f 597 	504 	549
f 495 	496 	550
f 487 	488 	2050
f 596 	597 	549
f 549 	534 	596
f 534 	535 	596
f 727 	1423 	1425
f 728 	727 	1425
f 325 	603 	905
f 604 	606 	904
f 904 	905 	604
f 2043 	1146 	2042
f 609 	817 	608
f 1900 	1899 	1901
f 1901 	1903 	1900
f 1904 	1900 	1903
f 1905 	1902 	1904
f 1900 	1904 	1902
f 1908 	1906 	1905
f 1902 	1905 	1906
f 1909 	1907 	1910
f 1908 	1910 	1907
f 1907 	1906 	1908
f 1914 	1911 	1912
f 1910 	1912 	1909
f 1914 	1915 	1911
f 1909 	1912 	1911
f 1917 	1918 	1913
f 1915 	1917 	1913
f 1913 	1911 	1915
f 737 	1408 	1409
f 610 	1916 	1918
f 1916 	1913 	1918
f 342 	1916 	610
f 2053 	490 	2052
f 1922 	1920 	1923
f 1921 	1923 	1920
f 1920 	1919 	1921
f 103 	1924 	1925
f 1923 	1925 	1922
f 103 	70 	1924
f 1922 	1925 	1924
f 242 	327 	1926
f 70 	242 	1926
f 1926 	1924 	70
f 1640 	1641 	855
f 327 	315 	141
f 141 	1926 	327
f 1901 	142 	315
f 1899 	142 	1901
f 142 	141 	315
f 342 	610 	344
f 505 	350 	612
f 505 	456 	350
f 344 	612 	350
f 1641 	1644 	856
f 1420 	1421 	724
f 598 	602 	354
f 456 	598 	354
f 354 	350 	456
f 602 	607 	361
f 361 	354 	602
f 522 	361 	607
f 1647 	1648 	869
f 607 	605 	522
f 1421 	1424 	726
f 612 	344 	610
f 605 	823 	599
f 599 	522 	605
f 1425 	1426 	728
f 661 	723 	787
f 823 	787 	723
f 723 	599 	823
f 1430 	1417 	762
f 787 	1430 	762
f 762 	661 	787
f 1604 	764 	1417
f 764 	762 	1417
f 1417 	1610 	1604
f 1605 	1604 	1610
f 1610 	1615 	1605
f 1548 	1607 	1648
f 1780 	1648 	1607
f 1615 	1780 	1607
f 1607 	1605 	1615
f 1410 	738 	1409
f 1890 	1611 	1648
f 1548 	1648 	1611
f 1409 	738 	737
f 1890 	1927 	1611
f 1619 	1611 	1927
f 1811 	1619 	1928
f 1927 	1928 	1619
f 739 	738 	1411
f 1928 	1929 	1811
f 1898 	1811 	1929
f 1933 	1930 	1931
f 1930 	122 	1931
f 200 	1931 	122
f 1391 	758 	1390
f 1934 	1932 	1935
f 1933 	1935 	1932
f 1932 	1930 	1933
f 1397 	1394 	828
f 1935 	1937 	1934
f 1937 	1939 	1936
f 1936 	1934 	1937
f 106 	68 	1938
f 1938 	1936 	106
f 1939 	106 	1936
f 68 	40 	1940
f 40 	1921 	1940
f 1919 	1940 	1921
f 1940 	1938 	68
f 1380 	826 	1379
f 204 	200 	115
f 127 	204 	115
f 115 	112 	127
f 1381 	826 	1380
f 122 	115 	200
f 210 	206 	225
f 1164 	1198 	206
f 1381 	1382 	826
f 222 	210 	229
f 225 	229 	210
f 1375 	826 	1383
f 229 	235 	222
f 227 	222 	324
f 235 	324 	222
f 246 	934 	231
f 231 	227 	246
f 324 	246 	227
f 881 	231 	934
f 127 	237 	881
f 112 	237 	127
f 237 	231 	881
f 874 	869 	1649
f 1022 	1021 	1060
f 1509 	1895 	1021
f 1377 	1346 	755
f 963 	1022 	1079
f 1141 	1079 	1022
f 1060 	1141 	1022
f 1079 	1149 	1040
f 1061 	1040 	1149
f 1040 	963 	1079
f 1156 	1194 	1061
f 1149 	1156 	1061
f 1144 	1061 	1194
f 1150 	1144 	1212
f 1194 	1212 	1144
f 225 	206 	1198
f 1198 	1164 	1201
f 1212 	1201 	1150
f 1150 	1201 	1164
f 1767 	922 	1762
f 1638 	922 	1767
f 1254 	1344 	1373
f 1385 	1373 	1344
f 1898 	1929 	1344
f 1385 	1344 	1929
f 1348 	1345 	1388
f 1373 	1388 	1345
f 1345 	1254 	1373
f 1759 	1762 	922
f 1388 	1392 	1348
f 1386 	1348 	1400
f 1392 	1400 	1348
f 1888 	1777 	1395
f 1389 	1386 	1488
f 1400 	1488 	1386
f 1887 	1888 	1395
f 1927 	1942 	1941
f 1889 	1942 	1927
f 1890 	1887 	1927
f 1344 	1332 	1898
f 1929 	828 	1347
f 1942 	1396 	1941
f 279 	281 	2000
f 1928 	1943 	828
f 1928 	828 	1929
f 1941 	1943 	1928
f 1941 	1928 	1927
f 1802 	121 	1930
f 1805 	1802 	1930
f 1805 	1930 	1932
f 1955 	1980 	1954
f 272 	2004 	284
f 1956 	367 	1958
f 366 	1980 	1958
f 1946 	1933 	1947
f 1945 	1933 	1946
f 1947 	1933 	1948
f 1949 	1948 	1933
f 1931 	1950 	1933
f 1950 	1949 	1933
f 1952 	200 	1951
f 1931 	200 	1952
f 1955 	1954 	200
f 1951 	200 	1953
f 1953 	200 	1954
f 1957 	1956 	200
f 1958 	200 	1956
f 1957 	200 	1959
f 1955 	200 	1958
f 1960 	198 	1961
f 198 	1959 	200
f 1959 	198 	1960
f 1965 	1961 	198
f 1966 	1963 	1965
f 1967 	1963 	1966
f 1962 	1965 	1963
f 1964 	1963 	1967
f 1961 	1965 	1962
f 1808 	1805 	1932
f 1808 	1932 	1934
f 396 	393 	1976
f 1970 	1976 	393
f 282 	2001 	283
f 1944 	345 	1976
f 1945 	345 	1944
f 270 	269 	2002
f 1946 	349 	1945
f 828 	1943 	1397
f 1394 	754 	828
f 757 	758 	1391
f 1399 	1390 	759
f 1481 	760 	1472
f 1957 	367 	1956
f 1963 	1964 	192
f 1170 	192 	202
f 192 	1966 	1965
f 1967 	1966 	192
f 1967 	192 	1964
f 1972 	1935 	1971
f 1933 	1971 	1935
f 760 	761 	1474
f 1933 	1970 	1971
f 1970 	1968 	1971
f 1973 	1971 	1968
f 1974 	1973 	1968
f 1975 	1974 	1968
f 1975 	1968 	1969
f 761 	936 	1474
f 1893 	264 	1979
f 1285 	1393 	1406
f 1505 	1285 	1406
f 1505 	1406 	1513
f 1393 	1389 	1469
f 1469 	1406 	1393
f 1488 	1469 	1389
f 1507 	1505 	1513
f 345 	343 	1976
f 1897 	1895 	1507
f 1513 	1897 	1507
f 1060 	1021 	1895
f 1509 	1507 	1895
f 1687 	139 	1899
f 1945 	1944 	1933
f 1690 	1687 	1899
f 1690 	1899 	1900
f 1944 	1976 	1933
f 1901 	315 	312
f 1901 	312 	1977
f 1970 	1933 	1976
f 1690 	1900 	1902
f 1690 	1902 	1693
f 556 	557 	312
f 1812 	1808 	1934
f 1812 	1934 	1936
f 1901 	1979 	1978
f 1901 	1977 	1979
f 293 	2012 	294
f 2014 	185 	2013
f 1085 	1896 	854
f 2007 	287 	2006
f 1442 	46 	1444
f 2013 	294 	2012
f 2000 	280 	279
f 277 	1996 	278
f 1955 	1958 	1980
f 1981 	1086 	153
f 153 	1535 	1981
f 171 	123 	154
f 89 	1132 	154
f 1525 	80 	85
f 1953 	1954 	1980
f 45 	1428 	33
f 372 	1959 	1960
f 1961 	374 	1960
f 33 	1428 	196
f 1972 	378 	1985
f 1971 	1973 	379
f 1973 	1974 	379
f 1965 	198 	192
f 185 	1979 	264
f 1983 	1937 	1982
f 266 	1171 	1991
f 1172 	1991 	1171
f 1174 	730 	2029
f 18 	309 	14
f 69 	1459 	63
f 1359 	1025 	1024
f 1459 	68 	1460
f 965 	1360 	966
f 1183 	1182 	2061
f 2002 	283 	2001
f 284 	1904 	285
f 1370 	1371 	969
f 969 	973 	1370
f 1372 	974 	970
f 292 	185 	267
f 1991 	268 	180
f 276 	275 	1991
f 268 	1991 	273
f 275 	274 	1991
f 273 	1991 	274
f 295 	185 	292
f 183 	267 	185
f 1184 	1183 	2061
f 2064 	817 	609
f 1359 	1356 	1025
f 297 	185 	296
f 185 	295 	296
f 180 	181 	1991
f 964 	1026 	1360
f 1984 	1982 	1935
f 1984 	1935 	1985
f 1971 	378 	1972
f 1935 	1972 	1985
f 966 	1361 	1362
f 1815 	1812 	1936
f 1815 	1936 	1938
f 1947 	349 	1946
f 868 	550 	818
f 544 	818 	550
f 1372 	1373 	974
f 839 	442 	840
f 356 	1950 	1931
f 1951 	363 	1952
f 364 	1951 	1953
f 1990 	873 	872
f 873 	1990 	875
f 366 	1958 	367
f 1904 	284 	2004
f 1460 	71 	1483
f 81 	1523 	76
f 965 	964 	1360
f 88 	1527 	84
f 2004 	271 	2003
f 1036 	1368 	1369
f 1527 	13 	309
f 1428 	45 	43
f 291 	2011 	293
f 1024 	981 	1354
f 435 	442 	876
f 1364 	1033 	1031
f 851 	826 	1031
f 1364 	1366 	1033
f 1366 	1367 	1033
f 1358 	1026 	1025
f 1358 	1360 	1026
f 1362 	847 	958
f 1362 	958 	966
f 1974 	1975 	379
f 1969 	379 	1975
f 1444 	52 	1452
f 65 	64 	1458
f 2009 	289 	2008
f 1939 	1937 	1986
f 973 	1038 	1370
f 1452 	56 	1458
f 60 	1458 	56
f 1935 	1982 	1937
f 1937 	1983 	1987
f 1818 	1815 	1938
f 1818 	1938 	1940
f 1987 	1983 	400
f 1984 	378 	1982
f 1459 	69 	68
f 1988 	108 	1939
f 106 	1939 	108
f 1987 	1986 	1937
f 1939 	1986 	1988
f 1715 	1818 	1940
f 1353 	1354 	981
f 981 	979 	1353
f 1369 	1038 	1036
f 1369 	1370 	1038
f 1997 	278 	1996
f 1031 	826 	1363
f 48 	47 	1442
f 1350 	1351 	977
f 72 	71 	1460
f 1525 	85 	84
f 463 	386 	844
f 386 	384 	844
f 13 	1527 	88
f 280 	1999 	282
f 270 	2003 	271
f 277 	1991 	1996
f 77 	1483 	71
f 1460 	68 	72
f 76 	1483 	77
f 309 	18 	19
f 405 	410 	1988
f 287 	2007 	288
f 844 	451 	463
f 30 	196 	28
f 549 	870 	548
f 26 	196 	1989
f 25 	196 	26
f 28 	196 	25
f 872 	871 	1990
f 33 	196 	30
f 410 	309 	1988
f 309 	19 	36
f 1921 	40 	1989
f 1989 	40 	26
f 305 	309 	193
f 410 	193 	309
f 39 	108 	309
f 46 	1442 	47
f 2003 	270 	2002
f 53 	1444 	46
f 53 	52 	1444
f 56 	1452 	52
f 65 	1458 	60
f 63 	1458 	64
f 400 	1982 	378
f 1035 	1034 	1367
f 1035 	1367 	1368
f 1373 	1374 	157
f 979 	1351 	1353
f 199 	202 	192
f 1358 	1025 	1356
f 1024 	1354 	1359
f 1361 	966 	1360
f 1031 	1363 	1364
f 1365 	1363 	826
f 1034 	1033 	1367
f 1036 	1035 	1368
f 378 	1971 	379
f 383 	379 	1969
f 970 	969 	1371
f 970 	1371 	1372
f 157 	974 	1373
f 977 	157 	1374
f 1374 	1350 	977
f 376 	377 	192
f 388 	385 	1969
f 383 	1969 	385
f 388 	1969 	389
f 389 	1969 	392
f 376 	192 	375
f 369 	368 	192
f 368 	373 	192
f 373 	375 	192
f 369 	192 	336
f 192 	337 	336
f 192 	1170 	337
f 2006 	285 	2005
f 390 	391 	862
f 395 	865 	864
f 2008 	288 	2007
f 382 	390 	859
f 1995 	1996 	1991
f 1999 	280 	1998
f 2001 	282 	1999
f 285 	2006 	287
f 291 	2009 	2010
f 2011 	291 	2010
f 2028 	2029 	730
f 863 	397 	866
f 1173 	2027 	1172
f 1993 	1172 	2023
f 1977 	557 	1979
f 558 	1893 	1979
f 312 	557 	1977
f 1993 	1992 	1172
f 1992 	1994 	1172
f 557 	558 	1979
f 1991 	1172 	1994
f 2022 	1978 	185
f 2017 	2016 	185
f 2016 	2022 	185
f 2019 	1991 	1994
f 2019 	2020 	1991
f 1995 	1991 	2021
f 1905 	1992 	1993
f 1905 	1993 	1908
f 1905 	1994 	1992
f 2012 	293 	2011
f 185 	2014 	2015
f 412 	550 	409
f 2000 	1998 	280
f 2015 	2018 	185
f 2017 	185 	2018
f 2021 	1991 	2020
f 1978 	1979 	185
f 2017 	2014 	2016
f 1994 	1905 	2019
f 1997 	1996 	1905
f 2019 	1905 	1996
f 2021 	2020 	1996
f 1995 	2021 	1996
f 2020 	2019 	1996
f 1998 	1905 	1999
f 2000 	1905 	1998
f 2003 	2002 	1905
f 1997 	1905 	2000
f 1999 	1905 	2001
f 2001 	1905 	2002
f 2003 	1905 	2004
f 1904 	2004 	1905
f 1903 	2005 	1904
f 2005 	1903 	2006
f 2016 	2014 	1903
f 2006 	1903 	2007
f 2008 	1903 	2009
f 2007 	1903 	2008
f 2010 	1903 	2011
f 2009 	1903 	2010
f 2012 	1903 	2013
f 2011 	1903 	2012
f 2013 	1903 	2014
f 2017 	2018 	2014
f 2015 	2014 	2018
f 2016 	1903 	2022
f 1903 	1901 	1978
f 1903 	1978 	2022
f 1902 	1906 	1697
f 1902 	1697 	1693
f 1697 	1906 	1907
f 1697 	1907 	1699
f 1993 	2023 	1908
f 1699 	1907 	1909
f 1699 	1909 	1702
f 1908 	2025 	2024
f 1908 	2024 	1910
f 2023 	2025 	1908
f 395 	404 	865
f 1702 	1909 	1911
f 1702 	1911 	1705
f 2025 	1172 	2024
f 1910 	2027 	2026
f 1910 	2026 	1912
f 2023 	1172 	2025
f 867 	404 	868
f 2024 	2027 	1910
f 1705 	1911 	1913
f 1705 	1913 	1708
f 2024 	1172 	2027
f 2027 	1173 	2026
f 1912 	2029 	2028
f 2056 	1914 	2028
f 2026 	2029 	1912
f 1708 	1913 	1916
f 1708 	1916 	1711
f 2034 	2035 	473
f 839 	876 	442
f 473 	2036 	2037
f 2035 	2036 	473
f 2038 	477 	2037
f 2026 	1173 	2029
f 1173 	1174 	2029
f 2056 	730 	2055
f 2057 	2055 	730
f 2063 	573 	2062
f 2031 	1917 	2032
f 2033 	2032 	1917
f 1915 	2033 	1917
f 1914 	2035 	2034
f 1914 	2034 	1915
f 451 	843 	456
f 2056 	2055 	1914
f 1914 	2037 	2036
f 2035 	1914 	2036
f 2055 	2057 	1914
f 2038 	1914 	2039
f 2037 	1914 	2038
f 2040 	1914 	2041
f 2047 	1914 	2057
f 2039 	1914 	2040
f 2042 	1914 	2043
f 2044 	1914 	2042
f 2058 	2047 	2057
f 2041 	1914 	2044
f 2045 	1914 	2046
f 2043 	1914 	2045
f 2046 	1914 	2047
f 2059 	2048 	2058
f 2047 	2058 	2048
f 2049 	2048 	2059
f 2060 	1917 	2061
f 1917 	2050 	2061
f 2062 	2061 	2050
f 2051 	2063 	2050
f 2063 	2062 	2050
f 2031 	2030 	1917
f 2050 	1917 	2052
f 2053 	1917 	2054
f 2052 	1917 	2053
f 382 	859 	858
f 2054 	1917 	2030
f 1912 	2028 	1914
f 347 	1711 	342
f 342 	1711 	1916
f 2044 	483 	2041
f 469 	871 	468
f 474 	1915 	2034
f 469 	1990 	871
f 480 	2040 	2041
f 2048 	2049 	730
f 455 	456 	843
f 2059 	730 	2049
f 1918 	2064 	609
f 1918 	609 	610
f 432 	875 	1990
f 432 	435 	875
f 876 	875 	435
f 439 	820 	819
f 494 	2032 	2033
f 841 	820 	450
f 439 	450 	820
f 450 	452 	841
f 455 	843 	842
f 842 	452 	455
f 2031 	492 	2030
f 451 	456 	463
f 2042 	1146 	2044
f 480 	2041 	483
f 2047 	485 	2046
f 2050 	488 	2051
f 2052 	489 	2050
f 2056 	2028 	730
f 868 	409 	550
f 2059 	2058 	730
f 2057 	730 	2058
f 2061 	2062 	573
f 573 	1184 	2061
f 573 	2063 	2051
f 1917 	2065 	1918
f 1918 	2065 	2064
f 2060 	2065 	1917
f 1715 	1940 	1919
f 1718 	1715 	1919
f 1718 	1919 	1920
f 862 	859 	390
f 1989 	195 	2066
f 1921 	1989 	2066
f 1720 	1718 	1920
f 1720 	1920 	1922
f 863 	862 	391
f 195 	748 	901
f 901 	2067 	1921
f 1923 	1921 	2067
f 2066 	901 	1921
f 1723 	1720 	1922
f 1723 	1922 	1924
f 2069 	2068 	1923
f 1925 	1923 	2068
f 1923 	2067 	2069
f 1725 	1723 	1924
f 1725 	1924 	1926
f 397 	394 	864
f 2068 	2069 	752
f 103 	1925 	2070
f 103 	2070 	129
f 2067 	751 	2069
f 1925 	2068 	2070
f 391 	397 	863
f 864 	866 	397
f 140 	1725 	1926
f 140 	1926 	141
f 55 	300 	57
f 867 	865 	404
f 409 	868 	404
f 61 	62 	419
f 870 	468 	871
f 83 	82 	470
f 87 	506 	82
f 51 	527 	50
f 57 	527 	51
f 753 	586 	2070
f 102 	49 	527
f 50 	527 	49
f 752 	753 	2070
f 2070 	2068 	752
# 4140 faces

 #end of obj_0

